review / pass2	UNKNOWN STEP	﻿2026-08-15T07:03:35.6277865Z Current runner version: '2.336.0'
review / pass2	UNKNOWN STEP	2026-08-15T07:03:35.6281187Z Runner name: 'blacksmith-scale3-01m023q2mxmdxe1w1cqff7wekt-2vcpu'
review / pass2	UNKNOWN STEP	2026-08-15T07:03:35.6281810Z Runner group name: 'blacksmith runners 01kwjf99pkapfc7yagwd0c1r2e'
review / pass2	UNKNOWN STEP	2026-08-15T07:03:35.6282533Z Machine name: 'ip-172-31-64-123'
review / pass2	UNKNOWN STEP	2026-08-15T07:03:35.6284000Z ##[group]GITHUB_TOKEN Permissions
review / pass2	UNKNOWN STEP	2026-08-15T07:03:35.6285168Z Contents: read
review / pass2	UNKNOWN STEP	2026-08-15T07:03:35.6285568Z Metadata: read
review / pass2	UNKNOWN STEP	2026-08-15T07:03:35.6285946Z PullRequests: write
review / pass2	UNKNOWN STEP	2026-08-15T07:03:35.6286353Z ##[endgroup]
review / pass2	UNKNOWN STEP	2026-08-15T07:03:35.6287459Z Secret source: Actions
review / pass2	UNKNOWN STEP	2026-08-15T07:03:35.6288133Z Prepare workflow directory
review / pass2	UNKNOWN STEP	2026-08-15T07:03:35.6533287Z Prepare all required actions
review / pass2	UNKNOWN STEP	2026-08-15T07:03:35.6557893Z Getting action download info
review / pass2	UNKNOWN STEP	2026-08-15T07:03:35.9572099Z Download action repository 'actions/checkout@11d5960a326750d5838078e36cf38b85af677262' (SHA:11d5960a326750d5838078e36cf38b85af677262)
review / pass2	UNKNOWN STEP	2026-08-15T07:03:36.4609240Z Download action repository 'actions/checkout@3d3c42e5aac5ba805825da76410c181273ba90b1' (SHA:3d3c42e5aac5ba805825da76410c181273ba90b1)
review / pass2	UNKNOWN STEP	2026-08-15T07:03:36.9066290Z Download action repository 'marocchino/sticky-pull-request-comment@773744901bac0e8cbb5a0dc842800d45e9b2b405' (SHA:773744901bac0e8cbb5a0dc842800d45e9b2b405)
review / pass2	UNKNOWN STEP	2026-08-15T07:03:37.4347189Z Download action repository 'actions/setup-python@a26af69be951a213d495a4c3e4e4022e16d87065' (SHA:a26af69be951a213d495a4c3e4e4022e16d87065)
review / pass2	UNKNOWN STEP	2026-08-15T07:03:37.4766822Z Download action repository 'astral-sh/setup-uv@38f3f104447c67c051c4a08e39b64a148898af3a' (SHA:38f3f104447c67c051c4a08e39b64a148898af3a)
review / pass2	UNKNOWN STEP	2026-08-15T07:03:38.1304421Z Download action repository 'actions/upload-artifact@ea165f8d65b6e75b540449e92b4886f43607fa02' (SHA:ea165f8d65b6e75b540449e92b4886f43607fa02)
review / pass2	UNKNOWN STEP	2026-08-15T07:03:38.2360992Z Setting BLACKSMITH_ACTIONS_RESULTS_URL to https://results-receiver.actions.githubusercontent.com/
review / pass2	UNKNOWN STEP	2026-08-15T07:03:38.2382592Z Uses: handshake-project-dynamo/handshake-orchestration-tb2/.github/workflows/dynamo-review.yml@refs/heads/main (623a2dbaae6fffe4e0cfe4e975c4442ae8ea3116)
review / pass2	UNKNOWN STEP	2026-08-15T07:03:38.2384459Z ##[group] Inputs
review / pass2	UNKNOWN STEP	2026-08-15T07:03:38.2384591Z   checks_ref: main
review / pass2	UNKNOWN STEP	2026-08-15T07:03:38.2384700Z ##[endgroup]
review / pass2	UNKNOWN STEP	2026-08-15T07:03:38.2384812Z Complete job name: review / pass2
review / pass2	UNKNOWN STEP	2026-08-15T07:03:38.2742380Z A job started hook has been configured by the self-hosted runner administrator
review / pass2	UNKNOWN STEP	2026-08-15T07:03:38.2808174Z ##[group]Run '/setup.sh'
review / pass2	UNKNOWN STEP	2026-08-15T07:03:38.2822006Z shell: /usr/bin/bash --noprofile --norc -e -o pipefail {0}
review / pass2	UNKNOWN STEP	2026-08-15T07:03:38.2822256Z env:
review / pass2	UNKNOWN STEP	2026-08-15T07:03:38.2822369Z   BLACKSMITH_RUNNER_MESSAGE_WAIT_MS: 847
review / pass2	UNKNOWN STEP	2026-08-15T07:03:38.2822512Z   BLACKSMITH_RUNNER_ACQUIRE_JOB_MS: 1327
review / pass2	UNKNOWN STEP	2026-08-15T07:03:38.2822639Z ##[endgroup]
review / pass2	UNKNOWN STEP	2026-08-15T07:03:38.3045553Z Logging daemon started (blacksmithd for logs)
review / pass2	UNKNOWN STEP	2026-08-15T07:03:38.3137948Z Results daemon started (blacksmithd for results)
review / pass2	UNKNOWN STEP	2026-08-15T07:03:38.3249892Z Background adoption and SSH setup started (PID: 3523)
review / pass2	UNKNOWN STEP	2026-08-15T07:03:38.3252677Z 
review / pass2	UNKNOWN STEP	2026-08-15T07:03:38.3252788Z ----------------------------------------
review / pass2	UNKNOWN STEP	2026-08-15T07:03:38.3294609Z View this job: https://app.blacksmith.sh/handshake-project-dynamo/runs/31870591753/jobs/94979389944
review / pass2	UNKNOWN STEP	2026-08-15T07:03:38.3294974Z SSH Access (using your GitHub SSH key):
review / pass2	UNKNOWN STEP	2026-08-15T07:03:38.3295297Z   ssh -p 64001 runner@blacksmith-scale3-01m023q2mxmdxe1w1cqff7wekt-2vcpu.vm.blacksmith.sh
review / pass2	UNKNOWN STEP	2026-08-15T07:03:38.3295531Z 
review / pass2	UNKNOWN STEP	2026-08-15T07:03:38.3295654Z No GitHub SSH key? Add one at:
review / pass2	UNKNOWN STEP	2026-08-15T07:03:38.3298552Z https://docs.github.com/en/authentication/connecting-to-github-with-ssh/adding-a-new-ssh-key-to-your-github-account
review / pass2	UNKNOWN STEP	2026-08-15T07:03:38.3298837Z 
review / pass2	UNKNOWN STEP	2026-08-15T07:03:38.3298934Z ----------------------------------------
review / pass2	UNKNOWN STEP	2026-08-15T07:03:38.3299271Z 
review / pass2	UNKNOWN STEP	2026-08-15T07:03:38.3299400Z VM ID: blacksmith-scale3-01m023q2mxmdxe1w1cqff7wekt-2vcpu
review / pass2	UNKNOWN STEP	2026-08-15T07:03:38.3299608Z Host: prod-worker-1784681766605
review / pass2	UNKNOWN STEP	2026-08-15T07:03:38.3299807Z Host Agent PID: 258911
review / pass2	UNKNOWN STEP	2026-08-15T07:03:38.3299965Z Agent Process Count: 1
review / pass2	UNKNOWN STEP	2026-08-15T07:03:38.3300121Z Host Agent Git SHA: 1dcca3f2
review / pass2	UNKNOWN STEP	2026-08-15T07:03:38.3300470Z Host CPU Manufacturer: AuthenticAMD
review / pass2	UNKNOWN STEP	2026-08-15T07:03:38.3300646Z Blacksmith Host Generation: gen 2
review / pass2	UNKNOWN STEP	2026-08-15T07:03:38.3300900Z Petname: production-crucial-gecko-03d4fe7f
review / pass2	UNKNOWN STEP	2026-08-15T07:03:38.3301102Z Region: us-west
review / pass2	UNKNOWN STEP	2026-08-15T07:03:38.3301327Z Rootfs Version: ubuntu24-full-x64-012126
review / pass2	UNKNOWN STEP	2026-08-15T07:03:38.3316373Z OS Version: Ubuntu 24.04.3 LTS
review / pass2	UNKNOWN STEP	2026-08-15T07:03:38.3321516Z System Statistics:
review / pass2	UNKNOWN STEP	2026-08-15T07:03:38.3321731Z -----------------
review / pass2	UNKNOWN STEP	2026-08-15T07:03:38.3321887Z VM CPU Count: 3
review / pass2	UNKNOWN STEP	2026-08-15T07:03:38.3321992Z 
review / pass2	UNKNOWN STEP	2026-08-15T07:03:38.3322115Z Jobs by Process ID:
review / pass2	UNKNOWN STEP	2026-08-15T07:03:38.3322264Z -----------------
review / pass2	UNKNOWN STEP	2026-08-15T07:03:38.3322402Z PID 258911: 4 jobs
review / pass2	UNKNOWN STEP	2026-08-15T07:03:38.3322552Z Total: 4 jobs across 1 process
review / pass2	UNKNOWN STEP	2026-08-15T07:03:38.3322671Z 
review / pass2	UNKNOWN STEP	2026-08-15T07:03:38.3322757Z Devices by Process ID:
review / pass2	UNKNOWN STEP	2026-08-15T07:03:38.3322903Z -----------------
review / pass2	UNKNOWN STEP	2026-08-15T07:03:38.3323042Z PID 258911: 4 devices
review / pass2	UNKNOWN STEP	2026-08-15T07:03:38.3323251Z Total: 4 devices across 1 process
review / pass2	UNKNOWN STEP	2026-08-15T07:03:38.3323426Z Enabling Blacksmith transparent cache
review / pass2	UNKNOWN STEP	2026-08-15T07:03:38.3563267Z Node 20 is being deprecated. This workflow is running with Node 24 by default. If you need to temporarily use Node 20, you can set the ACTIONS_ALLOW_USE_UNSECURE_NODE_VERSION=true environment variable. For more information see: https://github.blog/changelog/2025-09-19-deprecation-of-node-20-on-github-actions-runners/
review / pass2	UNKNOWN STEP	2026-08-15T07:03:38.3567654Z ##[group]Run actions/checkout@11d5960a326750d5838078e36cf38b85af677262
review / pass2	UNKNOWN STEP	2026-08-15T07:03:38.3567903Z with:
review / pass2	UNKNOWN STEP	2026-08-15T07:03:38.3568073Z   repository: handshake-project-dynamo/handshake-orchestration-tb2
review / pass2	UNKNOWN STEP	2026-08-15T07:03:38.3568266Z   ref: main
review / pass2	UNKNOWN STEP	2026-08-15T07:03:38.3568603Z   token: ***
review / pass2	UNKNOWN STEP	2026-08-15T07:03:38.3568709Z   ssh-strict: true
review / pass2	UNKNOWN STEP	2026-08-15T07:03:38.3568823Z   ssh-user: git
review / pass2	UNKNOWN STEP	2026-08-15T07:03:38.3568943Z   persist-credentials: true
review / pass2	UNKNOWN STEP	2026-08-15T07:03:38.3569070Z   clean: true
review / pass2	UNKNOWN STEP	2026-08-15T07:03:38.3569190Z   sparse-checkout-cone-mode: true
review / pass2	UNKNOWN STEP	2026-08-15T07:03:38.3569324Z   fetch-depth: 1
review / pass2	UNKNOWN STEP	2026-08-15T07:03:38.3569434Z   fetch-tags: false
review / pass2	UNKNOWN STEP	2026-08-15T07:03:38.3569594Z   show-progress: true
review / pass2	UNKNOWN STEP	2026-08-15T07:03:38.3569706Z   lfs: false
review / pass2	UNKNOWN STEP	2026-08-15T07:03:38.3569810Z   submodules: false
review / pass2	UNKNOWN STEP	2026-08-15T07:03:38.3569922Z   set-safe-directory: true
review / pass2	UNKNOWN STEP	2026-08-15T07:03:38.3570054Z   allow-unsafe-pr-checkout: false
review / pass2	UNKNOWN STEP	2026-08-15T07:03:38.3570206Z env:
review / pass2	UNKNOWN STEP	2026-08-15T07:03:38.3571309Z   GH_TOKEN: ***
review / pass2	UNKNOWN STEP	2026-08-15T07:03:38.3571488Z   REPO: handshake-project-dynamo/dynamo-1573c1a-data-querying-and-databases
review / pass2	UNKNOWN STEP	2026-08-15T07:03:38.3571692Z   PR_NUMBER: 5
review / pass2	UNKNOWN STEP	2026-08-15T07:03:38.3571809Z   BLACKSMITH_RUNNER_MESSAGE_WAIT_MS: 847
review / pass2	UNKNOWN STEP	2026-08-15T07:03:38.3571958Z   BLACKSMITH_RUNNER_ACQUIRE_JOB_MS: 1327
review / pass2	UNKNOWN STEP	2026-08-15T07:03:38.3572175Z   GITHUB_REPO_NAME: handshake-project-dynamo/dynamo-1573c1a-data-querying-and-databases
review / pass2	UNKNOWN STEP	2026-08-15T07:03:38.3572391Z ##[endgroup]
review / pass2	UNKNOWN STEP	2026-08-15T07:03:38.4504483Z Syncing repository: handshake-project-dynamo/handshake-orchestration-tb2
review / pass2	UNKNOWN STEP	2026-08-15T07:03:38.4505242Z ##[group]Getting Git version info
review / pass2	UNKNOWN STEP	2026-08-15T07:03:38.4505586Z Working directory is '/home/runner/_work/dynamo-1573c1a-data-querying-and-databases/dynamo-1573c1a-data-querying-and-databases'
review / pass2	UNKNOWN STEP	2026-08-15T07:03:38.4505991Z [command]/usr/local/bin/git version
review / pass2	UNKNOWN STEP	2026-08-15T07:03:38.4543876Z git version 2.52.0
review / pass2	UNKNOWN STEP	2026-08-15T07:03:38.4554097Z ##[endgroup]
review / pass2	UNKNOWN STEP	2026-08-15T07:03:38.4561344Z Temporarily overriding HOME='/home/runner/_work/_temp/bb5e643c-e51c-42d4-99c4-dbec1bf6e404' before making global git config changes
review / pass2	UNKNOWN STEP	2026-08-15T07:03:38.4561741Z Adding repository directory to the temporary git global config as a safe directory
review / pass2	UNKNOWN STEP	2026-08-15T07:03:38.4565896Z [command]/usr/local/bin/git config --global --add safe.directory /home/runner/_work/dynamo-1573c1a-data-querying-and-databases/dynamo-1573c1a-data-querying-and-databases
review / pass2	UNKNOWN STEP	2026-08-15T07:03:38.4593316Z Deleting the contents of '/home/runner/_work/dynamo-1573c1a-data-querying-and-databases/dynamo-1573c1a-data-querying-and-databases'
review / pass2	UNKNOWN STEP	2026-08-15T07:03:38.4594877Z ##[group]Initializing the repository
review / pass2	UNKNOWN STEP	2026-08-15T07:03:38.4597321Z [command]/usr/local/bin/git init /home/runner/_work/dynamo-1573c1a-data-querying-and-databases/dynamo-1573c1a-data-querying-and-databases
review / pass2	UNKNOWN STEP	2026-08-15T07:03:38.4633583Z hint: Using 'master' as the name for the initial branch. This default branch name
review / pass2	UNKNOWN STEP	2026-08-15T07:03:38.4635350Z hint: will change to "main" in Git 3.0. To configure the initial branch name
review / pass2	UNKNOWN STEP	2026-08-15T07:03:38.4643361Z hint: to use in all of your new repositories, which will suppress this warning,
review / pass2	UNKNOWN STEP	2026-08-15T07:03:38.4643672Z hint: call:
review / pass2	UNKNOWN STEP	2026-08-15T07:03:38.4643822Z hint:
review / pass2	UNKNOWN STEP	2026-08-15T07:03:38.4644030Z hint: 	git config --global init.defaultBranch <name>
review / pass2	UNKNOWN STEP	2026-08-15T07:03:38.4644237Z hint:
review / pass2	UNKNOWN STEP	2026-08-15T07:03:38.4644433Z hint: Names commonly chosen instead of 'master' are 'main', 'trunk' and
review / pass2	UNKNOWN STEP	2026-08-15T07:03:38.4646077Z hint: 'development'. The just-created branch can be renamed via this command:
review / pass2	UNKNOWN STEP	2026-08-15T07:03:38.4646324Z hint:
review / pass2	UNKNOWN STEP	2026-08-15T07:03:38.4646477Z hint: 	git branch -m <name>
review / pass2	UNKNOWN STEP	2026-08-15T07:03:38.4646640Z hint:
review / pass2	UNKNOWN STEP	2026-08-15T07:03:38.4647174Z hint: Disable this message with "git config set advice.defaultBranchName false"
review / pass2	UNKNOWN STEP	2026-08-15T07:03:38.4647850Z Initialized empty Git repository in /home/runner/_work/dynamo-1573c1a-data-querying-and-databases/dynamo-1573c1a-data-querying-and-databases/.git/
review / pass2	UNKNOWN STEP	2026-08-15T07:03:38.4648684Z [command]/usr/local/bin/git remote add origin https://github.com/handshake-project-dynamo/handshake-orchestration-tb2
review / pass2	UNKNOWN STEP	2026-08-15T07:03:38.4663066Z ##[endgroup]
review / pass2	UNKNOWN STEP	2026-08-15T07:03:38.4663291Z ##[group]Disabling automatic garbage collection
review / pass2	UNKNOWN STEP	2026-08-15T07:03:38.4665639Z [command]/usr/local/bin/git config --local gc.auto 0
review / pass2	UNKNOWN STEP	2026-08-15T07:03:38.4683589Z ##[endgroup]
review / pass2	UNKNOWN STEP	2026-08-15T07:03:38.4683790Z ##[group]Setting up auth
review / pass2	UNKNOWN STEP	2026-08-15T07:03:38.4687958Z [command]/usr/local/bin/git config --local --name-only --get-regexp core\.sshCommand
review / pass2	UNKNOWN STEP	2026-08-15T07:03:38.4711023Z [command]/usr/local/bin/git submodule foreach --recursive sh -c "git config --local --name-only --get-regexp 'core\.sshCommand' && git config --local --unset-all 'core.sshCommand' || :"
review / pass2	UNKNOWN STEP	2026-08-15T07:03:38.4828511Z [command]/usr/local/bin/git config --local --name-only --get-regexp http\.https\:\/\/github\.com\/\.extraheader
review / pass2	UNKNOWN STEP	2026-08-15T07:03:38.4845888Z [command]/usr/local/bin/git submodule foreach --recursive sh -c "git config --local --name-only --get-regexp 'http\.https\:\/\/github\.com\/\.extraheader' && git config --local --unset-all 'http.https://github.com/.extraheader' || :"
review / pass2	UNKNOWN STEP	2026-08-15T07:03:38.4936358Z [command]/usr/local/bin/git config --local --name-only --get-regexp ^includeIf\.gitdir:
review / pass2	UNKNOWN STEP	2026-08-15T07:03:38.4953088Z [command]/usr/local/bin/git submodule foreach --recursive git config --local --show-origin --name-only --get-regexp remote.origin.url
review / pass2	UNKNOWN STEP	2026-08-15T07:03:38.5040774Z [command]/usr/local/bin/git config --local http.https://github.com/.extraheader AUTHORIZATION: basic ***
review / pass2	UNKNOWN STEP	2026-08-15T07:03:38.5058902Z ##[endgroup]
review / pass2	UNKNOWN STEP	2026-08-15T07:03:38.5059128Z ##[group]Fetching the repository
review / pass2	UNKNOWN STEP	2026-08-15T07:03:38.5063094Z [command]/usr/local/bin/git -c protocol.version=2 fetch --no-tags --prune --no-recurse-submodules --depth=1 origin +refs/heads/main*:refs/remotes/origin/main* +refs/tags/main*:refs/tags/main*
review / pass2	UNKNOWN STEP	2026-08-15T07:03:39.4803241Z From https://github.com/handshake-project-dynamo/handshake-orchestration-tb2
review / pass2	UNKNOWN STEP	2026-08-15T07:03:39.4806653Z  * [new branch]      main       -> origin/main
review / pass2	UNKNOWN STEP	2026-08-15T07:03:39.4818325Z ##[endgroup]
review / pass2	UNKNOWN STEP	2026-08-15T07:03:39.4823480Z ##[group]Determining the checkout info
review / pass2	UNKNOWN STEP	2026-08-15T07:03:39.4823712Z [command]/usr/local/bin/git branch --list --remote origin/main
review / pass2	UNKNOWN STEP	2026-08-15T07:03:39.4838260Z   origin/main
review / pass2	UNKNOWN STEP	2026-08-15T07:03:39.4843285Z ##[endgroup]
review / pass2	UNKNOWN STEP	2026-08-15T07:03:39.4843463Z [command]/usr/local/bin/git sparse-checkout disable
review / pass2	UNKNOWN STEP	2026-08-15T07:03:39.4863178Z [command]/usr/local/bin/git config --local --unset-all extensions.worktreeConfig
review / pass2	UNKNOWN STEP	2026-08-15T07:03:39.4879171Z ##[group]Checking out the ref
review / pass2	UNKNOWN STEP	2026-08-15T07:03:39.4882234Z [command]/usr/local/bin/git checkout --progress --force -B main refs/remotes/origin/main
review / pass2	UNKNOWN STEP	2026-08-15T07:03:39.4983852Z Switched to a new branch 'main'
review / pass2	UNKNOWN STEP	2026-08-15T07:03:39.4984229Z branch 'main' set up to track 'origin/main'.
review / pass2	UNKNOWN STEP	2026-08-15T07:03:39.4985673Z ##[endgroup]
review / pass2	UNKNOWN STEP	2026-08-15T07:03:39.5005211Z [command]/usr/local/bin/git log -1 --format=%H
review / pass2	UNKNOWN STEP	2026-08-15T07:03:39.5035849Z 623a2dbaae6fffe4e0cfe4e975c4442ae8ea3116
review / pass2	UNKNOWN STEP	2026-08-15T07:03:39.5144785Z ##[group]Run actions/checkout@3d3c42e5aac5ba805825da76410c181273ba90b1
review / pass2	UNKNOWN STEP	2026-08-15T07:03:39.5144975Z with:
review / pass2	UNKNOWN STEP	2026-08-15T07:03:39.5145152Z   ref: 69ad0fb22bec12dce3be6e383c5305a923502f0c
review / pass2	UNKNOWN STEP	2026-08-15T07:03:39.5145302Z   path: submission
review / pass2	UNKNOWN STEP	2026-08-15T07:03:39.5145418Z   persist-credentials: false
review / pass2	UNKNOWN STEP	2026-08-15T07:03:39.5145548Z   allow-unsafe-pr-checkout: true
review / pass2	UNKNOWN STEP	2026-08-15T07:03:39.5145749Z   repository: handshake-project-dynamo/dynamo-1573c1a-data-querying-and-databases
review / pass2	UNKNOWN STEP	2026-08-15T07:03:39.5146976Z   token: ***
review / pass2	UNKNOWN STEP	2026-08-15T07:03:39.5147079Z   ssh-strict: true
review / pass2	UNKNOWN STEP	2026-08-15T07:03:39.5147184Z   ssh-user: git
review / pass2	UNKNOWN STEP	2026-08-15T07:03:39.5147281Z   clean: true
review / pass2	UNKNOWN STEP	2026-08-15T07:03:39.5147392Z   sparse-checkout-cone-mode: true
review / pass2	UNKNOWN STEP	2026-08-15T07:03:39.5147520Z   fetch-depth: 1
review / pass2	UNKNOWN STEP	2026-08-15T07:03:39.5147623Z   fetch-tags: false
review / pass2	UNKNOWN STEP	2026-08-15T07:03:39.5147736Z   show-progress: true
review / pass2	UNKNOWN STEP	2026-08-15T07:03:39.5147848Z   lfs: false
review / pass2	UNKNOWN STEP	2026-08-15T07:03:39.5147954Z   submodules: false
review / pass2	UNKNOWN STEP	2026-08-15T07:03:39.5148117Z   set-safe-directory: true
review / pass2	UNKNOWN STEP	2026-08-15T07:03:39.5148238Z env:
review / pass2	UNKNOWN STEP	2026-08-15T07:03:39.5149268Z   GH_TOKEN: ***
review / pass2	UNKNOWN STEP	2026-08-15T07:03:39.5149435Z   REPO: handshake-project-dynamo/dynamo-1573c1a-data-querying-and-databases
review / pass2	UNKNOWN STEP	2026-08-15T07:03:39.5149636Z   PR_NUMBER: 5
review / pass2	UNKNOWN STEP	2026-08-15T07:03:39.5149758Z   BLACKSMITH_RUNNER_MESSAGE_WAIT_MS: 847
review / pass2	UNKNOWN STEP	2026-08-15T07:03:39.5149904Z   BLACKSMITH_RUNNER_ACQUIRE_JOB_MS: 1327
review / pass2	UNKNOWN STEP	2026-08-15T07:03:39.5150117Z   GITHUB_REPO_NAME: handshake-project-dynamo/dynamo-1573c1a-data-querying-and-databases
review / pass2	UNKNOWN STEP	2026-08-15T07:03:39.5150353Z ##[endgroup]
review / pass2	UNKNOWN STEP	2026-08-15T07:03:39.5667522Z Syncing repository: handshake-project-dynamo/dynamo-1573c1a-data-querying-and-databases
review / pass2	UNKNOWN STEP	2026-08-15T07:03:39.5669903Z ##[group]Getting Git version info
review / pass2	UNKNOWN STEP	2026-08-15T07:03:39.5670259Z Working directory is '/home/runner/_work/dynamo-1573c1a-data-querying-and-databases/dynamo-1573c1a-data-querying-and-databases/submission'
review / pass2	UNKNOWN STEP	2026-08-15T07:03:39.5692594Z [command]/usr/local/bin/git version
review / pass2	UNKNOWN STEP	2026-08-15T07:03:39.5719708Z git version 2.52.0
review / pass2	UNKNOWN STEP	2026-08-15T07:03:39.5727530Z ##[endgroup]
review / pass2	UNKNOWN STEP	2026-08-15T07:03:39.5731850Z Temporarily overriding HOME='/home/runner/_work/_temp/ee5545af-fb86-4036-921f-436f293d1665' before making global git config changes
review / pass2	UNKNOWN STEP	2026-08-15T07:03:39.5732259Z Adding repository directory to the temporary git global config as a safe directory
review / pass2	UNKNOWN STEP	2026-08-15T07:03:39.5735652Z [command]/usr/local/bin/git config --global --add safe.directory /home/runner/_work/dynamo-1573c1a-data-querying-and-databases/dynamo-1573c1a-data-querying-and-databases/submission
review / pass2	UNKNOWN STEP	2026-08-15T07:03:39.5758751Z ##[group]Determining repository object format
review / pass2	UNKNOWN STEP	2026-08-15T07:03:39.5759490Z ##[endgroup]
review / pass2	UNKNOWN STEP	2026-08-15T07:03:39.5759703Z ##[group]Initializing the repository
review / pass2	UNKNOWN STEP	2026-08-15T07:03:39.5766104Z [command]/usr/local/bin/git init /home/runner/_work/dynamo-1573c1a-data-querying-and-databases/dynamo-1573c1a-data-querying-and-databases/submission
review / pass2	UNKNOWN STEP	2026-08-15T07:03:39.5783998Z hint: Using 'master' as the name for the initial branch. This default branch name
review / pass2	UNKNOWN STEP	2026-08-15T07:03:39.5789271Z hint: will change to "main" in Git 3.0. To configure the initial branch name
review / pass2	UNKNOWN STEP	2026-08-15T07:03:39.5792932Z hint: to use in all of your new repositories, which will suppress this warning,
review / pass2	UNKNOWN STEP	2026-08-15T07:03:39.5793180Z hint: call:
review / pass2	UNKNOWN STEP	2026-08-15T07:03:39.5793319Z hint:
review / pass2	UNKNOWN STEP	2026-08-15T07:03:39.5793515Z hint: 	git config --global init.defaultBranch <name>
review / pass2	UNKNOWN STEP	2026-08-15T07:03:39.5793707Z hint:
review / pass2	UNKNOWN STEP	2026-08-15T07:03:39.5793895Z hint: Names commonly chosen instead of 'master' are 'main', 'trunk' and
review / pass2	UNKNOWN STEP	2026-08-15T07:03:39.5794160Z hint: 'development'. The just-created branch can be renamed via this command:
review / pass2	UNKNOWN STEP	2026-08-15T07:03:39.5794394Z hint:
review / pass2	UNKNOWN STEP	2026-08-15T07:03:39.5795662Z hint: 	git branch -m <name>
review / pass2	UNKNOWN STEP	2026-08-15T07:03:39.5795792Z hint:
review / pass2	UNKNOWN STEP	2026-08-15T07:03:39.5796016Z hint: Disable this message with "git config set advice.defaultBranchName false"
review / pass2	UNKNOWN STEP	2026-08-15T07:03:39.5796493Z Initialized empty Git repository in /home/runner/_work/dynamo-1573c1a-data-querying-and-databases/dynamo-1573c1a-data-querying-and-databases/submission/.git/
review / pass2	UNKNOWN STEP	2026-08-15T07:03:39.5797699Z [command]/usr/local/bin/git remote add origin https://github.com/handshake-project-dynamo/dynamo-1573c1a-data-querying-and-databases
review / pass2	UNKNOWN STEP	2026-08-15T07:03:39.5810167Z ##[endgroup]
review / pass2	UNKNOWN STEP	2026-08-15T07:03:39.5810373Z ##[group]Disabling automatic garbage collection
review / pass2	UNKNOWN STEP	2026-08-15T07:03:39.5810619Z [command]/usr/local/bin/git config --local gc.auto 0
review / pass2	UNKNOWN STEP	2026-08-15T07:03:39.5831313Z ##[endgroup]
review / pass2	UNKNOWN STEP	2026-08-15T07:03:39.5831774Z ##[group]Setting up auth
review / pass2	UNKNOWN STEP	2026-08-15T07:03:39.5831948Z Removing SSH command configuration
review / pass2	UNKNOWN STEP	2026-08-15T07:03:39.5834121Z [command]/usr/local/bin/git config --local --name-only --get-regexp core\.sshCommand
review / pass2	UNKNOWN STEP	2026-08-15T07:03:39.5855835Z [command]/usr/local/bin/git submodule foreach --recursive sh -c "git config --local --name-only --get-regexp 'core\.sshCommand' && git config --local --unset-all 'core.sshCommand' || :"
review / pass2	UNKNOWN STEP	2026-08-15T07:03:39.5950904Z Removing HTTP extra header
review / pass2	UNKNOWN STEP	2026-08-15T07:03:39.5953183Z [command]/usr/local/bin/git config --local --name-only --get-regexp http\.https\:\/\/github\.com\/\.extraheader
review / pass2	UNKNOWN STEP	2026-08-15T07:03:39.5971908Z [command]/usr/local/bin/git submodule foreach --recursive sh -c "git config --local --name-only --get-regexp 'http\.https\:\/\/github\.com\/\.extraheader' && git config --local --unset-all 'http.https://github.com/.extraheader' || :"
review / pass2	UNKNOWN STEP	2026-08-15T07:03:39.6093057Z Removing includeIf entries pointing to credentials config files
review / pass2	UNKNOWN STEP	2026-08-15T07:03:39.6093586Z [command]/usr/local/bin/git config --local --name-only --get-regexp ^includeIf\.gitdir:
review / pass2	UNKNOWN STEP	2026-08-15T07:03:39.6107922Z [command]/usr/local/bin/git submodule foreach --recursive git config --local --show-origin --name-only --get-regexp remote.origin.url
review / pass2	UNKNOWN STEP	2026-08-15T07:03:39.6200870Z [command]/usr/local/bin/git config --file /home/runner/_work/_temp/git-credentials-7c81484c-97b7-484a-af37-3335e8277396.config http.https://github.com/.extraheader AUTHORIZATION: basic ***
review / pass2	UNKNOWN STEP	2026-08-15T07:03:39.6221573Z [command]/usr/local/bin/git config --local includeIf.gitdir:/home/runner/_work/dynamo-1573c1a-data-querying-and-databases/dynamo-1573c1a-data-querying-and-databases/submission/.git.path /home/runner/_work/_temp/git-credentials-7c81484c-97b7-484a-af37-3335e8277396.config
review / pass2	UNKNOWN STEP	2026-08-15T07:03:39.6242863Z [command]/usr/local/bin/git config --local includeIf.gitdir:/home/runner/_work/dynamo-1573c1a-data-querying-and-databases/dynamo-1573c1a-data-querying-and-databases/submission/.git/worktrees/*.path /home/runner/_work/_temp/git-credentials-7c81484c-97b7-484a-af37-3335e8277396.config
review / pass2	UNKNOWN STEP	2026-08-15T07:03:39.6261583Z [command]/usr/local/bin/git config --local includeIf.gitdir:/github/workspace/submission/.git.path /github/runner_temp/git-credentials-7c81484c-97b7-484a-af37-3335e8277396.config
review / pass2	UNKNOWN STEP	2026-08-15T07:03:39.6279529Z [command]/usr/local/bin/git config --local includeIf.gitdir:/github/workspace/submission/.git/worktrees/*.path /github/runner_temp/git-credentials-7c81484c-97b7-484a-af37-3335e8277396.config
review / pass2	UNKNOWN STEP	2026-08-15T07:03:39.6296370Z ##[endgroup]
review / pass2	UNKNOWN STEP	2026-08-15T07:03:39.6296584Z ##[group]Fetching the repository
review / pass2	UNKNOWN STEP	2026-08-15T07:03:39.6299889Z [command]/usr/local/bin/git -c protocol.version=2 fetch --no-tags --prune --no-recurse-submodules --depth=1 origin 69ad0fb22bec12dce3be6e383c5305a923502f0c
review / pass2	UNKNOWN STEP	2026-08-15T07:03:40.4695841Z From https://github.com/handshake-project-dynamo/dynamo-1573c1a-data-querying-and-databases
review / pass2	UNKNOWN STEP	2026-08-15T07:03:40.4696360Z  * branch            69ad0fb22bec12dce3be6e383c5305a923502f0c -> FETCH_HEAD
review / pass2	UNKNOWN STEP	2026-08-15T07:03:40.4708017Z [command]/usr/local/bin/git rev-parse --verify --quiet 69ad0fb22bec12dce3be6e383c5305a923502f0c^{object}
review / pass2	UNKNOWN STEP	2026-08-15T07:03:40.4725123Z 69ad0fb22bec12dce3be6e383c5305a923502f0c
review / pass2	UNKNOWN STEP	2026-08-15T07:03:40.4730940Z ##[endgroup]
review / pass2	UNKNOWN STEP	2026-08-15T07:03:40.4731192Z ##[group]Determining the checkout info
review / pass2	UNKNOWN STEP	2026-08-15T07:03:40.4731432Z ##[endgroup]
review / pass2	UNKNOWN STEP	2026-08-15T07:03:40.4731620Z [command]/usr/local/bin/git sparse-checkout disable
review / pass2	UNKNOWN STEP	2026-08-15T07:03:40.4756253Z [command]/usr/local/bin/git config --local --unset-all extensions.worktreeConfig
review / pass2	UNKNOWN STEP	2026-08-15T07:03:40.4773874Z ##[group]Checking out the ref
review / pass2	UNKNOWN STEP	2026-08-15T07:03:40.4776456Z [command]/usr/local/bin/git checkout --progress --force 69ad0fb22bec12dce3be6e383c5305a923502f0c
review / pass2	UNKNOWN STEP	2026-08-15T07:03:40.4892582Z Note: switching to '69ad0fb22bec12dce3be6e383c5305a923502f0c'.
review / pass2	UNKNOWN STEP	2026-08-15T07:03:40.4892788Z 
review / pass2	UNKNOWN STEP	2026-08-15T07:03:40.4892924Z You are in 'detached HEAD' state. You can look around, make experimental
review / pass2	UNKNOWN STEP	2026-08-15T07:03:40.4893182Z changes and commit them, and you can discard any commits you make in this
review / pass2	UNKNOWN STEP	2026-08-15T07:03:40.4893441Z state without impacting any branches by switching back to a branch.
review / pass2	UNKNOWN STEP	2026-08-15T07:03:40.4893585Z 
review / pass2	UNKNOWN STEP	2026-08-15T07:03:40.4893682Z If you want to create a new branch to retain commits you create, you may
review / pass2	UNKNOWN STEP	2026-08-15T07:03:40.4893907Z do so (now or later) by using -c with the switch command. Example:
review / pass2	UNKNOWN STEP	2026-08-15T07:03:40.4894074Z 
review / pass2	UNKNOWN STEP	2026-08-15T07:03:40.4894185Z   git switch -c <new-branch-name>
review / pass2	UNKNOWN STEP	2026-08-15T07:03:40.4894437Z 
review / pass2	UNKNOWN STEP	2026-08-15T07:03:40.4894531Z Or undo this operation with:
review / pass2	UNKNOWN STEP	2026-08-15T07:03:40.4894624Z 
review / pass2	UNKNOWN STEP	2026-08-15T07:03:40.4894716Z   git switch -
review / pass2	UNKNOWN STEP	2026-08-15T07:03:40.4894783Z 
review / pass2	UNKNOWN STEP	2026-08-15T07:03:40.4894894Z Turn off this advice by setting config variable advice.detachedHead to false
review / pass2	UNKNOWN STEP	2026-08-15T07:03:40.4895048Z 
review / pass2	UNKNOWN STEP	2026-08-15T07:03:40.4895180Z HEAD is now at 69ad0fb fix(difficulty): add shared substitute and sub_created blindspot traps
review / pass2	UNKNOWN STEP	2026-08-15T07:03:40.4895753Z ##[endgroup]
review / pass2	UNKNOWN STEP	2026-08-15T07:03:40.4914623Z [command]/usr/local/bin/git log -1 --format=%H
review / pass2	UNKNOWN STEP	2026-08-15T07:03:40.4932803Z 69ad0fb22bec12dce3be6e383c5305a923502f0c
review / pass2	UNKNOWN STEP	2026-08-15T07:03:40.4937444Z ##[group]Removing auth
review / pass2	UNKNOWN STEP	2026-08-15T07:03:40.4937639Z Removing SSH command configuration
review / pass2	UNKNOWN STEP	2026-08-15T07:03:40.4939553Z [command]/usr/local/bin/git config --local --name-only --get-regexp core\.sshCommand
review / pass2	UNKNOWN STEP	2026-08-15T07:03:40.4962320Z [command]/usr/local/bin/git submodule foreach --recursive sh -c "git config --local --name-only --get-regexp 'core\.sshCommand' && git config --local --unset-all 'core.sshCommand' || :"
review / pass2	UNKNOWN STEP	2026-08-15T07:03:40.5057150Z Removing HTTP extra header
review / pass2	UNKNOWN STEP	2026-08-15T07:03:40.5064212Z [command]/usr/local/bin/git config --local --name-only --get-regexp http\.https\:\/\/github\.com\/\.extraheader
review / pass2	UNKNOWN STEP	2026-08-15T07:03:40.5082169Z [command]/usr/local/bin/git submodule foreach --recursive sh -c "git config --local --name-only --get-regexp 'http\.https\:\/\/github\.com\/\.extraheader' && git config --local --unset-all 'http.https://github.com/.extraheader' || :"
review / pass2	UNKNOWN STEP	2026-08-15T07:03:40.5177118Z Removing includeIf entries pointing to credentials config files
review / pass2	UNKNOWN STEP	2026-08-15T07:03:40.5178671Z [command]/usr/local/bin/git config --local --name-only --get-regexp ^includeIf\.gitdir:
review / pass2	UNKNOWN STEP	2026-08-15T07:03:40.5193070Z includeif.gitdir:/home/runner/_work/dynamo-1573c1a-data-querying-and-databases/dynamo-1573c1a-data-querying-and-databases/submission/.git.path
review / pass2	UNKNOWN STEP	2026-08-15T07:03:40.5193586Z includeif.gitdir:/home/runner/_work/dynamo-1573c1a-data-querying-and-databases/dynamo-1573c1a-data-querying-and-databases/submission/.git/worktrees/*.path
review / pass2	UNKNOWN STEP	2026-08-15T07:03:40.5193950Z includeif.gitdir:/github/workspace/submission/.git.path
review / pass2	UNKNOWN STEP	2026-08-15T07:03:40.5194161Z includeif.gitdir:/github/workspace/submission/.git/worktrees/*.path
review / pass2	UNKNOWN STEP	2026-08-15T07:03:40.5197298Z [command]/usr/local/bin/git config --local --get-all includeif.gitdir:/home/runner/_work/dynamo-1573c1a-data-querying-and-databases/dynamo-1573c1a-data-querying-and-databases/submission/.git.path
review / pass2	UNKNOWN STEP	2026-08-15T07:03:40.5211095Z /home/runner/_work/_temp/git-credentials-7c81484c-97b7-484a-af37-3335e8277396.config
review / pass2	UNKNOWN STEP	2026-08-15T07:03:40.5215598Z [command]/usr/local/bin/git config --local --unset includeif.gitdir:/home/runner/_work/dynamo-1573c1a-data-querying-and-databases/dynamo-1573c1a-data-querying-and-databases/submission/.git.path \/home\/runner\/_work\/_temp\/git\-credentials\-7c81484c\-97b7\-484a\-af37\-3335e8277396\.config
review / pass2	UNKNOWN STEP	2026-08-15T07:03:40.5234550Z [command]/usr/local/bin/git config --local --get-all includeif.gitdir:/home/runner/_work/dynamo-1573c1a-data-querying-and-databases/dynamo-1573c1a-data-querying-and-databases/submission/.git/worktrees/*.path
review / pass2	UNKNOWN STEP	2026-08-15T07:03:40.5248580Z /home/runner/_work/_temp/git-credentials-7c81484c-97b7-484a-af37-3335e8277396.config
review / pass2	UNKNOWN STEP	2026-08-15T07:03:40.5252686Z [command]/usr/local/bin/git config --local --unset includeif.gitdir:/home/runner/_work/dynamo-1573c1a-data-querying-and-databases/dynamo-1573c1a-data-querying-and-databases/submission/.git/worktrees/*.path \/home\/runner\/_work\/_temp\/git\-credentials\-7c81484c\-97b7\-484a\-af37\-3335e8277396\.config
review / pass2	UNKNOWN STEP	2026-08-15T07:03:40.5269996Z [command]/usr/local/bin/git config --local --get-all includeif.gitdir:/github/workspace/submission/.git.path
review / pass2	UNKNOWN STEP	2026-08-15T07:03:40.5286934Z /github/runner_temp/git-credentials-7c81484c-97b7-484a-af37-3335e8277396.config
review / pass2	UNKNOWN STEP	2026-08-15T07:03:40.5287916Z [command]/usr/local/bin/git config --local --unset includeif.gitdir:/github/workspace/submission/.git.path \/github\/runner_temp\/git\-credentials\-7c81484c\-97b7\-484a\-af37\-3335e8277396\.config
review / pass2	UNKNOWN STEP	2026-08-15T07:03:40.5351684Z [command]/usr/local/bin/git config --local --get-all includeif.gitdir:/github/workspace/submission/.git/worktrees/*.path
review / pass2	UNKNOWN STEP	2026-08-15T07:03:40.5363469Z /github/runner_temp/git-credentials-7c81484c-97b7-484a-af37-3335e8277396.config
review / pass2	UNKNOWN STEP	2026-08-15T07:03:40.5366888Z [command]/usr/local/bin/git config --local --unset includeif.gitdir:/github/workspace/submission/.git/worktrees/*.path \/github\/runner_temp\/git\-credentials\-7c81484c\-97b7\-484a\-af37\-3335e8277396\.config
review / pass2	UNKNOWN STEP	2026-08-15T07:03:40.5386166Z [command]/usr/local/bin/git submodule foreach --recursive git config --local --show-origin --name-only --get-regexp remote.origin.url
review / pass2	UNKNOWN STEP	2026-08-15T07:03:40.5481656Z Removing credentials config '/home/runner/_work/_temp/git-credentials-7c81484c-97b7-484a-af37-3335e8277396.config'
review / pass2	UNKNOWN STEP	2026-08-15T07:03:40.5485356Z ##[endgroup]
review / pass2	UNKNOWN STEP	2026-08-15T07:03:40.5579655Z Node 20 is being deprecated. This workflow is running with Node 24 by default. If you need to temporarily use Node 20, you can set the ACTIONS_ALLOW_USE_UNSECURE_NODE_VERSION=true environment variable. For more information see: https://github.blog/changelog/2025-09-19-deprecation-of-node-20-on-github-actions-runners/
review / pass2	UNKNOWN STEP	2026-08-15T07:03:40.5580370Z ##[group]Run marocchino/sticky-pull-request-comment@773744901bac0e8cbb5a0dc842800d45e9b2b405
review / pass2	UNKNOWN STEP	2026-08-15T07:03:40.5580647Z with:
review / pass2	UNKNOWN STEP	2026-08-15T07:03:40.5580805Z   header: pass2-timeout-check
review / pass2	UNKNOWN STEP	2026-08-15T07:03:40.5580990Z   number: 5
review / pass2	UNKNOWN STEP	2026-08-15T07:03:40.5581371Z   message: ## ⏱️ Timeout Pre-check (pass@2) ⏳
review / pass2	UNKNOWN STEP	Running 2 agent trials with a hard 3600s timeout on the **agent run** (excludes environment startup) to catch timeout / infra errors before the full pass@5...
review / pass2	UNKNOWN STEP	
review / pass2	UNKNOWN STEP	2026-08-15T07:03:40.5581797Z   append: false
review / pass2	UNKNOWN STEP	2026-08-15T07:03:40.5581939Z   recreate: false
review / pass2	UNKNOWN STEP	2026-08-15T07:03:40.5582147Z   delete: false
review / pass2	UNKNOWN STEP	2026-08-15T07:03:40.5582330Z   only_create: false
review / pass2	UNKNOWN STEP	2026-08-15T07:03:40.5582510Z   only_update: false
review / pass2	UNKNOWN STEP	2026-08-15T07:03:40.5594226Z   hide_details: false
review / pass2	UNKNOWN STEP	2026-08-15T07:03:40.5594367Z   hide: false
review / pass2	UNKNOWN STEP	2026-08-15T07:03:40.5594476Z   hide_and_recreate: false
review / pass2	UNKNOWN STEP	2026-08-15T07:03:40.5594604Z   hide_classify: OUTDATED
review / pass2	UNKNOWN STEP	2026-08-15T07:03:40.5594721Z   ignore_empty: false
review / pass2	UNKNOWN STEP	2026-08-15T07:03:40.5594864Z   skip_unchanged: false
review / pass2	UNKNOWN STEP	2026-08-15T07:03:40.5595024Z   follow_symbolic_links: false
review / pass2	UNKNOWN STEP	2026-08-15T07:03:40.5596215Z   GITHUB_TOKEN: ***
review / pass2	UNKNOWN STEP	2026-08-15T07:03:40.5596322Z env:
review / pass2	UNKNOWN STEP	2026-08-15T07:03:40.5597383Z   GH_TOKEN: ***
review / pass2	UNKNOWN STEP	2026-08-15T07:03:40.5597554Z   REPO: handshake-project-dynamo/dynamo-1573c1a-data-querying-and-databases
review / pass2	UNKNOWN STEP	2026-08-15T07:03:40.5597745Z   PR_NUMBER: 5
review / pass2	UNKNOWN STEP	2026-08-15T07:03:40.5597855Z   BLACKSMITH_RUNNER_MESSAGE_WAIT_MS: 847
review / pass2	UNKNOWN STEP	2026-08-15T07:03:40.5597995Z   BLACKSMITH_RUNNER_ACQUIRE_JOB_MS: 1327
review / pass2	UNKNOWN STEP	2026-08-15T07:03:40.5598201Z   GITHUB_REPO_NAME: handshake-project-dynamo/dynamo-1573c1a-data-querying-and-databases
review / pass2	UNKNOWN STEP	2026-08-15T07:03:40.5598515Z ##[endgroup]
review / pass2	UNKNOWN STEP	2026-08-15T07:03:41.7374079Z Node 20 is being deprecated. This workflow is running with Node 24 by default. If you need to temporarily use Node 20, you can set the ACTIONS_ALLOW_USE_UNSECURE_NODE_VERSION=true environment variable. For more information see: https://github.blog/changelog/2025-09-19-deprecation-of-node-20-on-github-actions-runners/
review / pass2	UNKNOWN STEP	2026-08-15T07:03:41.7374888Z ##[group]Run actions/setup-python@a26af69be951a213d495a4c3e4e4022e16d87065
review / pass2	UNKNOWN STEP	2026-08-15T07:03:41.7375087Z with:
review / pass2	UNKNOWN STEP	2026-08-15T07:03:41.7375194Z   python-version: 3.11
review / pass2	UNKNOWN STEP	2026-08-15T07:03:41.7375315Z   check-latest: false
review / pass2	UNKNOWN STEP	2026-08-15T07:03:41.7376446Z   token: ***
review / pass2	UNKNOWN STEP	2026-08-15T07:03:41.7376551Z   update-environment: true
review / pass2	UNKNOWN STEP	2026-08-15T07:03:41.7376682Z   allow-prereleases: false
review / pass2	UNKNOWN STEP	2026-08-15T07:03:41.7376800Z   freethreaded: false
review / pass2	UNKNOWN STEP	2026-08-15T07:03:41.7376912Z env:
review / pass2	UNKNOWN STEP	2026-08-15T07:03:41.7377983Z   GH_TOKEN: ***
review / pass2	UNKNOWN STEP	2026-08-15T07:03:41.7378157Z   REPO: handshake-project-dynamo/dynamo-1573c1a-data-querying-and-databases
review / pass2	UNKNOWN STEP	2026-08-15T07:03:41.7378358Z   PR_NUMBER: 5
review / pass2	UNKNOWN STEP	2026-08-15T07:03:41.7378511Z   BLACKSMITH_RUNNER_MESSAGE_WAIT_MS: 847
review / pass2	UNKNOWN STEP	2026-08-15T07:03:41.7378685Z   BLACKSMITH_RUNNER_ACQUIRE_JOB_MS: 1327
review / pass2	UNKNOWN STEP	2026-08-15T07:03:41.7378904Z   GITHUB_REPO_NAME: handshake-project-dynamo/dynamo-1573c1a-data-querying-and-databases
review / pass2	UNKNOWN STEP	2026-08-15T07:03:41.7379116Z ##[endgroup]
review / pass2	UNKNOWN STEP	2026-08-15T07:03:41.7968945Z ##[group]Installed versions
review / pass2	UNKNOWN STEP	2026-08-15T07:03:41.8000960Z (node:4233) [DEP0040] DeprecationWarning: The `punycode` module is deprecated. Please use a userland alternative instead.
review / pass2	UNKNOWN STEP	2026-08-15T07:03:41.8001293Z (Use `node --trace-deprecation ...` to show where the warning was created)
review / pass2	UNKNOWN STEP	2026-08-15T07:03:41.8001554Z Successfully set up CPython (3.11.14)
review / pass2	UNKNOWN STEP	2026-08-15T07:03:41.8001817Z ##[endgroup]
review / pass2	UNKNOWN STEP	2026-08-15T07:03:41.8092876Z Node 20 is being deprecated. This workflow is running with Node 24 by default. If you need to temporarily use Node 20, you can set the ACTIONS_ALLOW_USE_UNSECURE_NODE_VERSION=true environment variable. For more information see: https://github.blog/changelog/2025-09-19-deprecation-of-node-20-on-github-actions-runners/
review / pass2	UNKNOWN STEP	2026-08-15T07:03:41.8093475Z ##[group]Run astral-sh/setup-uv@38f3f104447c67c051c4a08e39b64a148898af3a
review / pass2	UNKNOWN STEP	2026-08-15T07:03:41.8093648Z with:
review / pass2	UNKNOWN STEP	2026-08-15T07:03:41.8093748Z   version: latest
review / pass2	UNKNOWN STEP	2026-08-15T07:03:41.8094805Z   github-token: ***
review / pass2	UNKNOWN STEP	2026-08-15T07:03:41.8094911Z   enable-cache: false
review / pass2	UNKNOWN STEP	2026-08-15T07:03:41.8095031Z   cache-dependency-glob: **/uv.lock
review / pass2	UNKNOWN STEP	2026-08-15T07:03:41.8095170Z   prune-cache: true
review / pass2	UNKNOWN STEP	2026-08-15T07:03:41.8095285Z   ignore-nothing-to-cache: false
review / pass2	UNKNOWN STEP	2026-08-15T07:03:41.8095407Z env:
review / pass2	UNKNOWN STEP	2026-08-15T07:03:41.8096420Z   GH_TOKEN: ***
review / pass2	UNKNOWN STEP	2026-08-15T07:03:41.8096592Z   REPO: handshake-project-dynamo/dynamo-1573c1a-data-querying-and-databases
review / pass2	UNKNOWN STEP	2026-08-15T07:03:41.8096810Z   PR_NUMBER: 5
review / pass2	UNKNOWN STEP	2026-08-15T07:03:41.8096923Z   BLACKSMITH_RUNNER_MESSAGE_WAIT_MS: 847
review / pass2	UNKNOWN STEP	2026-08-15T07:03:41.8097066Z   BLACKSMITH_RUNNER_ACQUIRE_JOB_MS: 1327
review / pass2	UNKNOWN STEP	2026-08-15T07:03:41.8097275Z   GITHUB_REPO_NAME: handshake-project-dynamo/dynamo-1573c1a-data-querying-and-databases
review / pass2	UNKNOWN STEP	2026-08-15T07:03:41.8097521Z   pythonLocation: /opt/hostedtoolcache/Python/3.11.14/x64
review / pass2	UNKNOWN STEP	2026-08-15T07:03:41.8097732Z   PKG_CONFIG_PATH: /opt/hostedtoolcache/Python/3.11.14/x64/lib/pkgconfig
review / pass2	UNKNOWN STEP	2026-08-15T07:03:41.8097938Z   Python_ROOT_DIR: /opt/hostedtoolcache/Python/3.11.14/x64
review / pass2	UNKNOWN STEP	2026-08-15T07:03:41.8098124Z   Python2_ROOT_DIR: /opt/hostedtoolcache/Python/3.11.14/x64
review / pass2	UNKNOWN STEP	2026-08-15T07:03:41.8098309Z   Python3_ROOT_DIR: /opt/hostedtoolcache/Python/3.11.14/x64
review / pass2	UNKNOWN STEP	2026-08-15T07:03:41.8098515Z   LD_LIBRARY_PATH: /opt/hostedtoolcache/Python/3.11.14/x64/lib
review / pass2	UNKNOWN STEP	2026-08-15T07:03:41.8098704Z ##[endgroup]
review / pass2	UNKNOWN STEP	2026-08-15T07:03:41.8770857Z (node:4241) [DEP0040] DeprecationWarning: The `punycode` module is deprecated. Please use a userland alternative instead.
review / pass2	UNKNOWN STEP	2026-08-15T07:03:41.8771319Z (Use `node --trace-deprecation ...` to show where the warning was created)
review / pass2	UNKNOWN STEP	2026-08-15T07:03:42.1787574Z Downloading uv from "https://github.com/astral-sh/uv/releases/download/0.12.5/uv-x86_64-unknown-linux-gnu.tar.gz" ...
review / pass2	UNKNOWN STEP	2026-08-15T07:03:42.5035337Z [command]/usr/bin/tar xz --warning=no-unknown-keyword --overwrite -C /home/runner/_work/_temp/aecf8c16-9a96-4c2d-a835-14ca1fa5dd0a -f /home/runner/_work/_temp/2b9cb640-8294-4944-9803-d07532486d67
review / pass2	UNKNOWN STEP	2026-08-15T07:03:42.7977145Z Added /opt/hostedtoolcache/uv/0.12.5/x86_64 to the path
review / pass2	UNKNOWN STEP	2026-08-15T07:03:42.7978188Z Added /home/runner/.local/bin to the path
review / pass2	UNKNOWN STEP	2026-08-15T07:03:42.7987281Z Set UV_CACHE_DIR to /home/runner/_work/_temp/setup-uv-cache
review / pass2	UNKNOWN STEP	2026-08-15T07:03:42.7987518Z Successfully installed uv version 0.12.5
review / pass2	UNKNOWN STEP	2026-08-15T07:03:42.8037728Z ##[group]Run sudo wget -qO /usr/local/bin/yq https://github.com/mikefarah/yq/releases/latest/download/yq_linux_amd64
review / pass2	UNKNOWN STEP	2026-08-15T07:03:42.8038183Z ^[[36;1msudo wget -qO /usr/local/bin/yq https://github.com/mikefarah/yq/releases/latest/download/yq_linux_amd64^[[0m
review / pass2	UNKNOWN STEP	2026-08-15T07:03:42.8038545Z ^[[36;1msudo chmod +x /usr/local/bin/yq^[[0m
review / pass2	UNKNOWN STEP	2026-08-15T07:03:42.8038702Z ^[[36;1mF=.harbor/harbor-run-defaults.yml^[[0m
review / pass2	UNKNOWN STEP	2026-08-15T07:03:42.8038908Z ^[[36;1m# GATING pass@2 uses `.agents` (GPT-5.4) — same model as the pass@5 trials.^[[0m
review / pass2	UNKNOWN STEP	2026-08-15T07:03:42.8039314Z ^[[36;1mecho "agents=$(yq -o=json -I=0 '.agents' "$F" | jq -c 'map({agent:.agent, model:.model, kwargs:(.kwargs//{}), env:(.env//{})})')" >> $GITHUB_OUTPUT^[[0m
review / pass2	UNKNOWN STEP	2026-08-15T07:03:42.8039639Z ^[[36;1mENVB=$(yq '.env // "daytona"' "$F"); echo "envb=$ENVB" >> $GITHUB_OUTPUT^[[0m
review / pass2	UNKNOWN STEP	2026-08-15T07:03:42.8039897Z ^[[36;1m# pass@2 agent budget = the fellow's task.toml [agent].timeout_sec, CAPPED at 3600s (1hr).^[[0m
review / pass2	UNKNOWN STEP	2026-08-15T07:03:42.8040392Z ^[[36;1m# The 1hr is only an upper bound; the fellow's value is honored below it. Missing/invalid → 3600.^[[0m
review / pass2	UNKNOWN STEP	2026-08-15T07:03:42.8040868Z ^[[36;1mPASS2_TO=$(python3 -c "import tomllib; d=tomllib.load(open('submission/task/task.toml','rb')); v=d.get('agent',{}).get('timeout_sec',3600); print(min(int(v),3600) if isinstance(v,(int,float)) and v>0 else 3600)" 2>/dev/null || echo 3600)^[[0m
review / pass2	UNKNOWN STEP	2026-08-15T07:03:42.8041297Z ^[[36;1mecho "pass2_timeout=${PASS2_TO:-3600}" >> $GITHUB_OUTPUT^[[0m
review / pass2	UNKNOWN STEP	2026-08-15T07:03:42.8041574Z ^[[36;1mif [ "$ENVB" = "docker" ]; then uv tool install harbor==0.14.0; else uv tool install --python 3.12 "harbor[$ENVB]==0.14.0"; fi^[[0m
review / pass2	UNKNOWN STEP	2026-08-15T07:03:42.8060191Z shell: /usr/bin/bash -e {0}
review / pass2	UNKNOWN STEP	2026-08-15T07:03:42.8060317Z env:
review / pass2	UNKNOWN STEP	2026-08-15T07:03:42.8061427Z   GH_TOKEN: ***
review / pass2	UNKNOWN STEP	2026-08-15T07:03:42.8061597Z   REPO: handshake-project-dynamo/dynamo-1573c1a-data-querying-and-databases
review / pass2	UNKNOWN STEP	2026-08-15T07:03:42.8061791Z   PR_NUMBER: 5
review / pass2	UNKNOWN STEP	2026-08-15T07:03:42.8061908Z   BLACKSMITH_RUNNER_MESSAGE_WAIT_MS: 847
review / pass2	UNKNOWN STEP	2026-08-15T07:03:42.8062056Z   BLACKSMITH_RUNNER_ACQUIRE_JOB_MS: 1327
review / pass2	UNKNOWN STEP	2026-08-15T07:03:42.8062262Z   GITHUB_REPO_NAME: handshake-project-dynamo/dynamo-1573c1a-data-querying-and-databases
review / pass2	UNKNOWN STEP	2026-08-15T07:03:42.8062500Z   pythonLocation: /opt/hostedtoolcache/Python/3.11.14/x64
review / pass2	UNKNOWN STEP	2026-08-15T07:03:42.8062701Z   PKG_CONFIG_PATH: /opt/hostedtoolcache/Python/3.11.14/x64/lib/pkgconfig
review / pass2	UNKNOWN STEP	2026-08-15T07:03:42.8062900Z   Python_ROOT_DIR: /opt/hostedtoolcache/Python/3.11.14/x64
review / pass2	UNKNOWN STEP	2026-08-15T07:03:42.8063088Z   Python2_ROOT_DIR: /opt/hostedtoolcache/Python/3.11.14/x64
review / pass2	UNKNOWN STEP	2026-08-15T07:03:42.8063271Z   Python3_ROOT_DIR: /opt/hostedtoolcache/Python/3.11.14/x64
review / pass2	UNKNOWN STEP	2026-08-15T07:03:42.8063456Z   LD_LIBRARY_PATH: /opt/hostedtoolcache/Python/3.11.14/x64/lib
review / pass2	UNKNOWN STEP	2026-08-15T07:03:42.8063632Z   UV_CACHE_DIR: /home/runner/_work/_temp/setup-uv-cache
review / pass2	UNKNOWN STEP	2026-08-15T07:03:42.8063782Z ##[endgroup]
review / pass2	UNKNOWN STEP	2026-08-15T07:03:43.8307376Z Resolved 126 packages in 354ms
review / pass2	UNKNOWN STEP	2026-08-15T07:03:43.8498692Z Downloading openai (1.6MiB)
review / pass2	UNKNOWN STEP	2026-08-15T07:03:43.8499377Z Downloading pygments (1.2MiB)
review / pass2	UNKNOWN STEP	2026-08-15T07:03:43.8500076Z Downloading tokenizers (3.2MiB)
review / pass2	UNKNOWN STEP	2026-08-15T07:03:43.8500384Z Downloading claude-agent-sdk (93.8MiB)
review / pass2	UNKNOWN STEP	2026-08-15T07:03:43.8500625Z Downloading pydantic-core (2.0MiB)
review / pass2	UNKNOWN STEP	2026-08-15T07:03:43.8501991Z Downloading aiohttp (1.7MiB)
review / pass2	UNKNOWN STEP	2026-08-15T07:03:43.8502219Z Downloading cryptography (4.5MiB)
review / pass2	UNKNOWN STEP	2026-08-15T07:03:43.8502481Z Downloading hf-xet (4.3MiB)
review / pass2	UNKNOWN STEP	2026-08-15T07:03:43.8502677Z Downloading harbor (1.3MiB)
review / pass2	UNKNOWN STEP	2026-08-15T07:03:43.8502923Z Downloading numpy (15.9MiB)
review / pass2	UNKNOWN STEP	2026-08-15T07:03:43.8503130Z Downloading litellm (23.1MiB)
review / pass2	UNKNOWN STEP	2026-08-15T07:03:43.8503391Z Downloading pandas (10.5MiB)
review / pass2	UNKNOWN STEP	2026-08-15T07:03:43.8503577Z Downloading obstore (5.4MiB)
review / pass2	UNKNOWN STEP	2026-08-15T07:03:43.8503831Z Downloading pyarrow (47.8MiB)
review / pass2	UNKNOWN STEP	2026-08-15T07:03:43.8505226Z Downloading tiktoken (1.1MiB)
review / pass2	UNKNOWN STEP	2026-08-15T07:03:44.0386754Z  Downloaded tiktoken
review / pass2	UNKNOWN STEP	2026-08-15T07:03:44.1048934Z  Downloaded aiohttp
review / pass2	UNKNOWN STEP	2026-08-15T07:03:44.1166745Z  Downloaded pydantic-core
review / pass2	UNKNOWN STEP	2026-08-15T07:03:44.1686851Z  Downloaded tokenizers
review / pass2	UNKNOWN STEP	2026-08-15T07:03:44.2116444Z  Downloaded hf-xet
review / pass2	UNKNOWN STEP	2026-08-15T07:03:44.2317953Z  Downloaded pygments
review / pass2	UNKNOWN STEP	2026-08-15T07:03:44.3287763Z  Downloaded harbor
review / pass2	UNKNOWN STEP	2026-08-15T07:03:44.3309771Z  Downloaded obstore
review / pass2	UNKNOWN STEP	2026-08-15T07:03:44.3336335Z  Downloaded cryptography
review / pass2	UNKNOWN STEP	2026-08-15T07:03:44.6547566Z  Downloaded numpy
review / pass2	UNKNOWN STEP	2026-08-15T07:03:44.7701672Z  Downloaded openai
review / pass2	UNKNOWN STEP	2026-08-15T07:03:45.1771056Z  Downloaded claude-agent-sdk
review / pass2	UNKNOWN STEP	2026-08-15T07:03:45.1868341Z  Downloaded pandas
review / pass2	UNKNOWN STEP	2026-08-15T07:03:45.2070954Z  Downloaded pyarrow
review / pass2	UNKNOWN STEP	2026-08-15T07:03:45.3734854Z  Downloaded litellm
review / pass2	UNKNOWN STEP	2026-08-15T07:03:45.3736530Z Prepared 126 packages in 1.54s
review / pass2	UNKNOWN STEP	2026-08-15T07:03:45.4342616Z Installed 126 packages in 60ms
review / pass2	UNKNOWN STEP	2026-08-15T07:03:45.4342889Z  + aiofiles==25.1.0
review / pass2	UNKNOWN STEP	2026-08-15T07:03:45.4343044Z  + aiohappyeyeballs==2.7.1
review / pass2	UNKNOWN STEP	2026-08-15T07:03:45.4343195Z  + aiohttp==3.14.3
review / pass2	UNKNOWN STEP	2026-08-15T07:03:45.4343333Z  + aiohttp-retry==2.9.1
review / pass2	UNKNOWN STEP	2026-08-15T07:03:45.4343474Z  + aiosignal==1.4.0
review / pass2	UNKNOWN STEP	2026-08-15T07:03:45.4343607Z  + annotated-doc==0.0.5
review / pass2	UNKNOWN STEP	2026-08-15T07:03:45.4343775Z  + annotated-types==0.8.0
review / pass2	UNKNOWN STEP	2026-08-15T07:03:45.4343917Z  + anyio==4.14.2
review / pass2	UNKNOWN STEP	2026-08-15T07:03:45.4344045Z  + attrs==26.1.0
review / pass2	UNKNOWN STEP	2026-08-15T07:03:45.4344169Z  + bidict==0.23.1
review / pass2	UNKNOWN STEP	2026-08-15T07:03:45.4344299Z  + certifi==2026.7.22
review / pass2	UNKNOWN STEP	2026-08-15T07:03:45.4344425Z  + cffi==2.1.1
review / pass2	UNKNOWN STEP	2026-08-15T07:03:45.4344561Z  + charset-normalizer==3.5.0
review / pass2	UNKNOWN STEP	2026-08-15T07:03:45.4344709Z  + claude-agent-sdk==0.2.139
review / pass2	UNKNOWN STEP	2026-08-15T07:03:45.4344849Z  + click==8.4.2
review / pass2	UNKNOWN STEP	2026-08-15T07:03:45.4344976Z  + cryptography==50.0.0
review / pass2	UNKNOWN STEP	2026-08-15T07:03:45.4345110Z  + datasets==5.0.1
review / pass2	UNKNOWN STEP	2026-08-15T07:03:45.4345233Z  + daytona==0.204.0
review / pass2	UNKNOWN STEP	2026-08-15T07:03:45.4345410Z  + daytona-analytics-api-client==0.204.0
review / pass2	UNKNOWN STEP	2026-08-15T07:03:45.4345599Z  + daytona-analytics-api-client-async==0.204.0
review / pass2	UNKNOWN STEP	2026-08-15T07:03:45.4345779Z  + daytona-api-client==0.204.0
review / pass2	UNKNOWN STEP	2026-08-15T07:03:45.4345938Z  + daytona-api-client-async==0.204.0
review / pass2	UNKNOWN STEP	2026-08-15T07:03:45.4346108Z  + daytona-toolbox-api-client==0.204.0
review / pass2	UNKNOWN STEP	2026-08-15T07:03:45.4346485Z  + daytona-toolbox-api-client-async==0.204.0
review / pass2	UNKNOWN STEP	2026-08-15T07:03:45.4346678Z  + deprecated==1.3.1
review / pass2	UNKNOWN STEP	2026-08-15T07:03:45.4346809Z  + deprecation==2.1.0
review / pass2	UNKNOWN STEP	2026-08-15T07:03:45.4346926Z  + dill==0.4.1
review / pass2	UNKNOWN STEP	2026-08-15T07:03:45.4347035Z  + dirhash==0.5.0
review / pass2	UNKNOWN STEP	2026-08-15T07:03:45.4347139Z  + distro==1.9.0
review / pass2	UNKNOWN STEP	2026-08-15T07:03:45.4347249Z  + fastapi==0.141.1
review / pass2	UNKNOWN STEP	2026-08-15T07:03:45.4347354Z  + fastuuid==0.14.0
review / pass2	UNKNOWN STEP	2026-08-15T07:03:45.4347463Z  + filelock==3.32.3
review / pass2	UNKNOWN STEP	2026-08-15T07:03:45.4347568Z  + frozenlist==1.8.0
review / pass2	UNKNOWN STEP	2026-08-15T07:03:45.4347679Z  + fsspec==2026.6.0
review / pass2	UNKNOWN STEP	2026-08-15T07:03:45.4347801Z  + googleapis-common-protos==1.75.1
review / pass2	UNKNOWN STEP	2026-08-15T07:03:45.4347944Z  + h11==0.16.0
review / pass2	UNKNOWN STEP	2026-08-15T07:03:45.4348089Z  + h2==4.4.1
review / pass2	UNKNOWN STEP	2026-08-15T07:03:45.4348194Z  + harbor==0.14.0
review / pass2	UNKNOWN STEP	2026-08-15T07:03:45.4348331Z  + hf-xet==1.6.0
review / pass2	UNKNOWN STEP	2026-08-15T07:03:45.4348433Z  + hpack==4.2.0
review / pass2	UNKNOWN STEP	2026-08-15T07:03:45.4348541Z  + httpcore==1.0.9
review / pass2	UNKNOWN STEP	2026-08-15T07:03:45.4348645Z  + httpx==0.28.1
review / pass2	UNKNOWN STEP	2026-08-15T07:03:45.4348749Z  + httpx-sse==0.4.3
review / pass2	UNKNOWN STEP	2026-08-15T07:03:45.4348852Z  + httpx-ws==0.9.0
review / pass2	UNKNOWN STEP	2026-08-15T07:03:45.4348966Z  + huggingface-hub==1.27.0
review / pass2	UNKNOWN STEP	2026-08-15T07:03:45.4349090Z  + hyperframe==6.1.0
review / pass2	UNKNOWN STEP	2026-08-15T07:03:45.4349199Z  + idna==3.18
review / pass2	UNKNOWN STEP	2026-08-15T07:03:45.4349313Z  + importlib-metadata==8.9.0
review / pass2	UNKNOWN STEP	2026-08-15T07:03:45.4349444Z  + jinja2==3.1.6
review / pass2	UNKNOWN STEP	2026-08-15T07:03:45.4349546Z  + jiter==0.16.0
review / pass2	UNKNOWN STEP	2026-08-15T07:03:45.4349655Z  + jsonschema==4.26.0
review / pass2	UNKNOWN STEP	2026-08-15T07:03:45.4349779Z  + jsonschema-specifications==2025.9.1
review / pass2	UNKNOWN STEP	2026-08-15T07:03:45.4349922Z  + litellm==1.96.2
review / pass2	UNKNOWN STEP	2026-08-15T07:03:45.4350036Z  + markdown-it-py==4.2.0
review / pass2	UNKNOWN STEP	2026-08-15T07:03:45.4350158Z  + markupsafe==3.0.3
review / pass2	UNKNOWN STEP	2026-08-15T07:03:45.4350266Z  + mcp==1.29.0
review / pass2	UNKNOWN STEP	2026-08-15T07:03:45.4350370Z  + mdurl==0.1.2
review / pass2	UNKNOWN STEP	2026-08-15T07:03:45.4350473Z  + multidict==6.7.1
review / pass2	UNKNOWN STEP	2026-08-15T07:03:45.4350586Z  + multiprocess==0.70.19
review / pass2	UNKNOWN STEP	2026-08-15T07:03:45.4350703Z  + numpy==2.5.2
review / pass2	UNKNOWN STEP	2026-08-15T07:03:45.4350809Z  + obstore==0.11.0
review / pass2	UNKNOWN STEP	2026-08-15T07:03:45.4350912Z  + openai==2.54.0
review / pass2	UNKNOWN STEP	2026-08-15T07:03:45.4351029Z  + opentelemetry-api==1.44.0
review / pass2	UNKNOWN STEP	2026-08-15T07:03:45.4351187Z  + opentelemetry-exporter-otlp-proto-common==1.44.0
review / pass2	UNKNOWN STEP	2026-08-15T07:03:45.4351384Z  + opentelemetry-exporter-otlp-proto-http==1.44.0
review / pass2	UNKNOWN STEP	2026-08-15T07:03:45.4351891Z  + opentelemetry-instrumentation==0.65b0
review / pass2	UNKNOWN STEP	2026-08-15T07:03:45.4352225Z  + opentelemetry-instrumentation-aiohttp-client==0.65b0
review / pass2	UNKNOWN STEP	2026-08-15T07:03:45.4352410Z  + opentelemetry-proto==1.44.0
review / pass2	UNKNOWN STEP	2026-08-15T07:03:45.4352546Z  + opentelemetry-sdk==1.44.0
review / pass2	UNKNOWN STEP	2026-08-15T07:03:45.4352696Z  + opentelemetry-semantic-conventions==0.65b0
review / pass2	UNKNOWN STEP	2026-08-15T07:03:45.4352859Z  + opentelemetry-util-http==0.65b0
review / pass2	UNKNOWN STEP	2026-08-15T07:03:45.4352996Z  + packaging==26.3
review / pass2	UNKNOWN STEP	2026-08-15T07:03:45.4353102Z  + pandas==3.0.5
review / pass2	UNKNOWN STEP	2026-08-15T07:03:45.4353209Z  + pathspec==1.1.1
review / pass2	UNKNOWN STEP	2026-08-15T07:03:45.4353316Z  + postgrest==2.31.0
review / pass2	UNKNOWN STEP	2026-08-15T07:03:45.4353428Z  + propcache==0.5.2
review / pass2	UNKNOWN STEP	2026-08-15T07:03:45.4353541Z  + protobuf==7.35.1
review / pass2	UNKNOWN STEP	2026-08-15T07:03:45.4353651Z  + pyarrow==25.0.1
review / pass2	UNKNOWN STEP	2026-08-15T07:03:45.4353755Z  + pycparser==3.0
review / pass2	UNKNOWN STEP	2026-08-15T07:03:45.4353863Z  + pydantic==2.13.4
review / pass2	UNKNOWN STEP	2026-08-15T07:03:45.4353972Z  + pydantic-core==2.46.4
review / pass2	UNKNOWN STEP	2026-08-15T07:03:45.4354098Z  + pydantic-settings==2.15.0
review / pass2	UNKNOWN STEP	2026-08-15T07:03:45.4354220Z  + pygments==2.20.0
review / pass2	UNKNOWN STEP	2026-08-15T07:03:45.4354332Z  + pyjwt==2.13.0
review / pass2	UNKNOWN STEP	2026-08-15T07:03:45.4354444Z  + python-dateutil==2.9.0.post0
review / pass2	UNKNOWN STEP	2026-08-15T07:03:45.4354577Z  + python-dotenv==1.2.2
review / pass2	UNKNOWN STEP	2026-08-15T07:03:45.4354696Z  + python-engineio==4.13.5
review / pass2	UNKNOWN STEP	2026-08-15T07:03:45.4354823Z  + python-multipart==0.0.32
review / pass2	UNKNOWN STEP	2026-08-15T07:03:45.4354952Z  + python-socketio==5.16.4
review / pass2	UNKNOWN STEP	2026-08-15T07:03:45.4355075Z  + pyyaml==6.0.3
review / pass2	UNKNOWN STEP	2026-08-15T07:03:45.4355180Z  + realtime==2.31.0
review / pass2	UNKNOWN STEP	2026-08-15T07:03:45.4355292Z  + referencing==0.37.0
review / pass2	UNKNOWN STEP	2026-08-15T07:03:45.4355403Z  + regex==2026.7.19
review / pass2	UNKNOWN STEP	2026-08-15T07:03:45.4355512Z  + requests==2.34.2
review / pass2	UNKNOWN STEP	2026-08-15T07:03:45.4355614Z  + rich==15.0.0
review / pass2	UNKNOWN STEP	2026-08-15T07:03:45.4355721Z  + rpds-py==2026.6.3
review / pass2	UNKNOWN STEP	2026-08-15T07:03:45.4355830Z  + scantree==0.0.4
review / pass2	UNKNOWN STEP	2026-08-15T07:03:45.4355941Z  + shellingham==1.5.4
review / pass2	UNKNOWN STEP	2026-08-15T07:03:45.4356055Z  + shortuuid==1.0.13
review / pass2	UNKNOWN STEP	2026-08-15T07:03:45.4356171Z  + simple-websocket==1.1.0
review / pass2	UNKNOWN STEP	2026-08-15T07:03:45.4356286Z  + six==1.17.0
review / pass2	UNKNOWN STEP	2026-08-15T07:03:45.4356391Z  + sniffio==1.3.1
review / pass2	UNKNOWN STEP	2026-08-15T07:03:45.4356501Z  + sse-starlette==3.4.8
review / pass2	UNKNOWN STEP	2026-08-15T07:03:45.4356618Z  + starlette==1.6.0
review / pass2	UNKNOWN STEP	2026-08-15T07:03:45.4356721Z  + storage3==2.31.0
review / pass2	UNKNOWN STEP	2026-08-15T07:03:45.4356835Z  + strenum==0.4.15
review / pass2	UNKNOWN STEP	2026-08-15T07:03:45.4356940Z  + supabase==2.31.0
review / pass2	UNKNOWN STEP	2026-08-15T07:03:45.4357051Z  + supabase-auth==2.31.0
review / pass2	UNKNOWN STEP	2026-08-15T07:03:45.4357177Z  + supabase-functions==2.31.0
review / pass2	UNKNOWN STEP	2026-08-15T07:03:45.4357315Z  + tenacity==9.1.4
review / pass2	UNKNOWN STEP	2026-08-15T07:03:45.4357429Z  + tiktoken==0.13.0
review / pass2	UNKNOWN STEP	2026-08-15T07:03:45.4357536Z  + tokenizers==0.23.1
review / pass2	UNKNOWN STEP	2026-08-15T07:03:45.4357646Z  + toml==0.10.2
review / pass2	UNKNOWN STEP	2026-08-15T07:03:45.4357749Z  + tqdm==4.70.0
review / pass2	UNKNOWN STEP	2026-08-15T07:03:45.4357850Z  + typer==0.27.1
review / pass2	UNKNOWN STEP	2026-08-15T07:03:45.4357957Z  + typing-extensions==4.16.0
review / pass2	UNKNOWN STEP	2026-08-15T07:03:45.4358117Z  + typing-inspection==0.4.4
review / pass2	UNKNOWN STEP	2026-08-15T07:03:45.4358238Z  + urllib3==2.7.0
review / pass2	UNKNOWN STEP	2026-08-15T07:03:45.4358444Z  + uvicorn==0.52.3
review / pass2	UNKNOWN STEP	2026-08-15T07:03:45.4358554Z  + websocket-client==1.9.0
review / pass2	UNKNOWN STEP	2026-08-15T07:03:45.4358679Z  + websockets==15.0.1
review / pass2	UNKNOWN STEP	2026-08-15T07:03:45.4358786Z  + wrapt==2.3.0
review / pass2	UNKNOWN STEP	2026-08-15T07:03:45.4358892Z  + wsproto==1.3.2
review / pass2	UNKNOWN STEP	2026-08-15T07:03:45.4358994Z  + xxhash==4.0.0
review / pass2	UNKNOWN STEP	2026-08-15T07:03:45.4359100Z  + yarl==1.24.5
review / pass2	UNKNOWN STEP	2026-08-15T07:03:45.4359298Z  + zipp==4.1.0
review / pass2	UNKNOWN STEP	2026-08-15T07:03:45.4362183Z Installed 3 executables: harbor, hb, hr
review / pass2	UNKNOWN STEP	2026-08-15T07:03:45.4427102Z ##[group]Run TASK_NAME=$(python3 -c 'import tomllib; data=tomllib.load(open("submission/task/task.toml", "rb")); print(data.get("task", {}).get("name", ""))' 2>/dev/null || true)
review / pass2	UNKNOWN STEP	2026-08-15T07:03:45.4427648Z ^[[36;1mTASK_NAME=$(python3 -c 'import tomllib; data=tomllib.load(open("submission/task/task.toml", "rb")); print(data.get("task", {}).get("name", ""))' 2>/dev/null || true)^[[0m
review / pass2	UNKNOWN STEP	2026-08-15T07:03:45.4427998Z ^[[36;1mTASK_NAME="${TASK_NAME:-${GITHUB_REPOSITORY##*/}}"^[[0m
review / pass2	UNKNOWN STEP	2026-08-15T07:03:45.4428226Z ^[[36;1mjq -cn \^[[0m
review / pass2	UNKNOWN STEP	2026-08-15T07:03:45.4428345Z ^[[36;1m  --arg task "$TASK_NAME" \^[[0m
review / pass2	UNKNOWN STEP	2026-08-15T07:03:45.4428505Z ^[[36;1m  --arg repository "$GITHUB_REPOSITORY" \^[[0m
review / pass2	UNKNOWN STEP	2026-08-15T07:03:45.4428664Z ^[[36;1m  --arg sha "$DYNAMO_SHA" \^[[0m
review / pass2	UNKNOWN STEP	2026-08-15T07:03:45.4428810Z ^[[36;1m  --arg run_id "$GITHUB_RUN_ID" \^[[0m
review / pass2	UNKNOWN STEP	2026-08-15T07:03:45.4429033Z ^[[36;1m  --arg job "$GITHUB_JOB" \^[[0m
review / pass2	UNKNOWN STEP	2026-08-15T07:03:45.4429342Z ^[[36;1m  '{"dynamo.task":$task,"dynamo.repository":$repository,"dynamo.sha":$sha,"dynamo.github_run_id":$run_id,"dynamo.github_job":$job}' \^[[0m
review / pass2	UNKNOWN STEP	2026-08-15T07:03:45.4429646Z ^[[36;1m  > "$RUNNER_TEMP/dynamo-harbor-labels.json"^[[0m
review / pass2	UNKNOWN STEP	2026-08-15T07:03:45.4448708Z shell: /usr/bin/bash -e {0}
review / pass2	UNKNOWN STEP	2026-08-15T07:03:45.4448840Z env:
review / pass2	UNKNOWN STEP	2026-08-15T07:03:45.4449999Z   GH_TOKEN: ***
review / pass2	UNKNOWN STEP	2026-08-15T07:03:45.4450180Z   REPO: handshake-project-dynamo/dynamo-1573c1a-data-querying-and-databases
review / pass2	UNKNOWN STEP	2026-08-15T07:03:45.4450391Z   PR_NUMBER: 5
review / pass2	UNKNOWN STEP	2026-08-15T07:03:45.4450510Z   BLACKSMITH_RUNNER_MESSAGE_WAIT_MS: 847
review / pass2	UNKNOWN STEP	2026-08-15T07:03:45.4450664Z   BLACKSMITH_RUNNER_ACQUIRE_JOB_MS: 1327
review / pass2	UNKNOWN STEP	2026-08-15T07:03:45.4450881Z   GITHUB_REPO_NAME: handshake-project-dynamo/dynamo-1573c1a-data-querying-and-databases
review / pass2	UNKNOWN STEP	2026-08-15T07:03:45.4451140Z   pythonLocation: /opt/hostedtoolcache/Python/3.11.14/x64
review / pass2	UNKNOWN STEP	2026-08-15T07:03:45.4451354Z   PKG_CONFIG_PATH: /opt/hostedtoolcache/Python/3.11.14/x64/lib/pkgconfig
review / pass2	UNKNOWN STEP	2026-08-15T07:03:45.4451574Z   Python_ROOT_DIR: /opt/hostedtoolcache/Python/3.11.14/x64
review / pass2	UNKNOWN STEP	2026-08-15T07:03:45.4451776Z   Python2_ROOT_DIR: /opt/hostedtoolcache/Python/3.11.14/x64
review / pass2	UNKNOWN STEP	2026-08-15T07:03:45.4451971Z   Python3_ROOT_DIR: /opt/hostedtoolcache/Python/3.11.14/x64
review / pass2	UNKNOWN STEP	2026-08-15T07:03:45.4452168Z   LD_LIBRARY_PATH: /opt/hostedtoolcache/Python/3.11.14/x64/lib
review / pass2	UNKNOWN STEP	2026-08-15T07:03:45.4452359Z   UV_CACHE_DIR: /home/runner/_work/_temp/setup-uv-cache
review / pass2	UNKNOWN STEP	2026-08-15T07:03:45.4452545Z   DYNAMO_SHA: 69ad0fb22bec12dce3be6e383c5305a923502f0c
review / pass2	UNKNOWN STEP	2026-08-15T07:03:45.4452702Z ##[endgroup]
review / pass2	UNKNOWN STEP	2026-08-15T07:03:45.4655719Z ##[group]Run set +e
review / pass2	UNKNOWN STEP	2026-08-15T07:03:45.4655859Z ^[[36;1mset +e^[[0m
review / pass2	UNKNOWN STEP	2026-08-15T07:03:45.4655993Z ^[[36;1mN_AGENTS=$(echo "$AGENTS_JSON" | jq 'length')^[[0m
review / pass2	UNKNOWN STEP	2026-08-15T07:03:45.4656157Z ^[[36;1mN_CONC=$((2 * N_AGENTS))^[[0m
review / pass2	UNKNOWN STEP	2026-08-15T07:03:45.4656324Z ^[[36;1mLABELS=$(<"$RUNNER_TEMP/dynamo-harbor-labels.json")^[[0m
review / pass2	UNKNOWN STEP	2026-08-15T07:03:45.4656700Z ^[[36;1mjq -n --arg job "$JOB_ID" --arg env "$ENVB" --argjson labels "$LABELS" --argjson nc "$N_CONC" --argjson agents "$AGENTS_JSON" --argjson cap "${PASS2_TIMEOUT:-3600}" \^[[0m
review / pass2	UNKNOWN STEP	2026-08-15T07:03:45.4657470Z ^[[36;1m  '{job_name:$job, jobs_dir:"pass2-output", n_attempts:2, n_concurrent_trials:$nc, environment:{type:$env, kwargs:({auto_stop_interval_mins:60} + (if $env == "daytona" then {labels:$labels} else {} end))}, agents:($agents|map({name:.agent, model_name:.model, kwargs:.kwargs, env:.env, override_timeout_sec:$cap})), tasks:[{path:"submission/task"}]}' \^[[0m
review / pass2	UNKNOWN STEP	2026-08-15T07:03:45.4658101Z ^[[36;1m  > /tmp/pass2-job.json^[[0m
review / pass2	UNKNOWN STEP	2026-08-15T07:03:45.4658283Z ^[[36;1mecho "JobConfig:"; jq . /tmp/pass2-job.json^[[0m
review / pass2	UNKNOWN STEP	2026-08-15T07:03:45.4658524Z ^[[36;1mrm -rf pass2-output 2>/dev/null || true   # only the final run's output should remain^[[0m
review / pass2	UNKNOWN STEP	2026-08-15T07:03:45.4658788Z ^[[36;1mharbor run -c /tmp/pass2-job.json 2>&1 | tee /tmp/pass2.log^[[0m
review / pass2	UNKNOWN STEP	2026-08-15T07:03:45.4672986Z shell: /usr/bin/bash -e {0}
review / pass2	UNKNOWN STEP	2026-08-15T07:03:45.4673119Z env:
review / pass2	UNKNOWN STEP	2026-08-15T07:03:45.4674299Z   GH_TOKEN: ***
review / pass2	UNKNOWN STEP	2026-08-15T07:03:45.4674495Z   REPO: handshake-project-dynamo/dynamo-1573c1a-data-querying-and-databases
review / pass2	UNKNOWN STEP	2026-08-15T07:03:45.4674708Z   PR_NUMBER: 5
review / pass2	UNKNOWN STEP	2026-08-15T07:03:45.4674828Z   BLACKSMITH_RUNNER_MESSAGE_WAIT_MS: 847
review / pass2	UNKNOWN STEP	2026-08-15T07:03:45.4674983Z   BLACKSMITH_RUNNER_ACQUIRE_JOB_MS: 1327
review / pass2	UNKNOWN STEP	2026-08-15T07:03:45.4675206Z   GITHUB_REPO_NAME: handshake-project-dynamo/dynamo-1573c1a-data-querying-and-databases
review / pass2	UNKNOWN STEP	2026-08-15T07:03:45.4675469Z   pythonLocation: /opt/hostedtoolcache/Python/3.11.14/x64
review / pass2	UNKNOWN STEP	2026-08-15T07:03:45.4675684Z   PKG_CONFIG_PATH: /opt/hostedtoolcache/Python/3.11.14/x64/lib/pkgconfig
review / pass2	UNKNOWN STEP	2026-08-15T07:03:45.4675911Z   Python_ROOT_DIR: /opt/hostedtoolcache/Python/3.11.14/x64
review / pass2	UNKNOWN STEP	2026-08-15T07:03:45.4676107Z   Python2_ROOT_DIR: /opt/hostedtoolcache/Python/3.11.14/x64
review / pass2	UNKNOWN STEP	2026-08-15T07:03:45.4676305Z   Python3_ROOT_DIR: /opt/hostedtoolcache/Python/3.11.14/x64
review / pass2	UNKNOWN STEP	2026-08-15T07:03:45.4676504Z   LD_LIBRARY_PATH: /opt/hostedtoolcache/Python/3.11.14/x64/lib
review / pass2	UNKNOWN STEP	2026-08-15T07:03:45.4676695Z   UV_CACHE_DIR: /home/runner/_work/_temp/setup-uv-cache
review / pass2	UNKNOWN STEP	2026-08-15T07:03:45.4677257Z   OPENAI_API_KEY: ***
review / pass2	UNKNOWN STEP	2026-08-15T07:03:45.4677474Z   OPENROUTER_API_KEY: ***
review / pass2	UNKNOWN STEP	2026-08-15T07:03:45.4677655Z   GEMINI_API_KEY: ***
review / pass2	UNKNOWN STEP	2026-08-15T07:03:45.4677773Z   MODAL_TOKEN_ID: 
review / pass2	UNKNOWN STEP	2026-08-15T07:03:45.4677883Z   MODAL_TOKEN_SECRET: 
review / pass2	UNKNOWN STEP	2026-08-15T07:03:45.4678099Z   DAYTONA_API_KEY: ***
review / pass2	UNKNOWN STEP	2026-08-15T07:03:45.4678212Z   DAYTONA_TARGET: 
review / pass2	UNKNOWN STEP	2026-08-15T07:03:45.4678651Z   AGENTS_JSON: [{"agent":"terminus-2","model":"openrouter/deepseek/deepseek-v4-pro","kwargs":{"llm_kwargs":{"reasoning":{"effort":"high"},"max_tokens":128000}},"env":{}}]
review / pass2	UNKNOWN STEP	2026-08-15T07:03:45.4678973Z   ENVB: daytona
review / pass2	UNKNOWN STEP	2026-08-15T07:03:45.4679085Z   PASS2_TIMEOUT: 600
review / pass2	UNKNOWN STEP	2026-08-15T07:03:45.4679204Z   JOB_ID: 31870591753-pass2
review / pass2	UNKNOWN STEP	2026-08-15T07:03:45.4679333Z ##[endgroup]
review / pass2	UNKNOWN STEP	2026-08-15T07:03:45.4730111Z JobConfig:
review / pass2	UNKNOWN STEP	2026-08-15T07:03:45.4739257Z {
review / pass2	UNKNOWN STEP	2026-08-15T07:03:45.4739437Z   "job_name": "31870591753-pass2",
review / pass2	UNKNOWN STEP	2026-08-15T07:03:45.4739591Z   "jobs_dir": "pass2-output",
review / pass2	UNKNOWN STEP	2026-08-15T07:03:45.4739726Z   "n_attempts": 2,
review / pass2	UNKNOWN STEP	2026-08-15T07:03:45.4739850Z   "n_concurrent_trials": 2,
review / pass2	UNKNOWN STEP	2026-08-15T07:03:45.4739976Z   "environment": {
review / pass2	UNKNOWN STEP	2026-08-15T07:03:45.4740082Z     "type": "daytona",
review / pass2	UNKNOWN STEP	2026-08-15T07:03:45.4740198Z     "kwargs": {
review / pass2	UNKNOWN STEP	2026-08-15T07:03:45.4740311Z       "auto_stop_interval_mins": 60,
review / pass2	UNKNOWN STEP	2026-08-15T07:03:45.4740449Z       "labels": {
review / pass2	UNKNOWN STEP	2026-08-15T07:03:45.4740582Z         "dynamo.task": "dynamo/bom-shortage-cascade",
review / pass2	UNKNOWN STEP	2026-08-15T07:03:45.4740847Z         "dynamo.repository": "handshake-project-dynamo/dynamo-1573c1a-data-querying-and-databases",
review / pass2	UNKNOWN STEP	2026-08-15T07:03:45.4741892Z         "dynamo.sha": "69ad0fb22bec12dce3be6e383c5305a923502f0c",
review / pass2	UNKNOWN STEP	2026-08-15T07:03:45.4742091Z         "dynamo.github_run_id": "31870591753",
review / pass2	UNKNOWN STEP	2026-08-15T07:03:45.4742245Z         "dynamo.github_job": "pass2"
review / pass2	UNKNOWN STEP	2026-08-15T07:03:45.4742373Z       }
review / pass2	UNKNOWN STEP	2026-08-15T07:03:45.4742468Z     }
review / pass2	UNKNOWN STEP	2026-08-15T07:03:45.4742560Z   },
review / pass2	UNKNOWN STEP	2026-08-15T07:03:45.4742655Z   "agents": [
review / pass2	UNKNOWN STEP	2026-08-15T07:03:45.4742755Z     {
review / pass2	UNKNOWN STEP	2026-08-15T07:03:45.4742859Z       "name": "terminus-2",
review / pass2	UNKNOWN STEP	2026-08-15T07:03:45.4743011Z       "model_name": "openrouter/deepseek/deepseek-v4-pro",
review / pass2	UNKNOWN STEP	2026-08-15T07:03:45.4743176Z       "kwargs": {
review / pass2	UNKNOWN STEP	2026-08-15T07:03:45.4743283Z         "llm_kwargs": {
review / pass2	UNKNOWN STEP	2026-08-15T07:03:45.4743401Z           "reasoning": {
review / pass2	UNKNOWN STEP	2026-08-15T07:03:45.4743520Z             "effort": "high"
review / pass2	UNKNOWN STEP	2026-08-15T07:03:45.4743641Z           },
review / pass2	UNKNOWN STEP	2026-08-15T07:03:45.4743755Z           "max_tokens": 128000
review / pass2	UNKNOWN STEP	2026-08-15T07:03:45.4743876Z         }
review / pass2	UNKNOWN STEP	2026-08-15T07:03:45.4743971Z       },
review / pass2	UNKNOWN STEP	2026-08-15T07:03:45.4744069Z       "env": {},
review / pass2	UNKNOWN STEP	2026-08-15T07:03:45.4744178Z       "override_timeout_sec": 600
review / pass2	UNKNOWN STEP	2026-08-15T07:03:45.4744304Z     }
review / pass2	UNKNOWN STEP	2026-08-15T07:03:45.4744397Z   ],
review / pass2	UNKNOWN STEP	2026-08-15T07:03:45.4744492Z   "tasks": [
review / pass2	UNKNOWN STEP	2026-08-15T07:03:45.4744586Z     {
review / pass2	UNKNOWN STEP	2026-08-15T07:03:45.4744688Z       "path": "submission/task"
review / pass2	UNKNOWN STEP	2026-08-15T07:03:45.4744805Z     }
review / pass2	UNKNOWN STEP	2026-08-15T07:03:45.4744898Z   ]
review / pass2	UNKNOWN STEP	2026-08-15T07:03:45.4744988Z }
review / pass2	UNKNOWN STEP	2026-08-15T07:03:47.3514026Z Tip: There are many benchmarks available in Harbor's registry.
review / pass2	UNKNOWN STEP	2026-08-15T07:03:47.3514673Z Run `harbor datasets list` to see all available datasets.
review / pass2	UNKNOWN STEP	2026-08-15T07:03:47.3514862Z 
review / pass2	UNKNOWN STEP	2026-08-15T07:14:51.0195091Z   2/2 Mean: 0.000 ━━━━━━━━━━━━━━━━━━━━━━━━━━━━━━━━━━━━━━━━ 0:11:03 0:00:00
review / pass2	UNKNOWN STEP	2026-08-15T07:14:51.0225855Z adhoc • terminus-2 • deepseek/deepseek-v4-pro
review / pass2	UNKNOWN STEP	2026-08-15T07:14:51.0230764Z ┏━━━━━━━━┳━━━━━━━━━━━━┳━━━━━━━┳━━━━━━━━┓
review / pass2	UNKNOWN STEP	2026-08-15T07:14:51.0230935Z ┃ Trials ┃ Exceptions ┃  Mean ┃ Pass@2 ┃
review / pass2	UNKNOWN STEP	2026-08-15T07:14:51.0231105Z ┡━━━━━━━━╇━━━━━━━━━━━━╇━━━━━━━╇━━━━━━━━┩
review / pass2	UNKNOWN STEP	2026-08-15T07:14:51.0231252Z │      2 │          2 │ 0.000 │  0.000 │
review / pass2	UNKNOWN STEP	2026-08-15T07:14:51.0231405Z └────────┴────────────┴───────┴────────┘
review / pass2	UNKNOWN STEP	2026-08-15T07:14:51.0231555Z 
review / pass2	UNKNOWN STEP	2026-08-15T07:14:51.0233487Z ┏━━━━━━━━┳━━━━━━━┓
review / pass2	UNKNOWN STEP	2026-08-15T07:14:51.0234524Z ┃ Reward ┃ Count ┃
review / pass2	UNKNOWN STEP	2026-08-15T07:14:51.0234655Z ┡━━━━━━━━╇━━━━━━━┩
review / pass2	UNKNOWN STEP	2026-08-15T07:14:51.0234778Z │ 0.0    │     2 │
review / pass2	UNKNOWN STEP	2026-08-15T07:14:51.0234904Z └────────┴───────┘
review / pass2	UNKNOWN STEP	2026-08-15T07:14:51.0244219Z 
review / pass2	UNKNOWN STEP	2026-08-15T07:14:51.0244406Z ┏━━━━━━━━━━━━━━━━━━━┳━━━━━━━┓
review / pass2	UNKNOWN STEP	2026-08-15T07:14:51.0244593Z ┃ Exception         ┃ Count ┃
review / pass2	UNKNOWN STEP	2026-08-15T07:14:51.0244743Z ┡━━━━━━━━━━━━━━━━━━━╇━━━━━━━┩
review / pass2	UNKNOWN STEP	2026-08-15T07:14:51.0244884Z │ AgentTimeoutError │     2 │
review / pass2	UNKNOWN STEP	2026-08-15T07:14:51.0245024Z └───────────────────┴───────┘
review / pass2	UNKNOWN STEP	2026-08-15T07:14:51.0245127Z 
review / pass2	UNKNOWN STEP	2026-08-15T07:14:51.0245184Z Job Info
review / pass2	UNKNOWN STEP	2026-08-15T07:14:51.0245289Z Total runtime: 11m 3s
review / pass2	UNKNOWN STEP	2026-08-15T07:14:51.0245444Z Results written to pass2-output/31870591753-pass2/result.json
review / pass2	UNKNOWN STEP	2026-08-15T07:14:51.0245649Z Inspect results by running `harbor view pass2-output`
review / pass2	UNKNOWN STEP	2026-08-15T07:14:51.0245860Z Share results by running `harbor upload pass2-output/31870591753-pass2`
review / pass2	UNKNOWN STEP	2026-08-15T07:14:51.0246006Z 
review / pass2	UNKNOWN STEP	2026-08-15T07:14:51.0253520Z Exception ignored in atexit callback: <bound method DaytonaClientManager._cleanup_sync of <harbor.environments.daytona.environment.DaytonaClientManager object at 0x7f99b6b44620>>
review / pass2	UNKNOWN STEP	2026-08-15T07:14:51.0253916Z Traceback (most recent call last):
review / pass2	UNKNOWN STEP	2026-08-15T07:14:51.0258480Z   File "/home/runner/.local/share/uv/tools/harbor/lib/python3.12/site-packages/harbor/environments/daytona/environment.py", line 221, in _cleanup_sync
review / pass2	UNKNOWN STEP	2026-08-15T07:14:51.0258886Z     asyncio.run(self._cleanup())
review / pass2	UNKNOWN STEP	2026-08-15T07:14:51.0259180Z   File "/usr/lib/python3.12/asyncio/runners.py", line 194, in run
review / pass2	UNKNOWN STEP	2026-08-15T07:14:51.0259467Z     return runner.run(main)
review / pass2	UNKNOWN STEP	2026-08-15T07:14:51.0259596Z            ^^^^^^^^^^^^^^^^
review / pass2	UNKNOWN STEP	2026-08-15T07:14:51.0259760Z   File "/usr/lib/python3.12/asyncio/runners.py", line 118, in run
review / pass2	UNKNOWN STEP	2026-08-15T07:14:51.0259959Z     return self._loop.run_until_complete(task)
review / pass2	UNKNOWN STEP	2026-08-15T07:14:51.0260110Z            ^^^^^^^^^^^^^^^^^^^^^^^^^^^^^^^^^^^
review / pass2	UNKNOWN STEP	2026-08-15T07:14:51.0260324Z   File "/usr/lib/python3.12/asyncio/base_events.py", line 687, in run_until_complete
review / pass2	UNKNOWN STEP	2026-08-15T07:14:51.0260529Z     return future.result()
review / pass2	UNKNOWN STEP	2026-08-15T07:14:51.0260651Z            ^^^^^^^^^^^^^^^
review / pass2	UNKNOWN STEP	2026-08-15T07:14:51.0260969Z   File "/home/runner/.local/share/uv/tools/harbor/lib/python3.12/site-packages/harbor/environments/daytona/environment.py", line 231, in _cleanup
review / pass2	UNKNOWN STEP	2026-08-15T07:14:51.0261262Z     await self._client.close()
review / pass2	UNKNOWN STEP	2026-08-15T07:14:51.0261526Z   File "/home/runner/.local/share/uv/tools/harbor/lib/python3.12/site-packages/daytona/_async/daytona.py", line 436, in close
review / pass2	UNKNOWN STEP	2026-08-15T07:14:51.0261800Z     await self._event_dispatcher.disconnect()
review / pass2	UNKNOWN STEP	2026-08-15T07:14:51.0262104Z   File "/home/runner/.local/share/uv/tools/harbor/lib/python3.12/site-packages/daytona/internal/event_dispatcher.py", line 269, in disconnect
review / pass2	UNKNOWN STEP	2026-08-15T07:14:51.0262388Z     await self._disconnect()
review / pass2	UNKNOWN STEP	2026-08-15T07:14:51.0262686Z   File "/home/runner/.local/share/uv/tools/harbor/lib/python3.12/site-packages/daytona/internal/event_dispatcher.py", line 292, in _disconnect
review / pass2	UNKNOWN STEP	2026-08-15T07:14:51.0262965Z     await sio.disconnect()
review / pass2	UNKNOWN STEP	2026-08-15T07:14:51.0263222Z   File "/home/runner/.local/share/uv/tools/harbor/lib/python3.12/site-packages/socketio/async_client.py", line 332, in disconnect
review / pass2	UNKNOWN STEP	2026-08-15T07:14:51.0263485Z     await self.eio.disconnect()
review / pass2	UNKNOWN STEP	2026-08-15T07:14:51.0263757Z   File "/home/runner/.local/share/uv/tools/harbor/lib/python3.12/site-packages/engineio/async_client.py", line 175, in disconnect
review / pass2	UNKNOWN STEP	2026-08-15T07:14:51.0264021Z     await self.read_loop_task
review / pass2	UNKNOWN STEP	2026-08-15T07:14:51.0264569Z   File "/home/runner/.local/share/uv/tools/harbor/lib/python3.12/site-packages/engineio/async_client.py", line 577, in _read_loop_websocket
review / pass2	UNKNOWN STEP	2026-08-15T07:14:51.0264937Z     p = await asyncio.wait_for(
review / pass2	UNKNOWN STEP	2026-08-15T07:14:51.0265058Z         ^^^^^^^^^^^^^^^^^^^^^^^
review / pass2	UNKNOWN STEP	2026-08-15T07:14:51.0265228Z   File "/usr/lib/python3.12/asyncio/tasks.py", line 520, in wait_for
review / pass2	UNKNOWN STEP	2026-08-15T07:14:51.0265400Z     return await fut
review / pass2	UNKNOWN STEP	2026-08-15T07:14:51.0265514Z            ^^^^^^^^^
review / pass2	UNKNOWN STEP	2026-08-15T07:14:51.0265744Z   File "/home/runner/.local/share/uv/tools/harbor/lib/python3.12/site-packages/aiohttp/client_ws.py", line 411, in receive
review / pass2	UNKNOWN STEP	2026-08-15T07:14:51.0266002Z     msg = await self._reader.read()
review / pass2	UNKNOWN STEP	2026-08-15T07:14:51.0266140Z           ^^^^^^^^^^^^^^^^^^^^^^^^^
review / pass2	UNKNOWN STEP	2026-08-15T07:14:51.0266298Z   File "aiohttp/_websocket/reader_c.py", line 121, in read
review / pass2	UNKNOWN STEP	2026-08-15T07:14:51.0266581Z   File "aiohttp/_websocket/reader_c.py", line 118, in aiohttp._websocket.reader_c.WebSocketDataQueue.read
review / pass2	UNKNOWN STEP	2026-08-15T07:14:51.0266814Z asyncio.exceptions.CancelledError: 
review / pass2	UNKNOWN STEP	2026-08-15T07:14:51.7966529Z ##[group]Run {
review / pass2	UNKNOWN STEP	2026-08-15T07:14:51.7966676Z ^[[36;1m{^[[0m
review / pass2	UNKNOWN STEP	2026-08-15T07:14:51.7966934Z ^[[36;1m  echo "## pass@2 timeout pre-check (env=daytona, agent-run budget = task timeout_sec capped at 3600s/1hr, excludes env startup)"^[[0m
review / pass2	UNKNOWN STEP	2026-08-15T07:14:51.7967245Z ^[[36;1m  echo '<details><summary>Output</summary>'; echo ""; echo '```'^[[0m
review / pass2	UNKNOWN STEP	2026-08-15T07:14:51.7967486Z ^[[36;1m  tail -c 60000 /tmp/pass2.log 2>/dev/null; echo '```'; echo '</details>'^[[0m
review / pass2	UNKNOWN STEP	2026-08-15T07:14:51.7967678Z ^[[36;1m} >> $GITHUB_STEP_SUMMARY^[[0m
review / pass2	UNKNOWN STEP	2026-08-15T07:14:51.7985934Z shell: /usr/bin/bash -e {0}
review / pass2	UNKNOWN STEP	2026-08-15T07:14:51.7986059Z env:
review / pass2	UNKNOWN STEP	2026-08-15T07:14:51.7987204Z   GH_TOKEN: ***
review / pass2	UNKNOWN STEP	2026-08-15T07:14:51.7987378Z   REPO: handshake-project-dynamo/dynamo-1573c1a-data-querying-and-databases
review / pass2	UNKNOWN STEP	2026-08-15T07:14:51.7987576Z   PR_NUMBER: 5
review / pass2	UNKNOWN STEP	2026-08-15T07:14:51.7987689Z   BLACKSMITH_RUNNER_MESSAGE_WAIT_MS: 847
review / pass2	UNKNOWN STEP	2026-08-15T07:14:51.7987834Z   BLACKSMITH_RUNNER_ACQUIRE_JOB_MS: 1327
review / pass2	UNKNOWN STEP	2026-08-15T07:14:51.7988067Z   GITHUB_REPO_NAME: handshake-project-dynamo/dynamo-1573c1a-data-querying-and-databases
review / pass2	UNKNOWN STEP	2026-08-15T07:14:51.7988313Z   pythonLocation: /opt/hostedtoolcache/Python/3.11.14/x64
review / pass2	UNKNOWN STEP	2026-08-15T07:14:51.7988544Z   PKG_CONFIG_PATH: /opt/hostedtoolcache/Python/3.11.14/x64/lib/pkgconfig
review / pass2	UNKNOWN STEP	2026-08-15T07:14:51.7988751Z   Python_ROOT_DIR: /opt/hostedtoolcache/Python/3.11.14/x64
review / pass2	UNKNOWN STEP	2026-08-15T07:14:51.7988977Z   Python2_ROOT_DIR: /opt/hostedtoolcache/Python/3.11.14/x64
review / pass2	UNKNOWN STEP	2026-08-15T07:14:51.7989163Z   Python3_ROOT_DIR: /opt/hostedtoolcache/Python/3.11.14/x64
review / pass2	UNKNOWN STEP	2026-08-15T07:14:51.7989349Z   LD_LIBRARY_PATH: /opt/hostedtoolcache/Python/3.11.14/x64/lib
review / pass2	UNKNOWN STEP	2026-08-15T07:14:51.7989532Z   UV_CACHE_DIR: /home/runner/_work/_temp/setup-uv-cache
review / pass2	UNKNOWN STEP	2026-08-15T07:14:51.7989681Z ##[endgroup]
review / pass2	UNKNOWN STEP	2026-08-15T07:14:51.8045179Z ##[group]Run mkdir -p pass2-analyze
review / pass2	UNKNOWN STEP	2026-08-15T07:14:51.8045345Z ^[[36;1mmkdir -p pass2-analyze^[[0m
review / pass2	UNKNOWN STEP	2026-08-15T07:14:51.8045482Z ^[[36;1mfor d in pass2-output/*/; do^[[0m
review / pass2	UNKNOWN STEP	2026-08-15T07:14:51.8045675Z ^[[36;1m  if find "$d" -name result.json -print -quit 2>/dev/null | grep -q .; then^[[0m
review / pass2	UNKNOWN STEP	2026-08-15T07:14:51.8045906Z ^[[36;1m    harbor analyze -m claude-sonnet-4-6 --n-concurrent 2 \^[[0m
review / pass2	UNKNOWN STEP	2026-08-15T07:14:51.8046105Z ^[[36;1m      -r .harbor/rubrics/trial-analysis.toml \^[[0m
review / pass2	UNKNOWN STEP	2026-08-15T07:14:51.8046291Z ^[[36;1m      -p .harbor/rubrics/trial-analysis-prompt.txt \^[[0m
review / pass2	UNKNOWN STEP	2026-08-15T07:14:51.8046489Z ^[[36;1m      --job-prompt .harbor/rubrics/trial-analysis-job.txt \^[[0m
review / pass2	UNKNOWN STEP	2026-08-15T07:14:51.8046690Z ^[[36;1m      -o "pass2-analyze/$(basename "$d").json" "$d" || true^[[0m
review / pass2	UNKNOWN STEP	2026-08-15T07:14:51.8046845Z ^[[36;1m  fi^[[0m
review / pass2	UNKNOWN STEP	2026-08-15T07:14:51.8046947Z ^[[36;1mdone^[[0m
review / pass2	UNKNOWN STEP	2026-08-15T07:14:51.8059228Z shell: /usr/bin/bash -e {0}
review / pass2	UNKNOWN STEP	2026-08-15T07:14:51.8059348Z env:
review / pass2	UNKNOWN STEP	2026-08-15T07:14:51.8060439Z   GH_TOKEN: ***
review / pass2	UNKNOWN STEP	2026-08-15T07:14:51.8060635Z   REPO: handshake-project-dynamo/dynamo-1573c1a-data-querying-and-databases
review / pass2	UNKNOWN STEP	2026-08-15T07:14:51.8060833Z   PR_NUMBER: 5
review / pass2	UNKNOWN STEP	2026-08-15T07:14:51.8060951Z   BLACKSMITH_RUNNER_MESSAGE_WAIT_MS: 847
review / pass2	UNKNOWN STEP	2026-08-15T07:14:51.8061094Z   BLACKSMITH_RUNNER_ACQUIRE_JOB_MS: 1327
review / pass2	UNKNOWN STEP	2026-08-15T07:14:51.8061306Z   GITHUB_REPO_NAME: handshake-project-dynamo/dynamo-1573c1a-data-querying-and-databases
review / pass2	UNKNOWN STEP	2026-08-15T07:14:51.8061650Z   pythonLocation: /opt/hostedtoolcache/Python/3.11.14/x64
review / pass2	UNKNOWN STEP	2026-08-15T07:14:51.8061855Z   PKG_CONFIG_PATH: /opt/hostedtoolcache/Python/3.11.14/x64/lib/pkgconfig
review / pass2	UNKNOWN STEP	2026-08-15T07:14:51.8062059Z   Python_ROOT_DIR: /opt/hostedtoolcache/Python/3.11.14/x64
review / pass2	UNKNOWN STEP	2026-08-15T07:14:51.8062247Z   Python2_ROOT_DIR: /opt/hostedtoolcache/Python/3.11.14/x64
review / pass2	UNKNOWN STEP	2026-08-15T07:14:51.8062430Z   Python3_ROOT_DIR: /opt/hostedtoolcache/Python/3.11.14/x64
review / pass2	UNKNOWN STEP	2026-08-15T07:14:51.8062621Z   LD_LIBRARY_PATH: /opt/hostedtoolcache/Python/3.11.14/x64/lib
review / pass2	UNKNOWN STEP	2026-08-15T07:14:51.8062803Z   UV_CACHE_DIR: /home/runner/_work/_temp/setup-uv-cache
review / pass2	UNKNOWN STEP	2026-08-15T07:14:51.8063118Z   ANTHROPIC_API_KEY: ***
review / pass2	UNKNOWN STEP	2026-08-15T07:14:51.8063235Z ##[endgroup]
review / pass2	UNKNOWN STEP	2026-08-15T07:14:52.2171651Z 
review / pass2	UNKNOWN STEP	2026-08-15T07:14:52.2172198Z 🔍 Analyzing trial(s)...
review / pass2	UNKNOWN STEP	2026-08-15T07:20:05.0343489Z   Analyzing trials... ━━━━━━━━━━━━━━━━━━━━━━━━━━━━━━━━━━━━━━━━ 2/2 0:03:45
review / pass2	UNKNOWN STEP	2026-08-15T07:20:05.0346696Z ✓ Results written to pass2-analyze/31870591753-pass2.json
review / pass2	UNKNOWN STEP	2026-08-15T07:20:05.0450322Z 
review / pass2	UNKNOWN STEP	2026-08-15T07:20:05.0450395Z Job Summary:
review / pass2	UNKNOWN STEP	2026-08-15T07:20:05.0450541Z ## Per-Trajectory Rubric
review / pass2	UNKNOWN STEP	2026-08-15T07:20:05.0450636Z 
review / pass2	UNKNOWN STEP	2026-08-15T07:20:05.0450765Z | Trial | Reward | task_specification | reward_hacking | difficulty_crux | 
review / pass2	UNKNOWN STEP	2026-08-15T07:20:05.0451013Z near_miss | refusals | low_timeout | approach_validity |
review / pass2	UNKNOWN STEP	2026-08-15T07:20:05.0451215Z |---|---|---|---|---|---|---|---|---|
review / pass2	UNKNOWN STEP	2026-08-15T07:20:05.0451390Z | task__7S6hyhJ | 0.0 | PASS | PASS | FAIL | PASS | PASS | FAIL | PASS |
review / pass2	UNKNOWN STEP	2026-08-15T07:20:05.0451600Z | task__Jv2BTEt | 0.0 | PASS | PASS | PASS | PASS | PASS | FAIL | PASS |
review / pass2	UNKNOWN STEP	2026-08-15T07:20:05.0451726Z 
review / pass2	UNKNOWN STEP	2026-08-15T07:20:05.0451766Z ---
review / pass2	UNKNOWN STEP	2026-08-15T07:20:05.0451825Z 
review / pass2	UNKNOWN STEP	2026-08-15T07:20:05.0451871Z ## Fail Reasons
review / pass2	UNKNOWN STEP	2026-08-15T07:20:05.0451933Z 
review / pass2	UNKNOWN STEP	2026-08-15T07:20:05.0452026Z Both trials share a single root cause: **LLM-generation timeout**. The 
review / pass2	UNKNOWN STEP	2026-08-15T07:20:05.0452278Z 600-second wall-clock limit was insufficient for agents generating non-trivial 
review / pass2	UNKNOWN STEP	2026-08-15T07:20:05.0452498Z MRP simulation code under high-effort reasoning.
review / pass2	UNKNOWN STEP	2026-08-15T07:20:05.0452602Z 
review / pass2	UNKNOWN STEP	2026-08-15T07:20:05.0452768Z - **task__7S6hyhJ** — Pure timeout (taxonomy: *terminal wedge / LLM-generation 
review / pass2	UNKNOWN STEP	2026-08-15T07:20:05.0453012Z timeout*). The agent completed three exploratory steps in ~72 s, then launched a
review / pass2	UNKNOWN STEP	2026-08-15T07:20:05.0453254Z 4th high-effort LLM call to write the full MRP script. That call ran for ~528 s 
review / pass2	UNKNOWN STEP	2026-08-15T07:20:05.0453482Z and was killed by the timer at exactly 600 s. Zero output produced.
review / pass2	UNKNOWN STEP	2026-08-15T07:20:05.0453735Z - **task__Jv2BTEt** — Near-miss timeout (taxonomy: *near-miss timeout*). The 
review / pass2	UNKNOWN STEP	2026-08-15T07:20:05.0453967Z agent completed five LLM calls in ~268 s, wrote and ran a substantial Python 
review / pass2	UNKNOWN STEP	2026-08-15T07:20:05.0454204Z solution, then launched a 6th call to implement the missing `limiting_resource` 
review / pass2	UNKNOWN STEP	2026-08-15T07:20:05.0454452Z logic. That call was killed at the 600 s wall-clock boundary with the `pass # 
review / pass2	UNKNOWN STEP	2026-08-15T07:20:05.0454684Z placeholder for now` block still in place. Thirteen of 30 tests passed.
review / pass2	UNKNOWN STEP	2026-08-15T07:20:05.0454813Z 
review / pass2	UNKNOWN STEP	2026-08-15T07:20:05.0454915Z The failures are **fully stratified by progress reached before timeout**, not by
review / pass2	UNKNOWN STEP	2026-08-15T07:20:05.0455160Z algorithm confusion or spec ambiguity. Neither agent was cut off during an idle 
review / pass2	UNKNOWN STEP	2026-08-15T07:20:05.0455401Z loop or early-exit pattern; both were actively generating implementation code.
review / pass2	UNKNOWN STEP	2026-08-15T07:20:05.0455546Z 
review / pass2	UNKNOWN STEP	2026-08-15T07:20:05.0455586Z ---
review / pass2	UNKNOWN STEP	2026-08-15T07:20:05.0455639Z 
review / pass2	UNKNOWN STEP	2026-08-15T07:20:05.0455688Z ## Golden vs Agent Values
review / pass2	UNKNOWN STEP	2026-08-15T07:20:05.0455764Z 
review / pass2	UNKNOWN STEP	2026-08-15T07:20:05.0455852Z | Quantity | Golden expected | Agent value(s) | Off by | Trial(s) |
review / pass2	UNKNOWN STEP	2026-08-15T07:20:05.0456018Z |---|---|---|---|---|
review / pass2	UNKNOWN STEP	2026-08-15T07:20:05.0456213Z | All output values | Full report.json with all 28 orders | *Not produced — 
review / pass2	UNKNOWN STEP	2026-08-15T07:20:05.0456426Z FileNotFoundError* | Entire file absent | task__7S6hyhJ |
review / pass2	UNKNOWN STEP	2026-08-15T07:20:05.0458068Z | `limiting_resource` (14 orders with expected resource) | e.g. O02→"L5", 
review / pass2	UNKNOWN STEP	2026-08-15T07:20:05.0458343Z O04→"L5", O05→"WC3", O06→"L5", O00_A→"L10", O00_F→"L13", O00_G→"WC5", 
review / pass2	UNKNOWN STEP	2026-08-15T07:20:05.0458586Z O00_H→"L15", O00_I→"L16", O00_K→"WC10", O00_L→"WC11", O00_M→"L21", O00_N→"Z10", 
review / pass2	UNKNOWN STEP	2026-08-15T07:20:05.0458834Z O00_P→"WC30" | `null` for all 28 orders | Entire feature absent | task__Jv2BTEt 
review / pass2	UNKNOWN STEP	2026-08-15T07:20:05.0459008Z |
review / pass2	UNKNOWN STEP	2026-08-15T07:20:05.0459183Z | O00_Q `allocated_qty` | 1 | 0 | −1 (floating-point workcenter-hours 
review / pass2	UNKNOWN STEP	2026-08-15T07:20:05.0459361Z comparison) | task__Jv2BTEt |
review / pass2	UNKNOWN STEP	2026-08-15T07:20:05.0459555Z | O00_S2 `allocated_qty` | 1 | 0 | −1 (DFS vs. BFS demand aggregation) | 
review / pass2	UNKNOWN STEP	2026-08-15T07:20:05.0459723Z task__Jv2BTEt |
review / pass2	UNKNOWN STEP	2026-08-15T07:20:05.0459874Z | O00_U `allocated_qty` | 0 | 1 | +1 (substitute blindspot trap) | task__Jv2BTEt
review / pass2	UNKNOWN STEP	2026-08-15T07:20:05.0460040Z |
review / pass2	UNKNOWN STEP	2026-08-15T07:20:05.0460092Z 
review / pass2	UNKNOWN STEP	2026-08-15T07:20:05.0460131Z ---
review / pass2	UNKNOWN STEP	2026-08-15T07:20:05.0460184Z 
review / pass2	UNKNOWN STEP	2026-08-15T07:20:05.0460229Z ## Failing Tests
review / pass2	UNKNOWN STEP	2026-08-15T07:20:05.0460477Z 
review / pass2	UNKNOWN STEP	2026-08-15T07:20:05.0460659Z **task__7S6hyhJ — all 30 tests failed** with `FileNotFoundError: [Errno 2] No 
review / pass2	UNKNOWN STEP	2026-08-15T07:20:05.0460875Z such file or directory: '/app/report.json'`. First failure: 
review / pass2	UNKNOWN STEP	2026-08-15T07:20:05.0461126Z `test_outputs.py::test_file_exists_and_not_symlink`. Source: ctrf.json (flagged 
review / pass2	UNKNOWN STEP	2026-08-15T07:20:05.0461317Z as PREFERRED and present).
review / pass2	UNKNOWN STEP	2026-08-15T07:20:05.0461392Z 
review / pass2	UNKNOWN STEP	2026-08-15T07:20:05.0461511Z **task__Jv2BTEt — 17 of 30 tests failed**, sourced from verifier/ctrf.json:
review / pass2	UNKNOWN STEP	2026-08-15T07:20:05.0461643Z 
review / pass2	UNKNOWN STEP	2026-08-15T07:20:05.0461721Z *Correct allocation but null limiting_resource (14 tests):*
review / pass2	UNKNOWN STEP	2026-08-15T07:20:05.0461911Z `test_order_O02_allocation`, `test_order_O04_allocation`, 
review / pass2	UNKNOWN STEP	2026-08-15T07:20:05.0462093Z `test_order_O05_allocation`, `test_order_O06_allocation`, 
review / pass2	UNKNOWN STEP	2026-08-15T07:20:05.0462278Z `test_order_O00_A_allocation`, `test_order_O00_F_allocation`, 
review / pass2	UNKNOWN STEP	2026-08-15T07:20:05.0462490Z `test_order_O00_G_allocation`, `test_order_O00_H_allocation`, 
review / pass2	UNKNOWN STEP	2026-08-15T07:20:05.0462684Z `test_order_O00_I_allocation`, `test_order_O00_K_allocation`, 
review / pass2	UNKNOWN STEP	2026-08-15T07:20:05.0462870Z `test_order_O00_L_allocation`, `test_order_O00_M_allocation`, 
review / pass2	UNKNOWN STEP	2026-08-15T07:20:05.0463057Z `test_order_O00_N_allocation`, `test_order_O00_P_allocation`
review / pass2	UNKNOWN STEP	2026-08-15T07:20:05.0463167Z 
review / pass2	UNKNOWN STEP	2026-08-15T07:20:05.0463220Z *Wrong allocated_qty (3 tests):*
review / pass2	UNKNOWN STEP	2026-08-15T07:20:05.0463398Z `test_order_O00_Q_allocation` (0 vs 1), `test_order_O00_S2_allocation` (0 vs 1),
review / pass2	UNKNOWN STEP	2026-08-15T07:20:05.0463586Z `test_order_O00_U_allocation` (1 vs 0)
review / pass2	UNKNOWN STEP	2026-08-15T07:20:05.0463673Z 
review / pass2	UNKNOWN STEP	2026-08-15T07:20:05.0463778Z **Cross-trial overlap:** Because task__7S6hyhJ produced no file at all, every 
review / pass2	UNKNOWN STEP	2026-08-15T07:20:05.0464013Z test that exists fails in that trial. The 17 tests failing in task__Jv2BTEt 
review / pass2	UNKNOWN STEP	2026-08-15T07:20:05.0464256Z would be a proper subset of the 30 failing in task__7S6hyhJ, but they cannot be 
review / pass2	UNKNOWN STEP	2026-08-15T07:20:05.0464504Z compared directly since ctrf.json for task__7S6hyhJ only records the structural 
review / pass2	UNKNOWN STEP	2026-08-15T07:20:05.0464703Z absence, not per-value mismatches.
review / pass2	UNKNOWN STEP	2026-08-15T07:20:05.0464792Z 
review / pass2	UNKNOWN STEP	2026-08-15T07:20:05.0464833Z ---
review / pass2	UNKNOWN STEP	2026-08-15T07:20:05.0464884Z 
review / pass2	UNKNOWN STEP	2026-08-15T07:20:05.0464936Z ## Golden Solution Approach
review / pass2	UNKNOWN STEP	2026-08-15T07:20:05.0465016Z 
review / pass2	UNKNOWN STEP	2026-08-15T07:20:05.0465116Z Both trials describe the same reference method (consistent, no discrepancy):
review / pass2	UNKNOWN STEP	2026-08-15T07:20:05.0465258Z 
review / pass2	UNKNOWN STEP	2026-08-15T07:20:05.0465348Z 1. Read all six SQLite tables: `parts`, `bom`, `workcenters`, `routing`, 
review / pass2	UNKNOWN STEP	2026-08-15T07:20:05.0465528Z `substitutes`, `orders`.
review / pass2	UNKNOWN STEP	2026-08-15T07:20:05.0465696Z 2. Process 28 orders in **priority-ascending, order_id-descending** order 
review / pass2	UNKNOWN STEP	2026-08-15T07:20:05.0465959Z (priority is the primary sort key, with order_id used as a secondary descending 
review / pass2	UNKNOWN STEP	2026-08-15T07:20:05.0466139Z tie-break).
review / pass2	UNKNOWN STEP	2026-08-15T07:20:05.0466294Z 3. For each order, perform **top-down BOM DAG explosion** using **level-order 
review / pass2	UNKNOWN STEP	2026-08-15T07:20:05.0466559Z (BFS) demand aggregation** — compute gross demand at every assembly level before
review / pass2	UNKNOWN STEP	2026-08-15T07:20:05.0466741Z netting stock.
review / pass2	UNKNOWN STEP	2026-08-15T07:20:05.0466904Z 4. **Stock netting**: subtract on-hand stock before computing build quantities; 
review / pass2	UNKNOWN STEP	2026-08-15T07:20:05.0480629Z apply **batch-size lot rounding** (ceil to the next multiple of `batch_size`).
review / pass2	UNKNOWN STEP	2026-08-15T07:20:05.0480976Z 5. **Scrap calculation** (per BOM edge): `ceil(build_qty × qty_per × (1 + 
review / pass2	UNKNOWN STEP	2026-08-15T07:20:05.0481171Z scrap_rate_pct/100)) + setup_scrap_qty`.
review / pass2	UNKNOWN STEP	2026-08-15T07:20:05.0481364Z 6. **Substitute consumption**: iterate substitutes in preference-rank order, 
review / pass2	UNKNOWN STEP	2026-08-15T07:20:05.0481616Z applying **floor-division** whole-unit consumption from each substitute's stock 
review / pass2	UNKNOWN STEP	2026-08-15T07:20:05.0481817Z before consuming the primary component.
review / pass2	UNKNOWN STEP	2026-08-15T07:20:05.0482008Z 7. **Workcenter capacity**: deduct setup + run hours from the shared workcenter 
review / pass2	UNKNOWN STEP	2026-08-15T07:20:05.0482189Z pool.
review / pass2	UNKNOWN STEP	2026-08-15T07:20:05.0482348Z 8. **Limiting-resource identification**: for each partially or fully unfulfilled
review / pass2	UNKNOWN STEP	2026-08-15T07:20:05.0482594Z order, compute `available/required` ratio across all leaf components and 
review / pass2	UNKNOWN STEP	2026-08-15T07:20:05.0482958Z workcenters; the resource with the lowest ratio below 1.0 is the 
review / pass2	UNKNOWN STEP	2026-08-15T07:20:05.0483208Z `limiting_resource`, with **ASCII order as tie-break**.
review / pass2	UNKNOWN STEP	2026-08-15T07:20:05.0483406Z 9. Write results as a **sorted JSON array** to `/app/report.json`.
review / pass2	UNKNOWN STEP	2026-08-15T07:20:05.0483534Z 
review / pass2	UNKNOWN STEP	2026-08-15T07:20:05.0483576Z ---
review / pass2	UNKNOWN STEP	2026-08-15T07:20:05.0483631Z 
review / pass2	UNKNOWN STEP	2026-08-15T07:20:05.0483677Z ## Agent Approach
review / pass2	UNKNOWN STEP	2026-08-15T07:20:05.0483740Z 
review / pass2	UNKNOWN STEP	2026-08-15T07:20:05.0483849Z Both agents independently converged on a **Python MRP simulation** approach, 
review / pass2	UNKNOWN STEP	2026-08-15T07:20:05.0484059Z which is the natural and correct method for this task.
review / pass2	UNKNOWN STEP	2026-08-15T07:20:05.0484170Z 
review / pass2	UNKNOWN STEP	2026-08-15T07:20:05.0484308Z - **task__7S6hyhJ**: The agent (steps 1–4) first tried the `sqlite3` CLI (not 
review / pass2	UNKNOWN STEP	2026-08-15T07:20:05.0484550Z installed), then confirmed Python availability, then used Python to dump all six
review / pass2	UNKNOWN STEP	2026-08-15T07:20:05.0484794Z table schemas and full row data. It was mid-way through generating the complete 
review / pass2	UNKNOWN STEP	2026-08-15T07:20:05.0485032Z simulation script when the timeout hit. No algorithmic decisions were 
review / pass2	UNKNOWN STEP	2026-08-15T07:20:05.0485212Z implemented or tested.
review / pass2	UNKNOWN STEP	2026-08-15T07:20:05.0485382Z - **task__Jv2BTEt**: The agent wrote a multi-hundred-line Python script over six
review / pass2	UNKNOWN STEP	2026-08-15T07:20:05.0485645Z LLM calls. The implemented components — BOM explosion, stock netting, scrap 
review / pass2	UNKNOWN STEP	2026-08-15T07:20:05.0485886Z formula, batch rounding, substitute preference-rank loop, workcenter capacity 
review / pass2	UNKNOWN STEP	2026-08-15T07:20:05.0486154Z checks — were largely correct and passed 25 of 28 order allocation tests. The 
review / pass2	UNKNOWN STEP	2026-08-15T07:20:05.0486401Z `limiting_resource` block was left as an explicit `pass # placeholder` with the 
review / pass2	UNKNOWN STEP	2026-08-15T07:20:05.0486604Z agent mid-way through a 6th call to fill it in.
review / pass2	UNKNOWN STEP	2026-08-15T07:20:05.0486705Z 
review / pass2	UNKNOWN STEP	2026-08-15T07:20:05.0486804Z **Convergence observation**: Both agents independently chose Python with 
review / pass2	UNKNOWN STEP	2026-08-15T07:20:05.0487041Z `sqlite3` (standard library) for database access and a recursive or iterative 
review / pass2	UNKNOWN STEP	2026-08-15T07:20:05.0487282Z BOM traversal. This suggests training-data familiarity with MRP simulation 
review / pass2	UNKNOWN STEP	2026-08-15T07:20:05.0487525Z patterns rather than task-specific first-principles derivation. Both also 
review / pass2	UNKNOWN STEP	2026-08-15T07:20:05.0487756Z recognized the need to inspect database schemas first before writing code.
review / pass2	UNKNOWN STEP	2026-08-15T07:20:05.0487918Z 
review / pass2	UNKNOWN STEP	2026-08-15T07:20:05.0487959Z ---
review / pass2	UNKNOWN STEP	2026-08-15T07:20:05.0488011Z 
review / pass2	UNKNOWN STEP	2026-08-15T07:20:05.0488053Z ## Approach Diff
review / pass2	UNKNOWN STEP	2026-08-15T07:20:05.0488116Z 
review / pass2	UNKNOWN STEP	2026-08-15T07:20:05.0488197Z | Step | Golden approach | Agent divergence | Effect on tests |
review / pass2	UNKNOWN STEP	2026-08-15T07:20:05.0488369Z |---|---|---|---|
review / pass2	UNKNOWN STEP	2026-08-15T07:20:05.0488525Z | BFS demand aggregation (O00_S2) | Level-order aggregation before netting | 
review / pass2	UNKNOWN STEP	2026-08-15T07:20:05.0488755Z task__Jv2BTEt used DFS ordering, computing routing setup hours before 
review / pass2	UNKNOWN STEP	2026-08-15T07:20:05.0488975Z aggregating all BOM demands | Wrong `allocated_qty` for O00_S2 (0 vs 1) |
review / pass2	UNKNOWN STEP	2026-08-15T07:20:05.0489206Z | Workcenter hours comparison (O00_Q) | Exact or integer-safe comparison | 
review / pass2	UNKNOWN STEP	2026-08-15T07:20:05.0489445Z task__Jv2BTEt used floating-point comparison susceptible to rounding error | 
review / pass2	UNKNOWN STEP	2026-08-15T07:20:05.0489644Z Wrong `allocated_qty` for O00_Q (0 vs 1) |
review / pass2	UNKNOWN STEP	2026-08-15T07:20:05.0489832Z | Substitute blindspot (O00_U) | Track that substitute-sourced components are 
review / pass2	UNKNOWN STEP	2026-08-15T07:20:05.0490057Z still consumed from the correct pool | task__Jv2BTEt mishandled a 
review / pass2	UNKNOWN STEP	2026-08-15T07:20:05.0490287Z substitute-created part, over-allocating | Wrong `allocated_qty` for O00_U (1 vs
review / pass2	UNKNOWN STEP	2026-08-15T07:20:05.0490471Z 0) |
review / pass2	UNKNOWN STEP	2026-08-15T07:20:05.0490619Z | `limiting_resource` identification | Full ratio comparison across all leaf 
review / pass2	UNKNOWN STEP	2026-08-15T07:20:05.0490856Z parts and workcenters with ASCII tie-break | task__Jv2BTEt: entire feature 
review / pass2	UNKNOWN STEP	2026-08-15T07:20:05.0491081Z absent (`limiting = None`); task__7S6hyhJ: feature never reached | All 14 
review / pass2	UNKNOWN STEP	2026-08-15T07:20:05.0491313Z `limiting_resource` tests in task__Jv2BTEt fail; all 30 tests in task__7S6hyhJ 
review / pass2	UNKNOWN STEP	2026-08-15T07:20:05.0491512Z fail via FileNotFoundError |
review / pass2	UNKNOWN STEP	2026-08-15T07:20:05.0491589Z 
review / pass2	UNKNOWN STEP	2026-08-15T07:20:05.0491759Z The dominant divergence is the **absence of `limiting_resource` logic** in the 
review / pass2	UNKNOWN STEP	2026-08-15T07:20:05.0492032Z only trial that produced output (task__Jv2BTEt). The three allocation bugs are 
review / pass2	UNKNOWN STEP	2026-08-15T07:20:05.0492271Z genuine edge-case errors matching exactly the traps described in `task.toml`. In
review / pass2	UNKNOWN STEP	2026-08-15T07:20:05.0492624Z task__7S6hyhJ, the divergence is total — no code was written.
review / pass2	UNKNOWN STEP	2026-08-15T07:20:05.0492741Z 
review / pass2	UNKNOWN STEP	2026-08-15T07:20:05.0492779Z ---
review / pass2	UNKNOWN STEP	2026-08-15T07:20:05.0492831Z 
review / pass2	UNKNOWN STEP	2026-08-15T07:20:05.0492883Z ## Validity of Agent Approach
review / pass2	UNKNOWN STEP	2026-08-15T07:20:05.0492963Z 
review / pass2	UNKNOWN STEP	2026-08-15T07:20:05.0493065Z **approach_validity is PASS in both trials.** The Python MRP simulation strategy
review / pass2	UNKNOWN STEP	2026-08-15T07:20:05.0493314Z is sound, instruction-permitted, and achievable from the spec — 
review / pass2	UNKNOWN STEP	2026-08-15T07:20:05.0493547Z `solution/solve.py` demonstrates a correct solution using the same approach. The
review / pass2	UNKNOWN STEP	2026-08-15T07:20:05.0493794Z failures are legitimate agent execution limitations (timeout), not evidence of 
review / pass2	UNKNOWN STEP	2026-08-15T07:20:05.0494030Z an over-tight verifier tolerance, undisclosed convention, or spec gap.
review / pass2	UNKNOWN STEP	2026-08-15T07:20:05.0494166Z 
review / pass2	UNKNOWN STEP	2026-08-15T07:20:05.0494259Z There is no cluster of approach_validity FAILs pointing to a task/verifier 
review / pass2	UNKNOWN STEP	2026-08-15T07:20:05.0494492Z defect. The difficulty is **genuine**: the task requires implementing ~8 
review / pass2	UNKNOWN STEP	2026-08-15T07:20:05.0494724Z algorithm steps correctly, handling floating-point precision, BFS vs. DFS 
review / pass2	UNKNOWN STEP	2026-08-15T07:20:05.0494969Z ordering, substitute tracking, and a multi-resource ratio comparison with ASCII 
review / pass2	UNKNOWN STEP	2026-08-15T07:20:05.0495218Z tie-breaking. The golden solution passes all 30 tests using the same approach 
review / pass2	UNKNOWN STEP	2026-08-15T07:20:05.0495406Z the agents converged on.
review / pass2	UNKNOWN STEP	2026-08-15T07:20:05.0495478Z 
review / pass2	UNKNOWN STEP	2026-08-15T07:20:05.0495518Z ---
review / pass2	UNKNOWN STEP	2026-08-15T07:20:05.0495568Z 
review / pass2	UNKNOWN STEP	2026-08-15T07:20:05.0495614Z ## Rubric Aggregate
review / pass2	UNKNOWN STEP	2026-08-15T07:20:05.0495679Z 
review / pass2	UNKNOWN STEP	2026-08-15T07:20:05.0495735Z | Criterion | PASS | FAIL | NA | Pattern |
review / pass2	UNKNOWN STEP	2026-08-15T07:20:05.0495876Z |---|---|---|---|---|
review / pass2	UNKNOWN STEP	2026-08-15T07:20:05.0496042Z | task_specification | 2 | 0 | 0 | Spec is complete and unambiguous across both 
review / pass2	UNKNOWN STEP	2026-08-15T07:20:05.0496276Z trials. The scrap formula, tie-break rules, BFS hint, and substitute logic are 
review / pass2	UNKNOWN STEP	2026-08-15T07:20:05.0496463Z all explicitly stated. |
review / pass2	UNKNOWN STEP	2026-08-15T07:20:05.0496624Z | reward_hacking | 2 | 0 | 0 | No manipulation of grading mechanisms in either 
review / pass2	UNKNOWN STEP	2026-08-15T07:20:05.0496798Z trial. |
review / pass2	UNKNOWN STEP	2026-08-15T07:20:05.0496943Z | difficulty_crux | 1 | 1 | 0 | FAIL only in task__7S6hyhJ, where the timeout 
review / pass2	UNKNOWN STEP	2026-08-15T07:20:05.0497191Z prevented reaching the crux entirely — the agent never wrote any code. 
review / pass2	UNKNOWN STEP	2026-08-15T07:20:05.0497426Z task__Jv2BTEt PASS because the agent did struggle with the intended algorithmic 
review / pass2	UNKNOWN STEP	2026-08-15T07:20:05.0497665Z challenges (limiting_resource, BFS, float precision, substitute blindspot). |
review / pass2	UNKNOWN STEP	2026-08-15T07:20:05.0497922Z | near_miss | 2 | 0 | 0 | Neither trial qualifies: task__7S6hyhJ produced no 
review / pass2	UNKNOWN STEP	2026-08-15T07:20:05.0498144Z output; task__Jv2BTEt passed only 13/30 tests, too far from the pass threshold 
review / pass2	UNKNOWN STEP	2026-08-15T07:20:05.0498333Z to call a near-miss. |
review / pass2	UNKNOWN STEP	2026-08-15T07:20:05.0498486Z | refusals | 2 | 0 | 0 | No refusals in either trial. Task framing is neutral; 
review / pass2	UNKNOWN STEP	2026-08-15T07:20:05.0498662Z no sensitive triggers. |
review / pass2	UNKNOWN STEP	2026-08-15T07:20:05.0498812Z | **low_timeout** | **0** | **2** | **0** | **Both trials fail.** The 600-second
review / pass2	UNKNOWN STEP	2026-08-15T07:20:05.0499032Z wall-clock limit is insufficient for high-effort reasoning generation of a 
review / pass2	UNKNOWN STEP	2026-08-15T07:20:05.0499262Z complex multi-step MRP simulation. Both agents were killed during active, 
review / pass2	UNKNOWN STEP	2026-08-15T07:20:05.0499517Z productive LLM generation — not during idle waits or loops. This is the 
review / pass2	UNKNOWN STEP	2026-08-15T07:20:05.0499704Z **dominant failure signal**. |
review / pass2	UNKNOWN STEP	2026-08-15T07:20:05.0499869Z | approach_validity | 2 | 0 | 0 | Agent approaches are legitimate and 
review / pass2	UNKNOWN STEP	2026-08-15T07:20:05.0500106Z instruction-permitted. The failures are timeout-driven, not verifier-driven. |
review / pass2	UNKNOWN STEP	2026-08-15T07:20:05.0500254Z 
review / pass2	UNKNOWN STEP	2026-08-15T07:20:05.0500330Z **Refusals**: 0 FAILs — no reword needed.
review / pass2	UNKNOWN STEP	2026-08-15T07:20:05.0500603Z **Near-miss**: 0 FAILs — threshold is not doing the work; the task is genuinely 
review / pass2	UNKNOWN STEP	2026-08-15T07:20:05.0500813Z hard.
review / pass2	UNKNOWN STEP	2026-08-15T07:20:05.0500990Z **approach_validity**: 0 FAILs — failures are agent limitations (timeout), not 
review / pass2	UNKNOWN STEP	2026-08-15T07:20:05.0501171Z task/verifier defects.
review / pass2	UNKNOWN STEP	2026-08-15T07:20:05.0501360Z **low_timeout**: 2/2 FAIL — this is a systematic signal requiring a timeout 
review / pass2	UNKNOWN STEP	2026-08-15T07:20:05.0501534Z increase.
review / pass2	UNKNOWN STEP	2026-08-15T07:20:05.0501590Z 
review / pass2	UNKNOWN STEP	2026-08-15T07:20:05.0501630Z ---
review / pass2	UNKNOWN STEP	2026-08-15T07:20:05.0501683Z 
review / pass2	UNKNOWN STEP	2026-08-15T07:20:05.0501727Z ## Summary
review / pass2	UNKNOWN STEP	2026-08-15T07:20:05.0501784Z 
review / pass2	UNKNOWN STEP	2026-08-15T07:20:05.0501920Z TASK FIX SUGGESTED — The 600-second wall-clock timeout is uniformly insufficient
review / pass2	UNKNOWN STEP	2026-08-15T07:20:05.0502164Z for this complex multi-step MRP simulation task; both trials were terminated 
review / pass2	UNKNOWN STEP	2026-08-15T07:20:05.0502408Z mid-implementation during active LLM generation (one before writing any code, 
review / pass2	UNKNOWN STEP	2026-08-15T07:20:05.0502659Z one mid-feature), making the reward-0 outcomes attributable to timeout mechanics
review / pass2	UNKNOWN STEP	2026-08-15T07:20:05.0502903Z rather than true algorithmic failure, and the timeout should be increased to 
review / pass2	UNKNOWN STEP	2026-08-15T07:20:05.0503145Z allow agents to complete the non-trivial simulation code generation this task 
review / pass2	UNKNOWN STEP	2026-08-15T07:20:05.0503324Z requires.
review / pass2	UNKNOWN STEP	2026-08-15T07:20:05.0503393Z 
review / pass2	UNKNOWN STEP	2026-08-15T07:20:05.0503499Z Summary: Outcome: FAIL, reward 0.0; taxonomy label: LLM-generation timeout. The 
review / pass2	UNKNOWN STEP	2026-08-15T07:20:05.0503730Z agent ran out of time while the 4th LLM call (generating the actual MRP 
review / pass2	UNKNOWN STEP	2026-08-15T07:20:05.0503978Z simulation code) was still in flight — no report.json was ever created.
review / pass2	UNKNOWN STEP	2026-08-15T07:20:05.0504113Z 
review / pass2	UNKNOWN STEP	2026-08-15T07:20:05.0504214Z Failing tests: All 30 tests in test_outputs.py failed with `FileNotFoundError: 
review / pass2	UNKNOWN STEP	2026-08-15T07:20:05.0504439Z [Errno 2] No such file or directory: '/app/report.json'`, starting with 
review / pass2	UNKNOWN STEP	2026-08-15T07:20:05.0504673Z `test_outputs.py::test_file_exists_and_not_symlink` (AssertionError on 
review / pass2	UNKNOWN STEP	2026-08-15T07:20:05.0504880Z os.path.exists). Source: ctrf.json (PREFERRED, present).
review / pass2	UNKNOWN STEP	2026-08-15T07:20:05.0504997Z 
review / pass2	UNKNOWN STEP	2026-08-15T07:20:05.0505102Z Golden vs agent values: No values recoverable. artifacts/manifest.json confirms 
review / pass2	UNKNOWN STEP	2026-08-15T07:20:05.0505338Z `"source": "/app/report.json", "status": "failed"`. The agent produced zero 
review / pass2	UNKNOWN STEP	2026-08-15T07:20:05.0505552Z output. Every expected value (e.g., O01 allocated_qty=12, O02 
review / pass2	UNKNOWN STEP	2026-08-15T07:20:05.0505738Z allocated_qty=0/limiting=L5, etc.) is uncompared.
review / pass2	UNKNOWN STEP	2026-08-15T07:20:05.0505841Z 
review / pass2	UNKNOWN STEP	2026-08-15T07:20:05.0505942Z Golden approach (from solution_explanation + instruction.md): Read all six 
review / pass2	UNKNOWN STEP	2026-08-15T07:20:05.0506180Z SQLite tables; process 28 orders in priority-ascending, order_id-descending 
review / pass2	UNKNOWN STEP	2026-08-15T07:20:05.0506412Z order; for each order perform top-down BOM DAG explosion with stock netting, 
review / pass2	UNKNOWN STEP	2026-08-15T07:20:05.0506680Z batch-size lot rounding, ceil-based scrap calculation (ceil(build_qty × qty_per 
review / pass2	UNKNOWN STEP	2026-08-15T07:20:05.0506935Z × (1 + scrap_pct/100)) + setup_scrap_qty), substitute consumption in 
review / pass2	UNKNOWN STEP	2026-08-15T07:20:05.0507157Z preference-rank order (floor division for whole units), workcenter hours 
review / pass2	UNKNOWN STEP	2026-08-15T07:20:05.0507399Z deduction, and limiting-resource identification by minimum available/required 
review / pass2	UNKNOWN STEP	2026-08-15T07:20:05.0507640Z ratio across leaf components and workcenters; write sorted JSON to 
review / pass2	UNKNOWN STEP	2026-08-15T07:20:05.0507838Z /app/report.json.
review / pass2	UNKNOWN STEP	2026-08-15T07:20:05.0507899Z 
review / pass2	UNKNOWN STEP	2026-08-15T07:20:05.0508034Z Agent approach: Steps 1–4 (3 completed LLM calls, ~72 s total). Step 2 attempted
review / pass2	UNKNOWN STEP	2026-08-15T07:20:05.0508270Z sqlite3 CLI (not installed). Step 3 confirmed python3 available. Step 4 used 
review / pass2	UNKNOWN STEP	2026-08-15T07:20:05.0508506Z Python to dump all six table schemas and full row data (parts, bom, workcenters,
review / pass2	UNKNOWN STEP	2026-08-15T07:20:05.0508768Z routing, substitutes, orders). The agent then initiated a 4th LLM call — 
review / pass2	UNKNOWN STEP	2026-08-15T07:20:05.0509029Z presumably to write the full MRP simulation script — which was still executing 
review / pass2	UNKNOWN STEP	2026-08-15T07:20:05.0509269Z (with reasoning effort=high) when the 600-second wall-clock timer fired at 
review / pass2	UNKNOWN STEP	2026-08-15T07:20:05.0509557Z 07:14:27, aborting the process. result.json exception_type is AgentTimeoutError 
review / pass2	UNKNOWN STEP	2026-08-15T07:20:05.0509809Z from asyncio CancelledError inside httpx aiohttp_transport.
review / pass2	UNKNOWN STEP	2026-08-15T07:20:05.0509929Z 
review / pass2	UNKNOWN STEP	2026-08-15T07:20:05.0510034Z Approach diff: The agent never produced any code. Its planned approach (Python 
review / pass2	UNKNOWN STEP	2026-08-15T07:20:05.0510300Z MRP simulation) was sound, but the 4th LLM call — which would have contained the
review / pass2	UNKNOWN STEP	2026-08-15T07:20:05.0510571Z entire simulation implementation — was cut off at ~528 s into the LLM response 
review / pass2	UNKNOWN STEP	2026-08-15T07:20:05.0510806Z (72 s were used by the first 3 calls). No algorithmic decisions were made or 
review / pass2	UNKNOWN STEP	2026-08-15T07:20:05.0510982Z tested.
review / pass2	UNKNOWN STEP	2026-08-15T07:20:05.0511036Z 
review / pass2	UNKNOWN STEP	2026-08-15T07:20:05.0511129Z Artifacts: Missing/empty. artifacts/manifest.json status="failed" for 
review / pass2	UNKNOWN STEP	2026-08-15T07:20:05.0511351Z /app/report.json. No output data for comparison; recommend re-run.
review / pass2	UNKNOWN STEP	2026-08-15T07:20:05.0511479Z 
review / pass2	UNKNOWN STEP	2026-08-15T07:20:05.0518942Z                               Trial: task__7S6hyhJ                              
review / pass2	UNKNOWN STEP	2026-08-15T07:20:05.0519187Z ┏━━━━━━━━━━━━━━━━━━━━━━━━━┳━━━━━━━━━┳━━━━━━━━━━━━━━━━━━━━━━━━━━━━━━━━━━━━━━━━━━┓
review / pass2	UNKNOWN STEP	2026-08-15T07:20:05.0519435Z ┃ Check                   ┃ Outcome ┃ Explanation                              ┃
review / pass2	UNKNOWN STEP	2026-08-15T07:20:05.0519671Z ┡━━━━━━━━━━━━━━━━━━━━━━━━━╇━━━━━━━━━╇━━━━━━━━━━━━━━━━━━━━━━━━━━━━━━━━━━━━━━━━━━┩
review / pass2	UNKNOWN STEP	2026-08-15T07:20:05.0519911Z │ Task Specification      │ pass    │ instruction.md is comprehensive: it      │
review / pass2	UNKNOWN STEP	2026-08-15T07:20:05.0520149Z │                         │         │ specifies all six tables with column     │
review / pass2	UNKNOWN STEP	2026-08-15T07:20:05.0520373Z │                         │         │ semantics, a precise 6-step algorithm    │
review / pass2	UNKNOWN STEP	2026-08-15T07:20:05.0520580Z │                         │         │ including scrap formula (ceil(build_qty  │
review / pass2	UNKNOWN STEP	2026-08-15T07:20:05.0520785Z │                         │         │ × qty_per × (1 + scrap_rate_pct/100)) +  │
review / pass2	UNKNOWN STEP	2026-08-15T07:20:05.0520989Z │                         │         │ setup_scrap_qty), batch_size rounding,   │
review / pass2	UNKNOWN STEP	2026-08-15T07:20:05.0521209Z │                         │         │ substitute floor-division consumption,   │
review / pass2	UNKNOWN STEP	2026-08-15T07:20:05.0521423Z │                         │         │ workcenter setup+run hours,              │
review / pass2	UNKNOWN STEP	2026-08-15T07:20:05.0521627Z │                         │         │ limiting-resource min-ratio              │
review / pass2	UNKNOWN STEP	2026-08-15T07:20:05.0521837Z │                         │         │ identification (with ASCII tie-break),   │
review / pass2	UNKNOWN STEP	2026-08-15T07:20:05.0522040Z │                         │         │ and the exact JSON output format and     │
review / pass2	UNKNOWN STEP	2026-08-15T07:20:05.0522248Z │                         │         │ sort order. The failure was a timeout    │
review / pass2	UNKNOWN STEP	2026-08-15T07:20:05.0522452Z │                         │         │ before any code was written, not a spec  │
review / pass2	UNKNOWN STEP	2026-08-15T07:20:05.0522660Z │                         │         │ ambiguity. Task specification is         │
review / pass2	UNKNOWN STEP	2026-08-15T07:20:05.0522862Z │                         │         │ sufficient.                              │
review / pass2	UNKNOWN STEP	2026-08-15T07:20:05.0523090Z ├─────────────────────────┼─────────┼──────────────────────────────────────────┤
review / pass2	UNKNOWN STEP	2026-08-15T07:20:05.0523326Z │ Reward Hacking          │ pass    │ Trajectory (agent/trajectory.json) shows │
review / pass2	UNKNOWN STEP	2026-08-15T07:20:05.0523553Z │                         │         │ only 4 steps: database inspection via    │
review / pass2	UNKNOWN STEP	2026-08-15T07:20:05.0523760Z │                         │         │ Python. No file writes of any kind       │
review / pass2	UNKNOWN STEP	2026-08-15T07:20:05.0523962Z │                         │         │ occurred. The agent never accessed       │
review / pass2	UNKNOWN STEP	2026-08-15T07:20:05.0524169Z │                         │         │ solution/, tests/, or verifier files,    │
review / pass2	UNKNOWN STEP	2026-08-15T07:20:05.0524371Z │                         │         │ and the timeout prevented it from        │
review / pass2	UNKNOWN STEP	2026-08-15T07:20:05.0524578Z │                         │         │ writing anything at all. No manipulation │
review / pass2	UNKNOWN STEP	2026-08-15T07:20:05.0524781Z │                         │         │ of the grading mechanism is evidenced.   │
review / pass2	UNKNOWN STEP	2026-08-15T07:20:05.0525102Z ├─────────────────────────┼─────────┼──────────────────────────────────────────┤
review / pass2	UNKNOWN STEP	2026-08-15T07:20:05.0525416Z │ Difficulty Crux         │ fail    │ task.toml difficulty_explanation         │
review / pass2	UNKNOWN STEP	2026-08-15T07:20:05.0525640Z │                         │         │ describes the intended crux as correctly │
review / pass2	UNKNOWN STEP	2026-08-15T07:20:05.0525849Z │                         │         │ implementing complex multi-level MRP     │
review / pass2	UNKNOWN STEP	2026-08-15T07:20:05.0526069Z │                         │         │ simulation logic — BOM explosion, scrap  │
review / pass2	UNKNOWN STEP	2026-08-15T07:20:05.0526273Z │                         │         │ formulas, substitute cascades,           │
review / pass2	UNKNOWN STEP	2026-08-15T07:20:05.0526503Z │                         │         │ workcenter capacity, lot rounding, and   │
review / pass2	UNKNOWN STEP	2026-08-15T07:20:05.0526718Z │                         │         │ limiting-resource ratios. The agent      │
review / pass2	UNKNOWN STEP	2026-08-15T07:20:05.0526933Z │                         │         │ failed because the 4th LLM call (to      │
review / pass2	UNKNOWN STEP	2026-08-15T07:20:05.0527137Z │                         │         │ generate the solution code) was killed   │
review / pass2	UNKNOWN STEP	2026-08-15T07:20:05.0527350Z │                         │         │ by the 600-second timeout, never         │
review / pass2	UNKNOWN STEP	2026-08-15T07:20:05.0527555Z │                         │         │ reaching the algorithmic challenge. The  │
review / pass2	UNKNOWN STEP	2026-08-15T07:20:05.0527765Z │                         │         │ agent correctly gathered all data (step  │
review / pass2	UNKNOWN STEP	2026-08-15T07:20:05.0528007Z │                         │         │ 4) but was cut off before attempting any │
review / pass2	UNKNOWN STEP	2026-08-15T07:20:05.0528211Z │                         │         │ of the intended MRP logic. The failure   │
review / pass2	UNKNOWN STEP	2026-08-15T07:20:05.0528420Z │                         │         │ reason (LLM response latency under       │
review / pass2	UNKNOWN STEP	2026-08-15T07:20:05.0528627Z │                         │         │ high-effort reasoning) is unrelated to   │
review / pass2	UNKNOWN STEP	2026-08-15T07:20:05.0528836Z │                         │         │ the author's stated difficulty.          │
review / pass2	UNKNOWN STEP	2026-08-15T07:20:05.0529059Z ├─────────────────────────┼─────────┼──────────────────────────────────────────┤
review / pass2	UNKNOWN STEP	2026-08-15T07:20:05.0529292Z │ Near Miss               │ pass    │ The agent produced zero output —         │
review / pass2	UNKNOWN STEP	2026-08-15T07:20:05.0529512Z │                         │         │ /app/report.json never existed. All 30   │
review / pass2	UNKNOWN STEP	2026-08-15T07:20:05.0529728Z │                         │         │ tests fail with FileNotFoundError, not   │
review / pass2	UNKNOWN STEP	2026-08-15T07:20:05.0529932Z │                         │         │ with wrong values. This is a complete    │
review / pass2	UNKNOWN STEP	2026-08-15T07:20:05.0530142Z │                         │         │ structural failure (no output), not a    │
review / pass2	UNKNOWN STEP	2026-08-15T07:20:05.0530351Z │                         │         │ near-miss where a close answer missed a  │
review / pass2	UNKNOWN STEP	2026-08-15T07:20:05.0530558Z │                         │         │ threshold. The near-miss criterion does  │
review / pass2	UNKNOWN STEP	2026-08-15T07:20:05.0530761Z │                         │         │ not apply.                               │
review / pass2	UNKNOWN STEP	2026-08-15T07:20:05.0530980Z ├─────────────────────────┼─────────┼──────────────────────────────────────────┤
review / pass2	UNKNOWN STEP	2026-08-15T07:20:05.0531258Z │ Refusals                │ pass    │ The agent engaged fully with the task    │
review / pass2	UNKNOWN STEP	2026-08-15T07:20:05.0531517Z │                         │         │ across all 4 trajectory steps,           │
review / pass2	UNKNOWN STEP	2026-08-15T07:20:05.0531725Z │                         │         │ inspecting the database schema and data. │
review / pass2	UNKNOWN STEP	2026-08-15T07:20:05.0531930Z │                         │         │ No refusal language appears anywhere in  │
review / pass2	UNKNOWN STEP	2026-08-15T07:20:05.0532136Z │                         │         │ the trajectory. The agent's only         │
review / pass2	UNKNOWN STEP	2026-08-15T07:20:05.0532340Z │                         │         │ impediment was the timeout.              │
review / pass2	UNKNOWN STEP	2026-08-15T07:20:05.0532561Z ├─────────────────────────┼─────────┼──────────────────────────────────────────┤
review / pass2	UNKNOWN STEP	2026-08-15T07:20:05.0532784Z │ Low Timeout             │ fail    │ Trajectory steps 2–4 show steady         │
review / pass2	UNKNOWN STEP	2026-08-15T07:20:05.0533002Z │                         │         │ productive progress: the agent           │
review / pass2	UNKNOWN STEP	2026-08-15T07:20:05.0533210Z │                         │         │ discovered sqlite3 was absent, switched  │
review / pass2	UNKNOWN STEP	2026-08-15T07:20:05.0533421Z │                         │         │ to Python, and dumped all six table      │
review / pass2	UNKNOWN STEP	2026-08-15T07:20:05.0533631Z │                         │         │ schemas and rows. After step 4           │
review / pass2	UNKNOWN STEP	2026-08-15T07:20:05.0533835Z │                         │         │ (completed ~90 s into the 600 s window), │
review / pass2	UNKNOWN STEP	2026-08-15T07:20:05.0534040Z │                         │         │ the agent initiated a 4th LLM call to    │
review / pass2	UNKNOWN STEP	2026-08-15T07:20:05.0534247Z │                         │         │ generate the MRP simulation code; that   │
review / pass2	UNKNOWN STEP	2026-08-15T07:20:05.0534451Z │                         │         │ call ran for ~528 s before the           │
review / pass2	UNKNOWN STEP	2026-08-15T07:20:05.0534654Z │                         │         │ wall-clock timeout killed it             │
review / pass2	UNKNOWN STEP	2026-08-15T07:20:05.0534859Z │                         │         │ (AgentTimeoutError at 07:14:27, exactly  │
review / pass2	UNKNOWN STEP	2026-08-15T07:20:05.0535063Z │                         │         │ 600 s after 07:04:27). The agent was     │
review / pass2	UNKNOWN STEP	2026-08-15T07:20:05.0535270Z │                         │         │ actively doing meaningful work —         │
review / pass2	UNKNOWN STEP	2026-08-15T07:20:05.0535480Z │                         │         │ generating a non-trivial MRP solution    │
review / pass2	UNKNOWN STEP	2026-08-15T07:20:05.0535683Z │                         │         │ under high reasoning effort — when cut   │
review / pass2	UNKNOWN STEP	2026-08-15T07:20:05.0535893Z │                         │         │ off. The 600-second agent timeout is     │
review / pass2	UNKNOWN STEP	2026-08-15T07:20:05.0536098Z │                         │         │ insufficient for this model/effort       │
review / pass2	UNKNOWN STEP	2026-08-15T07:20:05.0536301Z │                         │         │ combination on a task this complex.      │
review / pass2	UNKNOWN STEP	2026-08-15T07:20:05.0536528Z ├─────────────────────────┼─────────┼──────────────────────────────────────────┤
review / pass2	UNKNOWN STEP	2026-08-15T07:20:05.0536760Z │ Approach Validity       │ pass    │ The agent's approach — gather all        │
review / pass2	UNKNOWN STEP	2026-08-15T07:20:05.0536989Z │                         │         │ database data then write a Python MRP    │
review / pass2	UNKNOWN STEP	2026-08-15T07:20:05.0537201Z │                         │         │ simulation — is sound and fully          │
review / pass2	UNKNOWN STEP	2026-08-15T07:20:05.0537413Z │                         │         │ permitted by instruction.md, which       │
review / pass2	UNKNOWN STEP	2026-08-15T07:20:05.0537616Z │                         │         │ imposes no restrictions on               │
review / pass2	UNKNOWN STEP	2026-08-15T07:20:05.0537856Z │                         │         │ implementation language or method. The   │
review / pass2	UNKNOWN STEP	2026-08-15T07:20:05.0538064Z │                         │         │ verifier never received any output to    │
review / pass2	UNKNOWN STEP	2026-08-15T07:20:05.0538273Z │                         │         │ reject; the failure was not an approach  │
review / pass2	UNKNOWN STEP	2026-08-15T07:20:05.0538480Z │                         │         │ mismatch with the verifier but a timeout │
review / pass2	UNKNOWN STEP	2026-08-15T07:20:05.0538686Z │                         │         │ that prevented code generation entirely. │
review / pass2	UNKNOWN STEP	2026-08-15T07:20:05.0538895Z │                         │         │ A competent agent following this same    │
review / pass2	UNKNOWN STEP	2026-08-15T07:20:05.0539102Z │                         │         │ approach, given more time, could produce │
review / pass2	UNKNOWN STEP	2026-08-15T07:20:05.0539405Z │                         │         │ a correct solution. This is a legitimate │
review / pass2	UNKNOWN STEP	2026-08-15T07:20:05.0539645Z │                         │         │ agent execution limitation, not a        │
review / pass2	UNKNOWN STEP	2026-08-15T07:20:05.0539850Z │                         │         │ task/verifier defect.                    │
review / pass2	UNKNOWN STEP	2026-08-15T07:20:05.0540070Z ├─────────────────────────┼─────────┼──────────────────────────────────────────┤
review / pass2	UNKNOWN STEP	2026-08-15T07:20:05.0540309Z │ Decisive Rule Disclosed │ pass    │ The agent produced no output at all.     │
review / pass2	UNKNOWN STEP	2026-08-15T07:20:05.0540543Z │                         │         │ There is no single deciding verifier     │
review / pass2	UNKNOWN STEP	2026-08-15T07:20:05.0540749Z │                         │         │ rule that turned reward to 0 — every     │
review / pass2	UNKNOWN STEP	2026-08-15T07:20:05.0540956Z │                         │         │ test fails with FileNotFoundError, a     │
review / pass2	UNKNOWN STEP	2026-08-15T07:20:05.0541159Z │                         │         │ structural absence. When the agent       │
review / pass2	UNKNOWN STEP	2026-08-15T07:20:05.0541371Z │                         │         │ failed broadly due to producing no       │
review / pass2	UNKNOWN STEP	2026-08-15T07:20:05.0541578Z │                         │         │ output (not because it implemented       │
review / pass2	UNKNOWN STEP	2026-08-15T07:20:05.0541781Z │                         │         │ something incorrectly), there is no      │
review / pass2	UNKNOWN STEP	2026-08-15T07:20:05.0541988Z │                         │         │ single undisclosed rule to identify. Per │
review / pass2	UNKNOWN STEP	2026-08-15T07:20:05.0542197Z │                         │         │ guidance, mark PASS when there is no     │
review / pass2	UNKNOWN STEP	2026-08-15T07:20:05.0542403Z │                         │         │ single deciding rule.                    │
review / pass2	UNKNOWN STEP	2026-08-15T07:20:05.0542623Z ├─────────────────────────┼─────────┼──────────────────────────────────────────┤
review / pass2	UNKNOWN STEP	2026-08-15T07:20:05.0542854Z │ Spec Consistency        │ pass    │ The trial engaged the task but failed    │
review / pass2	UNKNOWN STEP	2026-08-15T07:20:05.0543079Z │                         │         │ due to timeout before implementing       │
review / pass2	UNKNOWN STEP	2026-08-15T07:20:05.0543292Z │                         │         │ anything. There is no contradiction,     │
review / pass2	UNKNOWN STEP	2026-08-15T07:20:05.0543500Z │                         │         │ ambiguity, or authority inversion        │
review / pass2	UNKNOWN STEP	2026-08-15T07:20:05.0543722Z │                         │         │ between instruction.md and the verifier: │
review / pass2	UNKNOWN STEP	2026-08-15T07:20:05.0543927Z │                         │         │ the agent never produced output that     │
review / pass2	UNKNOWN STEP	2026-08-15T07:20:05.0544135Z │                         │         │ could be tested against the spec. No     │
review / pass2	UNKNOWN STEP	2026-08-15T07:20:05.0544341Z │                         │         │ defect shape (contradiction, ambiguity,  │
review / pass2	UNKNOWN STEP	2026-08-15T07:20:05.0544552Z │                         │         │ or decoy docs) applies. PASS.            │
review / pass2	UNKNOWN STEP	2026-08-15T07:20:05.0544780Z └─────────────────────────┴─────────┴──────────────────────────────────────────┘
review / pass2	UNKNOWN STEP	2026-08-15T07:20:05.0551937Z 
review / pass2	UNKNOWN STEP	2026-08-15T07:20:05.0552075Z Summary: Outcome: FAIL, reward=0. Failure taxonomy: near-miss timeout — agent 
review / pass2	UNKNOWN STEP	2026-08-15T07:20:05.0552368Z was actively making a 6th LLM call to implement the missing limiting_resource 
review / pass2	UNKNOWN STEP	2026-08-15T07:20:05.0552675Z logic when the 600-second wall-clock timeout hit, after having already written 
review / pass2	UNKNOWN STEP	2026-08-15T07:20:05.0552891Z and run a partially-complete Python solution.
review / pass2	UNKNOWN STEP	2026-08-15T07:20:05.0552994Z 
review / pass2	UNKNOWN STEP	2026-08-15T07:20:05.0553091Z Failing tests (sourced from verifier/ctrf.json): 17 total. 14 tests where 
review / pass2	UNKNOWN STEP	2026-08-15T07:20:05.0553327Z allocated_qty and shortfall_qty are correct but limiting_resource = null instead
review / pass2	UNKNOWN STEP	2026-08-15T07:20:05.0553563Z of the expected resource: test_order_O02_allocation (expected "L5"), 
review / pass2	UNKNOWN STEP	2026-08-15T07:20:05.0553777Z test_order_O04_allocation ("L5"), test_order_O05_allocation ("WC3"), 
review / pass2	UNKNOWN STEP	2026-08-15T07:20:05.0553993Z test_order_O06_allocation ("L5"), test_order_O00_A_allocation ("L10"), 
review / pass2	UNKNOWN STEP	2026-08-15T07:20:05.0554208Z test_order_O00_F_allocation ("L13"), test_order_O00_G_allocation ("WC5"), 
review / pass2	UNKNOWN STEP	2026-08-15T07:20:05.0554432Z test_order_O00_H_allocation ("L15"), test_order_O00_I_allocation ("L16"), 
review / pass2	UNKNOWN STEP	2026-08-15T07:20:05.0554654Z test_order_O00_K_allocation ("WC10"), test_order_O00_L_allocation ("WC11"), 
review / pass2	UNKNOWN STEP	2026-08-15T07:20:05.0554881Z test_order_O00_M_allocation ("L21"), test_order_O00_N_allocation ("Z10"), 
review / pass2	UNKNOWN STEP	2026-08-15T07:20:05.0555108Z test_order_O00_P_allocation ("WC30"). 3 tests failed due to wrong allocated_qty:
review / pass2	UNKNOWN STEP	2026-08-15T07:20:05.0555374Z test_order_O00_Q_allocation (agent=0, expected=1 — floating-point workcenter 
review / pass2	UNKNOWN STEP	2026-08-15T07:20:05.0555644Z hours comparison), test_order_O00_S2_allocation (agent=0, expected=1 — BFS vs 
review / pass2	UNKNOWN STEP	2026-08-15T07:20:05.0555907Z DFS demand aggregation), test_order_O00_U_allocation (agent=1, expected=0 — 
review / pass2	UNKNOWN STEP	2026-08-15T07:20:05.0556097Z substitute blindspot trap).
review / pass2	UNKNOWN STEP	2026-08-15T07:20:05.0556175Z 
review / pass2	UNKNOWN STEP	2026-08-15T07:20:05.0556274Z Golden vs agent values: All 28 limiting_resource values are null in the agent's 
review / pass2	UNKNOWN STEP	2026-08-15T07:20:05.0556519Z output (artifacts/app/report.json); 14 orders should have non-null resource IDs.
review / pass2	UNKNOWN STEP	2026-08-15T07:20:05.0556758Z For three orders, allocated_qty is also wrong: O00_Q (0 vs 1), O00_S2 (0 vs 1), 
review / pass2	UNKNOWN STEP	2026-08-15T07:20:05.0556945Z O00_U (1 vs 0).
review / pass2	UNKNOWN STEP	2026-08-15T07:20:05.0557007Z 
review / pass2	UNKNOWN STEP	2026-08-15T07:20:05.0557112Z Golden approach: The reference solution (solution/solve.py) implements full MRP 
review / pass2	UNKNOWN STEP	2026-08-15T07:20:05.0557357Z simulation including BOM explosion with level-order demand aggregation, stock 
review / pass2	UNKNOWN STEP	2026-08-15T07:20:05.0557600Z netting, batch rounding, per-edge scrap calculation (ceil(qty_per * build_qty * 
review / pass2	UNKNOWN STEP	2026-08-15T07:20:05.0557866Z (1 + scrap_pct/100)) + setup_scrap), substitute preference-rank consumption, 
review / pass2	UNKNOWN STEP	2026-08-15T07:20:05.0558091Z workcenter hour deduction, and limiting_resource identification via 
review / pass2	UNKNOWN STEP	2026-08-15T07:20:05.0558393Z available/required ratio comparison across all leaf components and workcenters.
review / pass2	UNKNOWN STEP	2026-08-15T07:20:05.0558543Z 
review / pass2	UNKNOWN STEP	2026-08-15T07:20:05.0558675Z Agent approach: The agent wrote a Python script in step 6 (trajectory steps 1–6,
review / pass2	UNKNOWN STEP	2026-08-15T07:20:05.0558912Z 5 LLM calls). The BOM explosion, stock netting, scrap formula, batch rounding, 
review / pass2	UNKNOWN STEP	2026-08-15T07:20:05.0559153Z substitute loop, and workcenter capacity checks were implemented and largely 
review / pass2	UNKNOWN STEP	2026-08-15T07:20:05.0559393Z correct. However, the limiting_resource code block was left as an explicit 
review / pass2	UNKNOWN STEP	2026-08-15T07:20:05.0559630Z placeholder: `limiting = None` with `pass # placeholder for now; we'll implement
review / pass2	UNKNOWN STEP	2026-08-15T07:20:05.0559871Z properly`. The agent was making the 6th LLM API call to implement this feature 
review / pass2	UNKNOWN STEP	2026-08-15T07:20:05.0560090Z when the 600-second timeout terminated the process mid-stream.
review / pass2	UNKNOWN STEP	2026-08-15T07:20:05.0560211Z 
review / pass2	UNKNOWN STEP	2026-08-15T07:20:05.0560306Z Approach diff: The agent's BOM logic was sound for most orders. The three 
review / pass2	UNKNOWN STEP	2026-08-15T07:20:05.0560566Z allocation bugs — floating-point comparison for workcenter hours (O00_Q), DFS 
review / pass2	UNKNOWN STEP	2026-08-15T07:20:05.0560807Z rather than BFS demand aggregation before routing setup-hours computation 
review / pass2	UNKNOWN STEP	2026-08-15T07:20:05.0561033Z (O00_S2), and incorrect substitute handling for a substitute-created part 
review / pass2	UNKNOWN STEP	2026-08-15T07:20:05.0561288Z (O00_U) — are edge cases the golden solution handles correctly. The complete 
review / pass2	UNKNOWN STEP	2026-08-15T07:20:05.0561599Z absence of limiting_resource logic is the agent's only architectural gap, and it
review / pass2	UNKNOWN STEP	2026-08-15T07:20:05.0561849Z was actively being written when the timeout hit.
review / pass2	UNKNOWN STEP	2026-08-15T07:20:05.0561949Z 
review / pass2	UNKNOWN STEP	2026-08-15T07:20:05.0562082Z Artifacts: present — artifacts/app/report.json exists and contains all 28 order 
review / pass2	UNKNOWN STEP	2026-08-15T07:20:05.0562281Z results, all with limiting_resource: null.
review / pass2	UNKNOWN STEP	2026-08-15T07:20:05.0562374Z 
review / pass2	UNKNOWN STEP	2026-08-15T07:20:05.0599141Z                               Trial: task__Jv2BTEt                              
review / pass2	UNKNOWN STEP	2026-08-15T07:20:05.0599376Z ┏━━━━━━━━━━━━━━━━━━━━━━━━━┳━━━━━━━━━┳━━━━━━━━━━━━━━━━━━━━━━━━━━━━━━━━━━━━━━━━━━┓
review / pass2	UNKNOWN STEP	2026-08-15T07:20:05.0599602Z ┃ Check                   ┃ Outcome ┃ Explanation                              ┃
review / pass2	UNKNOWN STEP	2026-08-15T07:20:05.0599836Z ┡━━━━━━━━━━━━━━━━━━━━━━━━━╇━━━━━━━━━╇━━━━━━━━━━━━━━━━━━━━━━━━━━━━━━━━━━━━━━━━━━┩
review / pass2	UNKNOWN STEP	2026-08-15T07:20:05.0600073Z │ Task Specification      │ pass    │ instruction.md fully describes every     │
review / pass2	UNKNOWN STEP	2026-08-15T07:20:05.0600312Z │                         │         │ algorithmic step: BOM explosion, scrap   │
review / pass2	UNKNOWN STEP	2026-08-15T07:20:05.0600521Z │                         │         │ formula (ceil(build_qty * qty_per * (1 + │
review / pass2	UNKNOWN STEP	2026-08-15T07:20:05.0600728Z │                         │         │ scrap_rate_pct/100)) + setup_scrap_qty), │
review / pass2	UNKNOWN STEP	2026-08-15T07:20:05.0600932Z │                         │         │ substitute preference-rank logic,        │
review / pass2	UNKNOWN STEP	2026-08-15T07:20:05.0601142Z │                         │         │ workcenter capacity, batch rounding,     │
review / pass2	UNKNOWN STEP	2026-08-15T07:20:05.0601347Z │                         │         │ limiting_resource ratio comparison with  │
review / pass2	UNKNOWN STEP	2026-08-15T07:20:05.0601553Z │                         │         │ ASCII tie-break, and the shared-pool     │
review / pass2	UNKNOWN STEP	2026-08-15T07:20:05.0601761Z │                         │         │ update. All test expectations are        │
review / pass2	UNKNOWN STEP	2026-08-15T07:20:05.0601965Z │                         │         │ directly derivable from these stated     │
review / pass2	UNKNOWN STEP	2026-08-15T07:20:05.0602170Z │                         │         │ rules. Failures are due to the agent not │
review / pass2	UNKNOWN STEP	2026-08-15T07:20:05.0602378Z │                         │         │ implementing the limiting_resource       │
review / pass2	UNKNOWN STEP	2026-08-15T07:20:05.0602586Z │                         │         │ feature before timeout, and three        │
review / pass2	UNKNOWN STEP	2026-08-15T07:20:05.0602787Z │                         │         │ edge-case bugs — not missing             │
review / pass2	UNKNOWN STEP	2026-08-15T07:20:05.0602994Z │                         │         │ specification.                           │
review / pass2	UNKNOWN STEP	2026-08-15T07:20:05.0603215Z ├─────────────────────────┼─────────┼──────────────────────────────────────────┤
review / pass2	UNKNOWN STEP	2026-08-15T07:20:05.0603448Z │ Reward Hacking          │ pass    │ The agent wrote a legitimate Python      │
review / pass2	UNKNOWN STEP	2026-08-15T07:20:05.0603689Z │                         │         │ solve.py script via bash_command tool    │
review / pass2	UNKNOWN STEP	2026-08-15T07:20:05.0603894Z │                         │         │ calls. It explored the database, wrote   │
review / pass2	UNKNOWN STEP	2026-08-15T07:20:05.0604107Z │                         │         │ code, and ran python3 /app/solve.py. No  │
review / pass2	UNKNOWN STEP	2026-08-15T07:20:05.0604383Z │                         │         │ evidence of reading solution/ files,     │
review / pass2	UNKNOWN STEP	2026-08-15T07:20:05.0604628Z │                         │         │ modifying tests/, or writing to          │
review / pass2	UNKNOWN STEP	2026-08-15T07:20:05.0604831Z │                         │         │ /logs/verifier/reward.txt. The 17 failed │
review / pass2	UNKNOWN STEP	2026-08-15T07:20:05.0605034Z │                         │         │ tests confirm a genuine partial          │
review / pass2	UNKNOWN STEP	2026-08-15T07:20:05.0605241Z │                         │         │ solution, not a fabricated pass.         │
review / pass2	UNKNOWN STEP	2026-08-15T07:20:05.0605466Z ├─────────────────────────┼─────────┼──────────────────────────────────────────┤
review / pass2	UNKNOWN STEP	2026-08-15T07:20:05.0605700Z │ Difficulty Crux         │ pass    │ task.toml difficulty_explanation         │
review / pass2	UNKNOWN STEP	2026-08-15T07:20:05.0605926Z │                         │         │ identifies the crux as 'identifying      │
review / pass2	UNKNOWN STEP	2026-08-15T07:20:05.0606133Z │                         │         │ binding bottleneck resources across      │
review / pass2	UNKNOWN STEP	2026-08-15T07:20:05.0606343Z │                         │         │ heterogeneous constraints (raw leaf      │
review / pass2	UNKNOWN STEP	2026-08-15T07:20:05.0606555Z │                         │         │ materials vs workcenters) for partially  │
review / pass2	UNKNOWN STEP	2026-08-15T07:20:05.0606764Z │                         │         │ fulfilled orders' and lists specific     │
review / pass2	UNKNOWN STEP	2026-08-15T07:20:05.0606964Z │                         │         │ traps: BFS aggregation (O00_S2),         │
review / pass2	UNKNOWN STEP	2026-08-15T07:20:05.0607170Z │                         │         │ floating-point precision (O00_Q),        │
review / pass2	UNKNOWN STEP	2026-08-15T07:20:05.0607371Z │                         │         │ substitute blindspot (O00_U). The        │
review / pass2	UNKNOWN STEP	2026-08-15T07:20:05.0607573Z │                         │         │ agent's failures align exactly with      │
review / pass2	UNKNOWN STEP	2026-08-15T07:20:05.0607784Z │                         │         │ these — the entire limiting_resource     │
review / pass2	UNKNOWN STEP	2026-08-15T07:20:05.0608007Z │                         │         │ feature was missing (the core crux), and │
review / pass2	UNKNOWN STEP	2026-08-15T07:20:05.0608213Z │                         │         │ the 3 allocation bugs correspond         │
review / pass2	UNKNOWN STEP	2026-08-15T07:20:05.0608421Z │                         │         │ precisely to the O00_Q, O00_S2, and      │
review / pass2	UNKNOWN STEP	2026-08-15T07:20:05.0608624Z │                         │         │ O00_U traps named in task.toml. The      │
review / pass2	UNKNOWN STEP	2026-08-15T07:20:05.0608828Z │                         │         │ agent struggled for the reasons the task │
review / pass2	UNKNOWN STEP	2026-08-15T07:20:05.0609030Z │                         │         │ author intended.                         │
review / pass2	UNKNOWN STEP	2026-08-15T07:20:05.0609250Z ├─────────────────────────┼─────────┼──────────────────────────────────────────┤
review / pass2	UNKNOWN STEP	2026-08-15T07:20:05.0609473Z │ Near Miss               │ pass    │ 17 of 30 tests failed, which is not a    │
review / pass2	UNKNOWN STEP	2026-08-15T07:20:05.0609688Z │                         │         │ small margin. The missing feature        │
review / pass2	UNKNOWN STEP	2026-08-15T07:20:05.0609894Z │                         │         │ (limiting_resource identification) is a  │
review / pass2	UNKNOWN STEP	2026-08-15T07:20:05.0610098Z │                         │         │ significant portion of the specification │
review / pass2	UNKNOWN STEP	2026-08-15T07:20:05.0610311Z │                         │         │ requiring substantial additional         │
review / pass2	UNKNOWN STEP	2026-08-15T07:20:05.0610520Z │                         │         │ implementation. While the agent's        │
review / pass2	UNKNOWN STEP	2026-08-15T07:20:05.0610723Z │                         │         │ allocation values were correct for 25 of │
review / pass2	UNKNOWN STEP	2026-08-15T07:20:05.0610928Z │                         │         │ 28 orders, the gap between 13/30 passing │
review / pass2	UNKNOWN STEP	2026-08-15T07:20:05.0611135Z │                         │         │ and a full pass is too wide to qualify   │
review / pass2	UNKNOWN STEP	2026-08-15T07:20:05.0611341Z │                         │         │ as a near-miss. The failure is better    │
review / pass2	UNKNOWN STEP	2026-08-15T07:20:05.0611545Z │                         │         │ characterized as an incomplete           │
review / pass2	UNKNOWN STEP	2026-08-15T07:20:05.0611751Z │                         │         │ implementation due to timeout rather     │
review / pass2	UNKNOWN STEP	2026-08-15T07:20:05.0611952Z │                         │         │ than a solution that barely missed a     │
review / pass2	UNKNOWN STEP	2026-08-15T07:20:05.0612210Z │                         │         │ quantitative threshold.                  │
review / pass2	UNKNOWN STEP	2026-08-15T07:20:05.0612464Z ├─────────────────────────┼─────────┼──────────────────────────────────────────┤
review / pass2	UNKNOWN STEP	2026-08-15T07:20:05.0612687Z │ Refusals                │ pass    │ The agent fully engaged with the task    │
review / pass2	UNKNOWN STEP	2026-08-15T07:20:05.0612911Z │                         │         │ across 6 trajectory steps, inspecting    │
review / pass2	UNKNOWN STEP	2026-08-15T07:20:05.0613113Z │                         │         │ the database, writing a                  │
review / pass2	UNKNOWN STEP	2026-08-15T07:20:05.0613322Z │                         │         │ multi-hundred-line Python script, and    │
review / pass2	UNKNOWN STEP	2026-08-15T07:20:05.0613529Z │                         │         │ running it. No refusal language, no      │
review / pass2	UNKNOWN STEP	2026-08-15T07:20:05.0613735Z │                         │         │ policy citation, and no early exit from  │
review / pass2	UNKNOWN STEP	2026-08-15T07:20:05.0613932Z │                         │         │ the task.                                │
review / pass2	UNKNOWN STEP	2026-08-15T07:20:05.0614164Z ├─────────────────────────┼─────────┼──────────────────────────────────────────┤
review / pass2	UNKNOWN STEP	2026-08-15T07:20:05.0614389Z │ Low Timeout             │ fail    │ The result.json exception traceback      │
review / pass2	UNKNOWN STEP	2026-08-15T07:20:05.0614610Z │                         │         │ shows the agent was killed inside an     │
review / pass2	UNKNOWN STEP	2026-08-15T07:20:05.0614817Z │                         │         │ active _query_llm → litellm.acompletion  │
review / pass2	UNKNOWN STEP	2026-08-15T07:20:05.0615020Z │                         │         │ → aiohttp stream-read during the 6th LLM │
review / pass2	UNKNOWN STEP	2026-08-15T07:20:05.0615227Z │                         │         │ API call. The total LLM response times   │
review / pass2	UNKNOWN STEP	2026-08-15T07:20:05.0615425Z │                         │         │ (from                                    │
review / pass2	UNKNOWN STEP	2026-08-15T07:20:05.0615634Z │                         │         │ agent_result.metadata.api_request_times… │
review / pass2	UNKNOWN STEP	2026-08-15T07:20:05.0615845Z │                         │         │ 9382+4493+6550+106831+141423 ≈ 268 s)    │
review / pass2	UNKNOWN STEP	2026-08-15T07:20:05.0616048Z │                         │         │ show the 5th call completed at ~268 s;   │
review / pass2	UNKNOWN STEP	2026-08-15T07:20:05.0616259Z │                         │         │ the 6th call was in progress and was     │
review / pass2	UNKNOWN STEP	2026-08-15T07:20:05.0616473Z │                         │         │ cancelled at the 600-second wall-clock   │
review / pass2	UNKNOWN STEP	2026-08-15T07:20:05.0616681Z │                         │         │ limit. The agent had just completed step │
review / pass2	UNKNOWN STEP	2026-08-15T07:20:05.0616885Z │                         │         │ 6 (writing and running the incomplete    │
review / pass2	UNKNOWN STEP	2026-08-15T07:20:05.0617094Z │                         │         │ script, with explicit placeholder `pass  │
review / pass2	UNKNOWN STEP	2026-08-15T07:20:05.0617300Z │                         │         │ # placeholder for now; we'll implement   │
review / pass2	UNKNOWN STEP	2026-08-15T07:20:05.0617505Z │                         │         │ properly`) and was actively writing the  │
review / pass2	UNKNOWN STEP	2026-08-15T07:20:05.0617710Z │                         │         │ limiting_resource implementation when    │
review / pass2	UNKNOWN STEP	2026-08-15T07:20:05.0617947Z │                         │         │ cut off. This constitutes meaningful,    │
review / pass2	UNKNOWN STEP	2026-08-15T07:20:05.0618199Z │                         │         │ productive work interrupted by the       │
review / pass2	UNKNOWN STEP	2026-08-15T07:20:05.0618429Z │                         │         │ timeout.                                 │
review / pass2	UNKNOWN STEP	2026-08-15T07:20:05.0618646Z ├─────────────────────────┼─────────┼──────────────────────────────────────────┤
review / pass2	UNKNOWN STEP	2026-08-15T07:20:05.0618885Z │ Approach Validity       │ pass    │ The agent's approach was sound and fully │
review / pass2	UNKNOWN STEP	2026-08-15T07:20:05.0619116Z │                         │         │ permitted by instruction.md: recursive   │
review / pass2	UNKNOWN STEP	2026-08-15T07:20:05.0619324Z │                         │         │ BOM explosion, stock netting before      │
review / pass2	UNKNOWN STEP	2026-08-15T07:20:05.0619532Z │                         │         │ manufacturing, batch-size rounding,      │
review / pass2	UNKNOWN STEP	2026-08-15T07:20:05.0619735Z │                         │         │ scrap formula, substitute                │
review / pass2	UNKNOWN STEP	2026-08-15T07:20:05.0619938Z │                         │         │ preference-rank loop, workcenter         │
review / pass2	UNKNOWN STEP	2026-08-15T07:20:05.0620147Z │                         │         │ capacity checks. These components        │
review / pass2	UNKNOWN STEP	2026-08-15T07:20:05.0620364Z │                         │         │ produced correct allocated_qty and       │
review / pass2	UNKNOWN STEP	2026-08-15T07:20:05.0620569Z │                         │         │ shortfall_qty for 25 of 28 orders. The   │
review / pass2	UNKNOWN STEP	2026-08-15T07:20:05.0620774Z │                         │         │ three allocation bugs (O00_Q             │
review / pass2	UNKNOWN STEP	2026-08-15T07:20:05.0620984Z │                         │         │ floating-point, O00_S2 BFS aggregation,  │
review / pass2	UNKNOWN STEP	2026-08-15T07:20:05.0621187Z │                         │         │ O00_U substitute blindspot) are genuine  │
review / pass2	UNKNOWN STEP	2026-08-15T07:20:05.0621395Z │                         │         │ implementation errors, not undisclosed   │
review / pass2	UNKNOWN STEP	2026-08-15T07:20:05.0621600Z │                         │         │ rules — instruction.md explicitly        │
review / pass2	UNKNOWN STEP	2026-08-15T07:20:05.0621807Z │                         │         │ requires correct scrap ceiling math,     │
review / pass2	UNKNOWN STEP	2026-08-15T07:20:05.0622010Z │                         │         │ BOM-netting before routing, and          │
review / pass2	UNKNOWN STEP	2026-08-15T07:20:05.0622219Z │                         │         │ substitute tracking. The complete        │
review / pass2	UNKNOWN STEP	2026-08-15T07:20:05.0622423Z │                         │         │ absence of limiting_resource logic is    │
review / pass2	UNKNOWN STEP	2026-08-15T07:20:05.0622631Z │                         │         │ the agent's incomplete implementation,   │
review / pass2	UNKNOWN STEP	2026-08-15T07:20:05.0622836Z │                         │         │ not a verifier defect. A competent agent │
review / pass2	UNKNOWN STEP	2026-08-15T07:20:05.0623039Z │                         │         │ following instruction.md could have      │
review / pass2	UNKNOWN STEP	2026-08-15T07:20:05.0623246Z │                         │         │ passed: the golden solution/solve.py     │
review / pass2	UNKNOWN STEP	2026-08-15T07:20:05.0623450Z │                         │         │ demonstrates the approach is fully       │
review / pass2	UNKNOWN STEP	2026-08-15T07:20:05.0623652Z │                         │         │ achievable from the spec.                │
review / pass2	UNKNOWN STEP	2026-08-15T07:20:05.0623872Z ├─────────────────────────┼─────────┼──────────────────────────────────────────┤
review / pass2	UNKNOWN STEP	2026-08-15T07:20:05.0624115Z │ Decisive Rule Disclosed │ pass    │ The agent failed broadly across 17 tests │
review / pass2	UNKNOWN STEP	2026-08-15T07:20:05.0624350Z │                         │         │ spanning multiple order IDs and multiple │
review / pass2	UNKNOWN STEP	2026-08-15T07:20:05.0624555Z │                         │         │ failure types (14 missing                │
review / pass2	UNKNOWN STEP	2026-08-15T07:20:05.0624760Z │                         │         │ limiting_resource entries plus 3 wrong   │
review / pass2	UNKNOWN STEP	2026-08-15T07:20:05.0624963Z │                         │         │ allocation values). There is no single   │
review / pass2	UNKNOWN STEP	2026-08-15T07:20:05.0625168Z │                         │         │ deciding rule — the limiting_resource    │
review / pass2	UNKNOWN STEP	2026-08-15T07:20:05.0625373Z │                         │         │ algorithm is explicitly stated in step 5 │
review / pass2	UNKNOWN STEP	2026-08-15T07:20:05.0625580Z │                         │         │ of instruction.md ('Evaluate what        │
review / pass2	UNKNOWN STEP	2026-08-15T07:20:05.0625783Z │                         │         │ resources would be needed... Compare the │
review / pass2	UNKNOWN STEP	2026-08-15T07:20:05.0626048Z │                         │         │ fulfillment ratio... The resource with   │
review / pass2	UNKNOWN STEP	2026-08-15T07:20:05.0626279Z │                         │         │ the lowest ratio below 1.0 is the        │
review / pass2	UNKNOWN STEP	2026-08-15T07:20:05.0626488Z │                         │         │ limiting_resource'). Per criterion       │
review / pass2	UNKNOWN STEP	2026-08-15T07:20:05.0626694Z │                         │         │ guidance, broad failures with no single  │
review / pass2	UNKNOWN STEP	2026-08-15T07:20:05.0626905Z │                         │         │ deciding check → PASS.                   │
review / pass2	UNKNOWN STEP	2026-08-15T07:20:05.0627130Z ├─────────────────────────┼─────────┼──────────────────────────────────────────┤
review / pass2	UNKNOWN STEP	2026-08-15T07:20:05.0627363Z │ Spec Consistency        │ pass    │ instruction.md is internally consistent  │
review / pass2	UNKNOWN STEP	2026-08-15T07:20:05.0627600Z │                         │         │ and consistent with the verifier checks. │
review / pass2	UNKNOWN STEP	2026-08-15T07:20:05.0627822Z │                         │         │ Every test assertion maps directly to an │
review / pass2	UNKNOWN STEP	2026-08-15T07:20:05.0628029Z │                         │         │ algorithm step described in              │
review / pass2	UNKNOWN STEP	2026-08-15T07:20:05.0628237Z │                         │         │ instruction.md: the scrap formula,       │
review / pass2	UNKNOWN STEP	2026-08-15T07:20:05.0628451Z │                         │         │ tie-break rules, substitute logic, BFS   │
review / pass2	UNKNOWN STEP	2026-08-15T07:20:05.0628659Z │                         │         │ aggregation hint (implicit in 'top-down  │
review / pass2	UNKNOWN STEP	2026-08-15T07:20:05.0628864Z │                         │         │ through all assembly levels'), and       │
review / pass2	UNKNOWN STEP	2026-08-15T07:20:05.0629071Z │                         │         │ workcenter hours. The agent's failures   │
review / pass2	UNKNOWN STEP	2026-08-15T07:20:05.0629276Z │                         │         │ stem from incomplete implementation and  │
review / pass2	UNKNOWN STEP	2026-08-15T07:20:05.0629487Z │                         │         │ edge-case bugs, not from any             │
review / pass2	UNKNOWN STEP	2026-08-15T07:20:05.0629691Z │                         │         │ contradiction or ambiguity in the spec.  │
review / pass2	UNKNOWN STEP	2026-08-15T07:20:05.0629922Z └─────────────────────────┴─────────┴──────────────────────────────────────────┘
review / pass2	UNKNOWN STEP	2026-08-15T07:20:05.1221123Z ##[group]Run python3 tools/claude_costs.py extract-harbor-analysis \
review / pass2	UNKNOWN STEP	2026-08-15T07:20:05.1221412Z ^[[36;1mpython3 tools/claude_costs.py extract-harbor-analysis \^[[0m
review / pass2	UNKNOWN STEP	2026-08-15T07:20:05.1221611Z ^[[36;1m  --stage pass2-analyze \^[[0m
review / pass2	UNKNOWN STEP	2026-08-15T07:20:05.1221754Z ^[[36;1m  --model claude-sonnet-4-6 \^[[0m
review / pass2	UNKNOWN STEP	2026-08-15T07:20:05.1221921Z ^[[36;1m  --cost-dir "$RUNNER_TEMP/claude-costs" \^[[0m
review / pass2	UNKNOWN STEP	2026-08-15T07:20:05.1222082Z ^[[36;1m  pass2-analyze/^[[0m
review / pass2	UNKNOWN STEP	2026-08-15T07:20:05.1222248Z ^[[36;1mpython3 tools/claude_costs.py extract-harbor-trials \^[[0m
review / pass2	UNKNOWN STEP	2026-08-15T07:20:05.1222430Z ^[[36;1m  --stage pass2-agent-trial \^[[0m
review / pass2	UNKNOWN STEP	2026-08-15T07:20:05.1222589Z ^[[36;1m  --cost-dir "$RUNNER_TEMP/claude-costs" \^[[0m
review / pass2	UNKNOWN STEP	2026-08-15T07:20:05.1222752Z ^[[36;1m  pass2-output/^[[0m
review / pass2	UNKNOWN STEP	2026-08-15T07:20:05.1242697Z shell: /usr/bin/bash -e {0}
review / pass2	UNKNOWN STEP	2026-08-15T07:20:05.1242839Z env:
review / pass2	UNKNOWN STEP	2026-08-15T07:20:05.1243997Z   GH_TOKEN: ***
review / pass2	UNKNOWN STEP	2026-08-15T07:20:05.1244179Z   REPO: handshake-project-dynamo/dynamo-1573c1a-data-querying-and-databases
review / pass2	UNKNOWN STEP	2026-08-15T07:20:05.1244402Z   PR_NUMBER: 5
review / pass2	UNKNOWN STEP	2026-08-15T07:20:05.1244512Z   BLACKSMITH_RUNNER_MESSAGE_WAIT_MS: 847
review / pass2	UNKNOWN STEP	2026-08-15T07:20:05.1244779Z   BLACKSMITH_RUNNER_ACQUIRE_JOB_MS: 1327
review / pass2	UNKNOWN STEP	2026-08-15T07:20:05.1244982Z   GITHUB_REPO_NAME: handshake-project-dynamo/dynamo-1573c1a-data-querying-and-databases
review / pass2	UNKNOWN STEP	2026-08-15T07:20:05.1245228Z   pythonLocation: /opt/hostedtoolcache/Python/3.11.14/x64
review / pass2	UNKNOWN STEP	2026-08-15T07:20:05.1245427Z   PKG_CONFIG_PATH: /opt/hostedtoolcache/Python/3.11.14/x64/lib/pkgconfig
review / pass2	UNKNOWN STEP	2026-08-15T07:20:05.1245629Z   Python_ROOT_DIR: /opt/hostedtoolcache/Python/3.11.14/x64
review / pass2	UNKNOWN STEP	2026-08-15T07:20:05.1245810Z   Python2_ROOT_DIR: /opt/hostedtoolcache/Python/3.11.14/x64
review / pass2	UNKNOWN STEP	2026-08-15T07:20:05.1245994Z   Python3_ROOT_DIR: /opt/hostedtoolcache/Python/3.11.14/x64
review / pass2	UNKNOWN STEP	2026-08-15T07:20:05.1246180Z   LD_LIBRARY_PATH: /opt/hostedtoolcache/Python/3.11.14/x64/lib
review / pass2	UNKNOWN STEP	2026-08-15T07:20:05.1246357Z   UV_CACHE_DIR: /home/runner/_work/_temp/setup-uv-cache
review / pass2	UNKNOWN STEP	2026-08-15T07:20:05.1246506Z ##[endgroup]
review / pass2	UNKNOWN STEP	2026-08-15T07:20:05.1793929Z Node 20 is being deprecated. This workflow is running with Node 24 by default. If you need to temporarily use Node 20, you can set the ACTIONS_ALLOW_USE_UNSECURE_NODE_VERSION=true environment variable. For more information see: https://github.blog/changelog/2025-09-19-deprecation-of-node-20-on-github-actions-runners/
review / pass2	UNKNOWN STEP	2026-08-15T07:20:05.1794550Z ##[group]Run actions/upload-artifact@ea165f8d65b6e75b540449e92b4886f43607fa02
review / pass2	UNKNOWN STEP	2026-08-15T07:20:05.1794736Z with:
review / pass2	UNKNOWN STEP	2026-08-15T07:20:05.1794834Z   name: pass2-output
review / pass2	UNKNOWN STEP	2026-08-15T07:20:05.1794945Z   path: pass2-output/
review / pass2	UNKNOWN STEP	2026-08-15T07:20:05.1795058Z   if-no-files-found: ignore
review / pass2	UNKNOWN STEP	2026-08-15T07:20:05.1795177Z   compression-level: 6
review / pass2	UNKNOWN STEP	2026-08-15T07:20:05.1795287Z   overwrite: false
review / pass2	UNKNOWN STEP	2026-08-15T07:20:05.1795395Z   include-hidden-files: false
review / pass2	UNKNOWN STEP	2026-08-15T07:20:05.1795513Z env:
review / pass2	UNKNOWN STEP	2026-08-15T07:20:05.1796600Z   GH_TOKEN: ***
review / pass2	UNKNOWN STEP	2026-08-15T07:20:05.1796768Z   REPO: handshake-project-dynamo/dynamo-1573c1a-data-querying-and-databases
review / pass2	UNKNOWN STEP	2026-08-15T07:20:05.1796976Z   PR_NUMBER: 5
review / pass2	UNKNOWN STEP	2026-08-15T07:20:05.1797090Z   BLACKSMITH_RUNNER_MESSAGE_WAIT_MS: 847
review / pass2	UNKNOWN STEP	2026-08-15T07:20:05.1797233Z   BLACKSMITH_RUNNER_ACQUIRE_JOB_MS: 1327
review / pass2	UNKNOWN STEP	2026-08-15T07:20:05.1797441Z   GITHUB_REPO_NAME: handshake-project-dynamo/dynamo-1573c1a-data-querying-and-databases
review / pass2	UNKNOWN STEP	2026-08-15T07:20:05.1797679Z   pythonLocation: /opt/hostedtoolcache/Python/3.11.14/x64
review / pass2	UNKNOWN STEP	2026-08-15T07:20:05.1797924Z   PKG_CONFIG_PATH: /opt/hostedtoolcache/Python/3.11.14/x64/lib/pkgconfig
review / pass2	UNKNOWN STEP	2026-08-15T07:20:05.1798122Z   Python_ROOT_DIR: /opt/hostedtoolcache/Python/3.11.14/x64
review / pass2	UNKNOWN STEP	2026-08-15T07:20:05.1798508Z   Python2_ROOT_DIR: /opt/hostedtoolcache/Python/3.11.14/x64
review / pass2	UNKNOWN STEP	2026-08-15T07:20:05.1798698Z   Python3_ROOT_DIR: /opt/hostedtoolcache/Python/3.11.14/x64
review / pass2	UNKNOWN STEP	2026-08-15T07:20:05.1798883Z   LD_LIBRARY_PATH: /opt/hostedtoolcache/Python/3.11.14/x64/lib
review / pass2	UNKNOWN STEP	2026-08-15T07:20:05.1799060Z   UV_CACHE_DIR: /home/runner/_work/_temp/setup-uv-cache
review / pass2	UNKNOWN STEP	2026-08-15T07:20:05.1799273Z ##[endgroup]
review / pass2	UNKNOWN STEP	2026-08-15T07:20:05.2624162Z (node:5161) [DEP0040] DeprecationWarning: The `punycode` module is deprecated. Please use a userland alternative instead.
review / pass2	UNKNOWN STEP	2026-08-15T07:20:05.2624489Z (Use `node --trace-deprecation ...` to show where the warning was created)
review / pass2	UNKNOWN STEP	2026-08-15T07:20:05.2669689Z With the provided path, there will be 33 files uploaded
review / pass2	UNKNOWN STEP	2026-08-15T07:20:05.2671803Z Artifact name is valid!
review / pass2	UNKNOWN STEP	2026-08-15T07:20:05.2672065Z Root directory input is valid!
review / pass2	UNKNOWN STEP	2026-08-15T07:20:05.5442762Z Beginning upload of artifact content to blob storage
review / pass2	UNKNOWN STEP	2026-08-15T07:20:05.5756559Z (node:5161) [DEP0169] DeprecationWarning: `url.parse()` behavior is not standardized and prone to errors that have security implications. Use the WHATWG URL API instead. CVEs are not issued for `url.parse()` vulnerabilities.
review / pass2	UNKNOWN STEP	2026-08-15T07:20:05.9405585Z Uploaded bytes 114731
review / pass2	UNKNOWN STEP	2026-08-15T07:20:06.0047609Z Finished uploading artifact content to blob storage!
review / pass2	UNKNOWN STEP	2026-08-15T07:20:06.0048084Z SHA256 digest of uploaded artifact zip is d451ae6cccd7404468cb17783759486464f00e7cfd47679a3417bc3172300d60
review / pass2	UNKNOWN STEP	2026-08-15T07:20:06.0048878Z Finalizing artifact upload
review / pass2	UNKNOWN STEP	2026-08-15T07:20:06.3245612Z Artifact pass2-output.zip successfully finalized. Artifact ID 9243590885
review / pass2	UNKNOWN STEP	2026-08-15T07:20:06.3246395Z Artifact pass2-output has been successfully uploaded! Final size is 114731 bytes. Artifact ID is 9243590885
review / pass2	UNKNOWN STEP	2026-08-15T07:20:06.3248801Z Artifact download URL: https://github.com/handshake-project-dynamo/dynamo-1573c1a-data-querying-and-databases/actions/runs/31870591753/artifacts/9243590885
review / pass2	UNKNOWN STEP	2026-08-15T07:20:06.3323452Z Node 20 is being deprecated. This workflow is running with Node 24 by default. If you need to temporarily use Node 20, you can set the ACTIONS_ALLOW_USE_UNSECURE_NODE_VERSION=true environment variable. For more information see: https://github.blog/changelog/2025-09-19-deprecation-of-node-20-on-github-actions-runners/
review / pass2	UNKNOWN STEP	2026-08-15T07:20:06.3324071Z ##[group]Run actions/upload-artifact@ea165f8d65b6e75b540449e92b4886f43607fa02
review / pass2	UNKNOWN STEP	2026-08-15T07:20:06.3324267Z with:
review / pass2	UNKNOWN STEP	2026-08-15T07:20:06.3324391Z   name: claude-costs-partial-attempt-1-pass2
review / pass2	UNKNOWN STEP	2026-08-15T07:20:06.3324561Z   path: /home/runner/_work/_temp/claude-costs/
review / pass2	UNKNOWN STEP	2026-08-15T07:20:06.3324712Z   if-no-files-found: ignore
review / pass2	UNKNOWN STEP	2026-08-15T07:20:06.3324850Z   retention-days: 1
review / pass2	UNKNOWN STEP	2026-08-15T07:20:06.3324963Z   compression-level: 6
review / pass2	UNKNOWN STEP	2026-08-15T07:20:06.3325077Z   overwrite: false
review / pass2	UNKNOWN STEP	2026-08-15T07:20:06.3325192Z   include-hidden-files: false
review / pass2	UNKNOWN STEP	2026-08-15T07:20:06.3325319Z env:
review / pass2	UNKNOWN STEP	2026-08-15T07:20:06.3326418Z   GH_TOKEN: ***
review / pass2	UNKNOWN STEP	2026-08-15T07:20:06.3326618Z   REPO: handshake-project-dynamo/dynamo-1573c1a-data-querying-and-databases
review / pass2	UNKNOWN STEP	2026-08-15T07:20:06.3326808Z   PR_NUMBER: 5
review / pass2	UNKNOWN STEP	2026-08-15T07:20:06.3326925Z   BLACKSMITH_RUNNER_MESSAGE_WAIT_MS: 847
review / pass2	UNKNOWN STEP	2026-08-15T07:20:06.3327081Z   BLACKSMITH_RUNNER_ACQUIRE_JOB_MS: 1327
review / pass2	UNKNOWN STEP	2026-08-15T07:20:06.3327307Z   GITHUB_REPO_NAME: handshake-project-dynamo/dynamo-1573c1a-data-querying-and-databases
review / pass2	UNKNOWN STEP	2026-08-15T07:20:06.3327555Z   pythonLocation: /opt/hostedtoolcache/Python/3.11.14/x64
review / pass2	UNKNOWN STEP	2026-08-15T07:20:06.3327767Z   PKG_CONFIG_PATH: /opt/hostedtoolcache/Python/3.11.14/x64/lib/pkgconfig
review / pass2	UNKNOWN STEP	2026-08-15T07:20:06.3328013Z   Python_ROOT_DIR: /opt/hostedtoolcache/Python/3.11.14/x64
review / pass2	UNKNOWN STEP	2026-08-15T07:20:06.3328203Z   Python2_ROOT_DIR: /opt/hostedtoolcache/Python/3.11.14/x64
review / pass2	UNKNOWN STEP	2026-08-15T07:20:06.3328400Z   Python3_ROOT_DIR: /opt/hostedtoolcache/Python/3.11.14/x64
review / pass2	UNKNOWN STEP	2026-08-15T07:20:06.3328593Z   LD_LIBRARY_PATH: /opt/hostedtoolcache/Python/3.11.14/x64/lib
review / pass2	UNKNOWN STEP	2026-08-15T07:20:06.3328779Z   UV_CACHE_DIR: /home/runner/_work/_temp/setup-uv-cache
review / pass2	UNKNOWN STEP	2026-08-15T07:20:06.3328939Z ##[endgroup]
review / pass2	UNKNOWN STEP	2026-08-15T07:20:06.4147833Z (node:5175) [DEP0040] DeprecationWarning: The `punycode` module is deprecated. Please use a userland alternative instead.
review / pass2	UNKNOWN STEP	2026-08-15T07:20:06.4148202Z (Use `node --trace-deprecation ...` to show where the warning was created)
review / pass2	UNKNOWN STEP	2026-08-15T07:20:06.4178621Z With the provided path, there will be 3 files uploaded
review / pass2	UNKNOWN STEP	2026-08-15T07:20:06.4181301Z Artifact name is valid!
review / pass2	UNKNOWN STEP	2026-08-15T07:20:06.4181485Z Root directory input is valid!
review / pass2	UNKNOWN STEP	2026-08-15T07:20:06.6935365Z Beginning upload of artifact content to blob storage
review / pass2	UNKNOWN STEP	2026-08-15T07:20:06.7089822Z (node:5175) [DEP0169] DeprecationWarning: `url.parse()` behavior is not standardized and prone to errors that have security implications. Use the WHATWG URL API instead. CVEs are not issued for `url.parse()` vulnerabilities.
review / pass2	UNKNOWN STEP	2026-08-15T07:20:06.9798766Z Uploaded bytes 1935
review / pass2	UNKNOWN STEP	2026-08-15T07:20:07.0516875Z Finished uploading artifact content to blob storage!
review / pass2	UNKNOWN STEP	2026-08-15T07:20:07.0517247Z SHA256 digest of uploaded artifact zip is 6c4222a43f27f2a62b03657b68104c815342ee1e4070d60b04197b633ddea8ab
review / pass2	UNKNOWN STEP	2026-08-15T07:20:07.0518180Z Finalizing artifact upload
review / pass2	UNKNOWN STEP	2026-08-15T07:20:07.3723281Z Artifact claude-costs-partial-attempt-1-pass2.zip successfully finalized. Artifact ID 9243591067
review / pass2	UNKNOWN STEP	2026-08-15T07:20:07.3723910Z Artifact claude-costs-partial-attempt-1-pass2 has been successfully uploaded! Final size is 1935 bytes. Artifact ID is 9243591067
review / pass2	UNKNOWN STEP	2026-08-15T07:20:07.3725420Z Artifact download URL: https://github.com/handshake-project-dynamo/dynamo-1573c1a-data-querying-and-databases/actions/runs/31870591753/artifacts/9243591067
review / pass2	UNKNOWN STEP	2026-08-15T07:20:07.3783923Z ##[group]Run python3 - <<'PY' > comment.md
review / pass2	UNKNOWN STEP	2026-08-15T07:20:07.3784176Z ^[[36;1mpython3 - <<'PY' > comment.md^[[0m
review / pass2	UNKNOWN STEP	2026-08-15T07:20:07.3784406Z ^[[36;1mimport json, glob, os^[[0m
review / pass2	UNKNOWN STEP	2026-08-15T07:20:07.3784625Z ^[[36;1m# Timeout taxonomy — see the pass@5 step. AgentTimeoutError still runs the verifier^[[0m
review / pass2	UNKNOWN STEP	2026-08-15T07:20:07.3784923Z ^[[36;1m# (reward 0/1): reward>=1 -> SOLVED; reward 0 + low_timeout=PASS (stuck/looping, had enough^[[0m
review / pass2	UNKNOWN STEP	2026-08-15T07:20:07.3785248Z ^[[36;1m# time) -> VALID fail; reward 0 + low_timeout=FAIL/NA (still progressing) -> invalid;^[[0m
review / pass2	UNKNOWN STEP	2026-08-15T07:20:07.3785511Z ^[[36;1m# setup/verifier timeouts and reward-null timeouts -> invalid (infra).^[[0m
review / pass2	UNKNOWN STEP	2026-08-15T07:20:07.3785809Z ^[[36;1mSETUP_TIMEOUTS = {"EnvironmentStartTimeoutError","AgentSetupTimeoutError","VerifierTimeoutError"}^[[0m
review / pass2	UNKNOWN STEP	2026-08-15T07:20:07.3786054Z ^[[36;1mdef _outcome(a, check):^[[0m
review / pass2	UNKNOWN STEP	2026-08-15T07:20:07.3786223Z ^[[36;1m    o=((a.get("checks") or {}).get(check) or {}).get("outcome")^[[0m
review / pass2	UNKNOWN STEP	2026-08-15T07:20:07.3786455Z ^[[36;1m    v=(o.get("value") if isinstance(o,dict) else o)^[[0m
review / pass2	UNKNOWN STEP	2026-08-15T07:20:07.3786643Z ^[[36;1m    return v.lower() if isinstance(v,str) else None^[[0m
review / pass2	UNKNOWN STEP	2026-08-15T07:20:07.3786802Z ^[[36;1mtrials=[]^[[0m
review / pass2	UNKNOWN STEP	2026-08-15T07:20:07.3786965Z ^[[36;1mfor rj in sorted(glob.glob("pass2-output/*/*/result.json")):^[[0m
review / pass2	UNKNOWN STEP	2026-08-15T07:20:07.3787184Z ^[[36;1m    tdir=os.path.dirname(rj); name=os.path.basename(tdir)^[[0m
review / pass2	UNKNOWN STEP	2026-08-15T07:20:07.3787358Z ^[[36;1m    if "__" not in name:^[[0m
review / pass2	UNKNOWN STEP	2026-08-15T07:20:07.3787489Z ^[[36;1m        continue^[[0m
review / pass2	UNKNOWN STEP	2026-08-15T07:20:07.3787613Z ^[[36;1m    try: d=json.load(open(rj))^[[0m
review / pass2	UNKNOWN STEP	2026-08-15T07:20:07.3787760Z ^[[36;1m    except Exception: continue^[[0m
review / pass2	UNKNOWN STEP	2026-08-15T07:20:07.3787988Z ^[[36;1m    vr=d.get("verifier_result") or {}; rws=vr.get("rewards") or {}^[[0m
review / pass2	UNKNOWN STEP	2026-08-15T07:20:07.3788162Z ^[[36;1m    r=None^[[0m
review / pass2	UNKNOWN STEP	2026-08-15T07:20:07.3788273Z ^[[36;1m    if rws:^[[0m
review / pass2	UNKNOWN STEP	2026-08-15T07:20:07.3788407Z ^[[36;1m        try: r=float(next(iter(rws.values())))^[[0m
review / pass2	UNKNOWN STEP	2026-08-15T07:20:07.3788566Z ^[[36;1m        except Exception: r=None^[[0m
review / pass2	UNKNOWN STEP	2026-08-15T07:20:07.3788744Z ^[[36;1m    exc=(d.get("exception_info") or {}).get("exception_type")^[[0m
review / pass2	UNKNOWN STEP	2026-08-15T07:20:07.3788923Z ^[[36;1m    av=lt=None; analyzed=False^[[0m
review / pass2	UNKNOWN STEP	2026-08-15T07:20:07.3789054Z ^[[36;1m    try:^[[0m
review / pass2	UNKNOWN STEP	2026-08-15T07:20:07.3789199Z ^[[36;1m        a=json.load(open(os.path.join(tdir,"analysis.json")))^[[0m
review / pass2	UNKNOWN STEP	2026-08-15T07:20:07.3789416Z ^[[36;1m        av=_outcome(a,"approach_validity"); lt=_outcome(a,"low_timeout")^[[0m
review / pass2	UNKNOWN STEP	2026-08-15T07:20:07.3789637Z ^[[36;1m        analyzed=av in ("pass","fail","not_applicable")^[[0m
review / pass2	UNKNOWN STEP	2026-08-15T07:20:07.3789803Z ^[[36;1m    except Exception:^[[0m
review / pass2	UNKNOWN STEP	2026-08-15T07:20:07.3789936Z ^[[36;1m        analyzed=False^[[0m
review / pass2	UNKNOWN STEP	2026-08-15T07:20:07.3790136Z ^[[36;1m    trials.append(dict(name=name,reward=r,exc=exc,av=av,lt=lt,analyzed=analyzed))^[[0m
review / pass2	UNKNOWN STEP	2026-08-15T07:20:07.3790342Z ^[[36;1mdef categorize(t):^[[0m
review / pass2	UNKNOWN STEP	2026-08-15T07:20:07.3790470Z ^[[36;1m    r=t["reward"]; exc=t["exc"]^[[0m
review / pass2	UNKNOWN STEP	2026-08-15T07:20:07.3790638Z ^[[36;1m    if r is not None and r>=1.0:          return "solved"^[[0m
review / pass2	UNKNOWN STEP	2026-08-15T07:20:07.3790827Z ^[[36;1m    if exc in SETUP_TIMEOUTS:             return "infra"^[[0m
review / pass2	UNKNOWN STEP	2026-08-15T07:20:07.3791019Z ^[[36;1m    if exc and exc!="AgentTimeoutError":  return "infra"^[[0m
review / pass2	UNKNOWN STEP	2026-08-15T07:20:07.3791216Z ^[[36;1m    if not t["analyzed"]:                 return "unanalyzed"^[[0m
review / pass2	UNKNOWN STEP	2026-08-15T07:20:07.3791411Z ^[[36;1m    if t["av"]=="fail":                   return "task_bug"^[[0m
review / pass2	UNKNOWN STEP	2026-08-15T07:20:07.3791577Z ^[[36;1m    if exc=="AgentTimeoutError":^[[0m
review / pass2	UNKNOWN STEP	2026-08-15T07:20:07.3791744Z ^[[36;1m        if r is None:                     return "infra"^[[0m
review / pass2	UNKNOWN STEP	2026-08-15T07:20:07.3791950Z ^[[36;1m        return "valid_fail" if t["lt"]=="pass" else "timeout_progress"^[[0m
review / pass2	UNKNOWN STEP	2026-08-15T07:20:07.3792134Z ^[[36;1m    return "valid_fail"^[[0m
review / pass2	UNKNOWN STEP	2026-08-15T07:20:07.3792279Z ^[[36;1mfor t in trials: t["cat"]=categorize(t)^[[0m
review / pass2	UNKNOWN STEP	2026-08-15T07:20:07.3792433Z ^[[36;1mn=len(trials)^[[0m
review / pass2	UNKNOWN STEP	2026-08-15T07:20:07.3792577Z ^[[36;1msolved=[t for t in trials if t["cat"]=="solved"]^[[0m
review / pass2	UNKNOWN STEP	2026-08-15T07:20:07.3792856Z ^[[36;1mvalid=[t for t in trials if t["cat"]=="valid_fail"]^[[0m
review / pass2	UNKNOWN STEP	2026-08-15T07:20:07.3793046Z ^[[36;1mtask_bug=[t for t in trials if t["cat"]=="task_bug"]^[[0m
review / pass2	UNKNOWN STEP	2026-08-15T07:20:07.3793374Z ^[[36;1mtprog=[t for t in trials if t["cat"]=="timeout_progress"]^[[0m
review / pass2	UNKNOWN STEP	2026-08-15T07:20:07.3793567Z ^[[36;1minfra=[t for t in trials if t["cat"]=="infra"]^[[0m
review / pass2	UNKNOWN STEP	2026-08-15T07:20:07.3793749Z ^[[36;1munan=[t for t in trials if t["cat"]=="unanalyzed"]^[[0m
review / pass2	UNKNOWN STEP	2026-08-15T07:20:07.3793967Z ^[[36;1m# GATE (pass@2 pre-check): proceed to pass@5 iff at least ONE VALID fail.^[[0m
review / pass2	UNKNOWN STEP	2026-08-15T07:20:07.3794169Z ^[[36;1mproceed = len(valid) >= 1^[[0m
review / pass2	UNKNOWN STEP	2026-08-15T07:20:07.3794389Z ^[[36;1mmodel="Model A"   # fellow-facing label; the real model name is intentionally not revealed^[[0m
review / pass2	UNKNOWN STEP	2026-08-15T07:20:07.3794607Z ^[[36;1mdef icon(t):^[[0m
review / pass2	UNKNOWN STEP	2026-08-15T07:20:07.3794722Z ^[[36;1m    c=t["cat"]^[[0m
review / pass2	UNKNOWN STEP	2026-08-15T07:20:07.3794843Z ^[[36;1m    if c=="solved": return "✅"^[[0m
review / pass2	UNKNOWN STEP	2026-08-15T07:20:07.3794992Z ^[[36;1m    if c=="valid_fail": return "❌"^[[0m
review / pass2	UNKNOWN STEP	2026-08-15T07:20:07.3795138Z ^[[36;1m    return "⚠️"^[[0m
review / pass2	UNKNOWN STEP	2026-08-15T07:20:07.3795272Z ^[[36;1mprint("## ⏱️ Pre-check (pass@2)\n")^[[0m
review / pass2	UNKNOWN STEP	2026-08-15T07:20:07.3795633Z ^[[36;1mif n: print(f"**pass@{n}: {len(solved)}/{n} passed** — `{model}` on Daytona (agent-run budget = task timeout_sec, capped 3600s/1hr — working time only, excludes environment startup)\n")^[[0m
review / pass2	UNKNOWN STEP	2026-08-15T07:20:07.3796027Z ^[[36;1melse: print("No pass@2 results were produced — see the run logs.\n")^[[0m
review / pass2	UNKNOWN STEP	2026-08-15T07:20:07.3796263Z ^[[36;1mif n: print("Trials: " + " ".join(icon(t) for t in trials) + "\n")^[[0m
review / pass2	UNKNOWN STEP	2026-08-15T07:20:07.3796527Z ^[[36;1mreason_kind = None   # which block reason fired — drives infra messaging + suggestion gating^[[0m
review / pass2	UNKNOWN STEP	2026-08-15T07:20:07.3796752Z ^[[36;1mif n and proceed:^[[0m
review / pass2	UNKNOWN STEP	2026-08-15T07:20:07.3796998Z ^[[36;1m    print(f"✅ **At least one valid agent failure** ({len(valid)}/{n}) — the task is plausibly hard. Proceeding to pass@5.\n")^[[0m
review / pass2	UNKNOWN STEP	2026-08-15T07:20:07.3810538Z ^[[36;1m    print("**Rerun Recommended: NO**\n")^[[0m
review / pass2	UNKNOWN STEP	2026-08-15T07:20:07.3810715Z ^[[36;1melif n:^[[0m
review / pass2	UNKNOWN STEP	2026-08-15T07:20:07.3810836Z ^[[36;1m    if unan:^[[0m
review / pass2	UNKNOWN STEP	2026-08-15T07:20:07.3810963Z ^[[36;1m        reason_kind = "unanalyzed"^[[0m
review / pass2	UNKNOWN STEP	2026-08-15T07:20:07.3811266Z ^[[36;1m        print("❌ **Blocked — analysis incomplete.** A failing trial could not be classified, so a valid fail can't be confirmed. Re-run.\n")^[[0m
review / pass2	UNKNOWN STEP	2026-08-15T07:20:07.3811557Z ^[[36;1m    elif len(solved)==n:^[[0m
review / pass2	UNKNOWN STEP	2026-08-15T07:20:07.3811696Z ^[[36;1m        reason_kind = "too_easy"^[[0m
review / pass2	UNKNOWN STEP	2026-08-15T07:20:07.3812009Z ^[[36;1m        print(f"❌ **Blocked — no valid fail.** The agent solved all {n}/{n} runs (passed the tests, even if it timed out); the task looks too easy. Make it harder.\n")^[[0m
review / pass2	UNKNOWN STEP	2026-08-15T07:20:07.3812309Z ^[[36;1m    elif task_bug:^[[0m
review / pass2	UNKNOWN STEP	2026-08-15T07:20:07.3812442Z ^[[36;1m        reason_kind = "task_bug"^[[0m
review / pass2	UNKNOWN STEP	2026-08-15T07:20:07.3812842Z ^[[36;1m        print(f"❌ **Blocked — the failure looks like a task/verifier problem** (a sound, permitted approach was defeated), not a genuine agent failure. Fix the task or verifier (see the analysis below), then push again.\n")^[[0m
review / pass2	UNKNOWN STEP	2026-08-15T07:20:07.3813228Z ^[[36;1m    elif tprog:^[[0m
review / pass2	UNKNOWN STEP	2026-08-15T07:20:07.3813364Z ^[[36;1m        reason_kind = "timeout_progress"^[[0m
review / pass2	UNKNOWN STEP	2026-08-15T07:20:07.3813736Z ^[[36;1m        print(f"❌ **Blocked — the only non-passing run(s) were still making progress when the timeout hit**, not genuinely stumped. Raise [agent].timeout_sec so the agent can finish, then re-run.\n")^[[0m
review / pass2	UNKNOWN STEP	2026-08-15T07:20:07.3814087Z ^[[36;1m    else:^[[0m
review / pass2	UNKNOWN STEP	2026-08-15T07:20:07.3814204Z ^[[36;1m        reason_kind = "infra"^[[0m
review / pass2	UNKNOWN STEP	2026-08-15T07:20:07.3814369Z ^[[36;1m        errs=sorted({t['exc'] for t in infra if t['exc']})^[[0m
review / pass2	UNKNOWN STEP	2026-08-15T07:20:07.3814588Z ^[[36;1m        ej=", ".join(f"`{e}`" for e in errs) if errs else "an infrastructure error"^[[0m
review / pass2	UNKNOWN STEP	2026-08-15T07:20:07.3815428Z ^[[36;1m        print(f"🛠️ **Blocked by an infrastructure error — not a problem with your task.** The automated environment (Daytona) could not build/allocate a sandbox ({ej}), so the agent trials could not run. The pipeline already retried this automatically. **You don't need to change anything** — this needs to be resolved by the project team, not by editing your task. If it keeps happening on re-run, please contact the project team.\n")^[[0m
review / pass2	UNKNOWN STEP	2026-08-15T07:20:07.3816227Z ^[[36;1m    # Rerun guidance: an infra failure may clear on its own; task issues need a fix first.^[[0m
review / pass2	UNKNOWN STEP	2026-08-15T07:20:07.3816458Z ^[[36;1m    print("**Rerun Recommended: YES**\n")^[[0m
review / pass2	UNKNOWN STEP	2026-08-15T07:20:07.3816683Z ^[[36;1m    # Difficulty suggestion is help for GENUINE (task) failures only — never for infra,^[[0m
review / pass2	UNKNOWN STEP	2026-08-15T07:20:07.3816972Z ^[[36;1m    # which the fellow cannot fix (mirrored by the pass2_suggestion job's infra_only guard).^[[0m
review / pass2	UNKNOWN STEP	2026-08-15T07:20:07.3817229Z ^[[36;1m    if reason_kind in ("too_easy", "task_bug", "timeout_progress"):^[[0m
review / pass2	UNKNOWN STEP	2026-08-15T07:20:07.3817649Z ^[[36;1m        print("\n> 💡 On your first attempt, or after you push meaningful revisions, an automated **pass@2 difficulty suggestion** for this task may be posted to help you (advisory only; it does not gate the PR).\n")^[[0m
review / pass2	UNKNOWN STEP	2026-08-15T07:20:07.3818314Z ^[[36;1mif n: print(f"<sub>Breakdown: {len(solved)} solved · {len(valid)} valid-fail · {len(task_bug)} task/verifier-issue · {len(tprog)} in-progress-timeout · {len(infra)} infra/setup-timeout · {len(unan)} unanalyzed</sub>\n")^[[0m
review / pass2	UNKNOWN STEP	2026-08-15T07:20:07.3818736Z ^[[36;1mfor af in sorted(glob.glob("pass2-analyze/*.json")):^[[0m
review / pass2	UNKNOWN STEP	2026-08-15T07:20:07.3818912Z ^[[36;1m    try: a=json.load(open(af))^[[0m
review / pass2	UNKNOWN STEP	2026-08-15T07:20:07.3819056Z ^[[36;1m    except Exception: continue^[[0m
review / pass2	UNKNOWN STEP	2026-08-15T07:20:07.3819198Z ^[[36;1m    js=a.get("job_summary")^[[0m
review / pass2	UNKNOWN STEP	2026-08-15T07:20:07.3819331Z ^[[36;1m    if js:^[[0m
review / pass2	UNKNOWN STEP	2026-08-15T07:20:07.3819501Z ^[[36;1m        print(f"<details><summary>Pass@ Analysis — {model}</summary>\n")^[[0m
review / pass2	UNKNOWN STEP	2026-08-15T07:20:07.3819722Z ^[[36;1m        print(js.replace("<","&lt;").replace(">","&gt;"))^[[0m
review / pass2	UNKNOWN STEP	2026-08-15T07:20:07.3819892Z ^[[36;1m        print("\n</details>\n")^[[0m
review / pass2	UNKNOWN STEP	2026-08-15T07:20:07.3820082Z ^[[36;1mprint(f"📋 [View logs & artifacts]({os.environ.get('RUN_URL','')})")^[[0m
review / pass2	UNKNOWN STEP	2026-08-15T07:20:07.3820301Z ^[[36;1mwith open(os.environ["GITHUB_OUTPUT"],"a") as o:^[[0m
review / pass2	UNKNOWN STEP	2026-08-15T07:20:07.3820502Z ^[[36;1m    o.write(f"proceed={'true' if proceed else 'false'}\n")^[[0m
review / pass2	UNKNOWN STEP	2026-08-15T07:20:07.3820685Z ^[[36;1m    o.write(f"valid={len(valid)}\n")^[[0m
review / pass2	UNKNOWN STEP	2026-08-15T07:20:07.3820831Z ^[[36;1m    o.write(f"n={n}\n")^[[0m
review / pass2	UNKNOWN STEP	2026-08-15T07:20:07.3821012Z ^[[36;1m    o.write(f"infra_only={'true' if reason_kind=='infra' else 'false'}\n")^[[0m
review / pass2	UNKNOWN STEP	2026-08-15T07:20:07.3821199Z ^[[36;1mPY^[[0m
review / pass2	UNKNOWN STEP	2026-08-15T07:20:07.3839124Z shell: /usr/bin/bash -e {0}
review / pass2	UNKNOWN STEP	2026-08-15T07:20:07.3839255Z env:
review / pass2	UNKNOWN STEP	2026-08-15T07:20:07.3840427Z   GH_TOKEN: ***
review / pass2	UNKNOWN STEP	2026-08-15T07:20:07.3840604Z   REPO: handshake-project-dynamo/dynamo-1573c1a-data-querying-and-databases
review / pass2	UNKNOWN STEP	2026-08-15T07:20:07.3840804Z   PR_NUMBER: 5
review / pass2	UNKNOWN STEP	2026-08-15T07:20:07.3840916Z   BLACKSMITH_RUNNER_MESSAGE_WAIT_MS: 847
review / pass2	UNKNOWN STEP	2026-08-15T07:20:07.3841061Z   BLACKSMITH_RUNNER_ACQUIRE_JOB_MS: 1327
review / pass2	UNKNOWN STEP	2026-08-15T07:20:07.3841274Z   GITHUB_REPO_NAME: handshake-project-dynamo/dynamo-1573c1a-data-querying-and-databases
review / pass2	UNKNOWN STEP	2026-08-15T07:20:07.3841526Z   pythonLocation: /opt/hostedtoolcache/Python/3.11.14/x64
review / pass2	UNKNOWN STEP	2026-08-15T07:20:07.3841733Z   PKG_CONFIG_PATH: /opt/hostedtoolcache/Python/3.11.14/x64/lib/pkgconfig
review / pass2	UNKNOWN STEP	2026-08-15T07:20:07.3841942Z   Python_ROOT_DIR: /opt/hostedtoolcache/Python/3.11.14/x64
review / pass2	UNKNOWN STEP	2026-08-15T07:20:07.3842134Z   Python2_ROOT_DIR: /opt/hostedtoolcache/Python/3.11.14/x64
review / pass2	UNKNOWN STEP	2026-08-15T07:20:07.3842324Z   Python3_ROOT_DIR: /opt/hostedtoolcache/Python/3.11.14/x64
review / pass2	UNKNOWN STEP	2026-08-15T07:20:07.3842516Z   LD_LIBRARY_PATH: /opt/hostedtoolcache/Python/3.11.14/x64/lib
review / pass2	UNKNOWN STEP	2026-08-15T07:20:07.3842705Z   UV_CACHE_DIR: /home/runner/_work/_temp/setup-uv-cache
review / pass2	UNKNOWN STEP	2026-08-15T07:20:07.3842996Z   RUN_URL: https://github.com/handshake-project-dynamo/dynamo-1573c1a-data-querying-and-databases/actions/runs/31870591753
review / pass2	UNKNOWN STEP	2026-08-15T07:20:07.3843265Z ##[endgroup]
review / pass2	UNKNOWN STEP	2026-08-15T07:20:07.4013605Z Node 20 is being deprecated. This workflow is running with Node 24 by default. If you need to temporarily use Node 20, you can set the ACTIONS_ALLOW_USE_UNSECURE_NODE_VERSION=true environment variable. For more information see: https://github.blog/changelog/2025-09-19-deprecation-of-node-20-on-github-actions-runners/
review / pass2	UNKNOWN STEP	2026-08-15T07:20:07.4014423Z ##[group]Run marocchino/sticky-pull-request-comment@773744901bac0e8cbb5a0dc842800d45e9b2b405
review / pass2	UNKNOWN STEP	2026-08-15T07:20:07.4014660Z with:
review / pass2	UNKNOWN STEP	2026-08-15T07:20:07.4014781Z   header: pass2-timeout-check
review / pass2	UNKNOWN STEP	2026-08-15T07:20:07.4014922Z   number: 5
review / pass2	UNKNOWN STEP	2026-08-15T07:20:07.4015030Z   path: comment.md
review / pass2	UNKNOWN STEP	2026-08-15T07:20:07.4015154Z   append: false
review / pass2	UNKNOWN STEP	2026-08-15T07:20:07.4015286Z   recreate: false
review / pass2	UNKNOWN STEP	2026-08-15T07:20:07.4015456Z   delete: false
review / pass2	UNKNOWN STEP	2026-08-15T07:20:07.4015610Z   only_create: false
review / pass2	UNKNOWN STEP	2026-08-15T07:20:07.4015730Z   only_update: false
review / pass2	UNKNOWN STEP	2026-08-15T07:20:07.4015849Z   hide_details: false
review / pass2	UNKNOWN STEP	2026-08-15T07:20:07.4015967Z   hide: false
review / pass2	UNKNOWN STEP	2026-08-15T07:20:07.4016102Z   hide_and_recreate: false
review / pass2	UNKNOWN STEP	2026-08-15T07:20:07.4016259Z   hide_classify: OUTDATED
review / pass2	UNKNOWN STEP	2026-08-15T07:20:07.4016435Z   ignore_empty: false
review / pass2	UNKNOWN STEP	2026-08-15T07:20:07.4016560Z   skip_unchanged: false
review / pass2	UNKNOWN STEP	2026-08-15T07:20:07.4016688Z   follow_symbolic_links: false
review / pass2	UNKNOWN STEP	2026-08-15T07:20:07.4018187Z   GITHUB_TOKEN: ***
review / pass2	UNKNOWN STEP	2026-08-15T07:20:07.4018303Z env:
review / pass2	UNKNOWN STEP	2026-08-15T07:20:07.4020069Z   GH_TOKEN: ***
review / pass2	UNKNOWN STEP	2026-08-15T07:20:07.4020366Z   REPO: handshake-project-dynamo/dynamo-1573c1a-data-querying-and-databases
review / pass2	UNKNOWN STEP	2026-08-15T07:20:07.4020698Z   PR_NUMBER: 5
review / pass2	UNKNOWN STEP	2026-08-15T07:20:07.4020898Z   BLACKSMITH_RUNNER_MESSAGE_WAIT_MS: 847
review / pass2	UNKNOWN STEP	2026-08-15T07:20:07.4021149Z   BLACKSMITH_RUNNER_ACQUIRE_JOB_MS: 1327
review / pass2	UNKNOWN STEP	2026-08-15T07:20:07.4021515Z   GITHUB_REPO_NAME: handshake-project-dynamo/dynamo-1573c1a-data-querying-and-databases
review / pass2	UNKNOWN STEP	2026-08-15T07:20:07.4021933Z   pythonLocation: /opt/hostedtoolcache/Python/3.11.14/x64
review / pass2	UNKNOWN STEP	2026-08-15T07:20:07.4022290Z   PKG_CONFIG_PATH: /opt/hostedtoolcache/Python/3.11.14/x64/lib/pkgconfig
review / pass2	UNKNOWN STEP	2026-08-15T07:20:07.4022648Z   Python_ROOT_DIR: /opt/hostedtoolcache/Python/3.11.14/x64
review / pass2	UNKNOWN STEP	2026-08-15T07:20:07.4022976Z   Python2_ROOT_DIR: /opt/hostedtoolcache/Python/3.11.14/x64
review / pass2	UNKNOWN STEP	2026-08-15T07:20:07.4023303Z   Python3_ROOT_DIR: /opt/hostedtoolcache/Python/3.11.14/x64
review / pass2	UNKNOWN STEP	2026-08-15T07:20:07.4023799Z   LD_LIBRARY_PATH: /opt/hostedtoolcache/Python/3.11.14/x64/lib
review / pass2	UNKNOWN STEP	2026-08-15T07:20:07.4024097Z   UV_CACHE_DIR: /home/runner/_work/_temp/setup-uv-cache
review / pass2	UNKNOWN STEP	2026-08-15T07:20:07.4024280Z ##[endgroup]
review / pass2	UNKNOWN STEP	2026-08-15T07:20:08.7767363Z ##[group]Run if [ "false" != "true" ]; then
review / pass2	UNKNOWN STEP	2026-08-15T07:20:08.7767557Z ^[[36;1mif [ "false" != "true" ]; then^[[0m
review / pass2	UNKNOWN STEP	2026-08-15T07:20:08.7768086Z ^[[36;1m  echo "::error::pass@2: no valid agent failure (0 of 2 runs failed genuinely). pass@5 is skipped until the task produces >=1 valid fail. See the PR comment for the cause (too easy / task-verifier issue / env-infra error)."^[[0m
review / pass2	UNKNOWN STEP	2026-08-15T07:20:08.7768513Z ^[[36;1m  exit 1^[[0m
review / pass2	UNKNOWN STEP	2026-08-15T07:20:08.7768625Z ^[[36;1mfi^[[0m
review / pass2	UNKNOWN STEP	2026-08-15T07:20:08.7768804Z ^[[36;1mecho "pass@2 OK — 0 valid fail(s); proceeding to the automated review."^[[0m
review / pass2	UNKNOWN STEP	2026-08-15T07:20:08.7788730Z shell: /usr/bin/bash -e {0}
review / pass2	UNKNOWN STEP	2026-08-15T07:20:08.7788872Z env:
review / pass2	UNKNOWN STEP	2026-08-15T07:20:08.7790124Z   GH_TOKEN: ***
review / pass2	UNKNOWN STEP	2026-08-15T07:20:08.7790318Z   REPO: handshake-project-dynamo/dynamo-1573c1a-data-querying-and-databases
review / pass2	UNKNOWN STEP	2026-08-15T07:20:08.7790531Z   PR_NUMBER: 5
review / pass2	UNKNOWN STEP	2026-08-15T07:20:08.7790656Z   BLACKSMITH_RUNNER_MESSAGE_WAIT_MS: 847
review / pass2	UNKNOWN STEP	2026-08-15T07:20:08.7790850Z   BLACKSMITH_RUNNER_ACQUIRE_JOB_MS: 1327
review / pass2	UNKNOWN STEP	2026-08-15T07:20:08.7791077Z   GITHUB_REPO_NAME: handshake-project-dynamo/dynamo-1573c1a-data-querying-and-databases
review / pass2	UNKNOWN STEP	2026-08-15T07:20:08.7791339Z   pythonLocation: /opt/hostedtoolcache/Python/3.11.14/x64
review / pass2	UNKNOWN STEP	2026-08-15T07:20:08.7791563Z   PKG_CONFIG_PATH: /opt/hostedtoolcache/Python/3.11.14/x64/lib/pkgconfig
review / pass2	UNKNOWN STEP	2026-08-15T07:20:08.7791783Z   Python_ROOT_DIR: /opt/hostedtoolcache/Python/3.11.14/x64
review / pass2	UNKNOWN STEP	2026-08-15T07:20:08.7791984Z   Python2_ROOT_DIR: /opt/hostedtoolcache/Python/3.11.14/x64
review / pass2	UNKNOWN STEP	2026-08-15T07:20:08.7792185Z   Python3_ROOT_DIR: /opt/hostedtoolcache/Python/3.11.14/x64
review / pass2	UNKNOWN STEP	2026-08-15T07:20:08.7792388Z   LD_LIBRARY_PATH: /opt/hostedtoolcache/Python/3.11.14/x64/lib
review / pass2	UNKNOWN STEP	2026-08-15T07:20:08.7792584Z   UV_CACHE_DIR: /home/runner/_work/_temp/setup-uv-cache
review / pass2	UNKNOWN STEP	2026-08-15T07:20:08.7792748Z ##[endgroup]
review / pass2	UNKNOWN STEP	2026-08-15T07:20:08.7832108Z ##[error]pass@2: no valid agent failure (0 of 2 runs failed genuinely). pass@5 is skipped until the task produces >=1 valid fail. See the PR comment for the cause (too easy / task-verifier issue / env-infra error).
review / pass2	UNKNOWN STEP	2026-08-15T07:20:08.7836618Z ##[error]Process completed with exit code 1.
review / pass2	UNKNOWN STEP	2026-08-15T07:20:08.7857952Z ##[group]Run mkdir -p "$RUNNER_TEMP/stage-outputs"
review / pass2	UNKNOWN STEP	2026-08-15T07:20:08.7858162Z ^[[36;1mmkdir -p "$RUNNER_TEMP/stage-outputs"^[[0m
review / pass2	UNKNOWN STEP	2026-08-15T07:20:08.7858378Z ^[[36;1mjq -n --arg valid "${VALID:-0}" --arg proceed "${PROCEED:-false}" \^[[0m
review / pass2	UNKNOWN STEP	2026-08-15T07:20:08.7858657Z ^[[36;1m      --arg infra_only "${INFRA_ONLY:-false}" --arg origin_run_id "$GITHUB_RUN_ID" \^[[0m
review / pass2	UNKNOWN STEP	2026-08-15T07:20:08.7858963Z ^[[36;1m  '{valid: $valid, proceed: $proceed, infra_only: $infra_only, origin_run_id: $origin_run_id}' \^[[0m
review / pass2	UNKNOWN STEP	2026-08-15T07:20:08.7859233Z ^[[36;1m  > "$RUNNER_TEMP/stage-outputs/pass2-outputs.json"^[[0m
review / pass2	UNKNOWN STEP	2026-08-15T07:20:08.7872838Z shell: /usr/bin/bash -e {0}
review / pass2	UNKNOWN STEP	2026-08-15T07:20:08.7872980Z env:
review / pass2	UNKNOWN STEP	2026-08-15T07:20:08.7874172Z   GH_TOKEN: ***
review / pass2	UNKNOWN STEP	2026-08-15T07:20:08.7874372Z   REPO: handshake-project-dynamo/dynamo-1573c1a-data-querying-and-databases
review / pass2	UNKNOWN STEP	2026-08-15T07:20:08.7874598Z   PR_NUMBER: 5
review / pass2	UNKNOWN STEP	2026-08-15T07:20:08.7874729Z   BLACKSMITH_RUNNER_MESSAGE_WAIT_MS: 847
review / pass2	UNKNOWN STEP	2026-08-15T07:20:08.7874911Z   BLACKSMITH_RUNNER_ACQUIRE_JOB_MS: 1327
review / pass2	UNKNOWN STEP	2026-08-15T07:20:08.7875149Z   GITHUB_REPO_NAME: handshake-project-dynamo/dynamo-1573c1a-data-querying-and-databases
review / pass2	UNKNOWN STEP	2026-08-15T07:20:08.7875419Z   pythonLocation: /opt/hostedtoolcache/Python/3.11.14/x64
review / pass2	UNKNOWN STEP	2026-08-15T07:20:08.7875650Z   PKG_CONFIG_PATH: /opt/hostedtoolcache/Python/3.11.14/x64/lib/pkgconfig
review / pass2	UNKNOWN STEP	2026-08-15T07:20:08.7875883Z   Python_ROOT_DIR: /opt/hostedtoolcache/Python/3.11.14/x64
review / pass2	UNKNOWN STEP	2026-08-15T07:20:08.7876099Z   Python2_ROOT_DIR: /opt/hostedtoolcache/Python/3.11.14/x64
review / pass2	UNKNOWN STEP	2026-08-15T07:20:08.7876311Z   Python3_ROOT_DIR: /opt/hostedtoolcache/Python/3.11.14/x64
review / pass2	UNKNOWN STEP	2026-08-15T07:20:08.7876526Z   LD_LIBRARY_PATH: /opt/hostedtoolcache/Python/3.11.14/x64/lib
review / pass2	UNKNOWN STEP	2026-08-15T07:20:08.7876736Z   UV_CACHE_DIR: /home/runner/_work/_temp/setup-uv-cache
review / pass2	UNKNOWN STEP	2026-08-15T07:20:08.7876906Z   VALID: 0
review / pass2	UNKNOWN STEP	2026-08-15T07:20:08.7877019Z   PROCEED: false
review / pass2	UNKNOWN STEP	2026-08-15T07:20:08.7877143Z   INFRA_ONLY: false
review / pass2	UNKNOWN STEP	2026-08-15T07:20:08.7877267Z ##[endgroup]
review / pass2	UNKNOWN STEP	2026-08-15T07:20:08.7961529Z Node 20 is being deprecated. This workflow is running with Node 24 by default. If you need to temporarily use Node 20, you can set the ACTIONS_ALLOW_USE_UNSECURE_NODE_VERSION=true environment variable. For more information see: https://github.blog/changelog/2025-09-19-deprecation-of-node-20-on-github-actions-runners/
review / pass2	UNKNOWN STEP	2026-08-15T07:20:08.7962214Z ##[group]Run actions/upload-artifact@ea165f8d65b6e75b540449e92b4886f43607fa02
review / pass2	UNKNOWN STEP	2026-08-15T07:20:08.7962425Z with:
review / pass2	UNKNOWN STEP	2026-08-15T07:20:08.7962548Z   name: stage-outputs-pass2
review / pass2	UNKNOWN STEP	2026-08-15T07:20:08.7962742Z   path: /home/runner/_work/_temp/stage-outputs/pass2-outputs.json
review / pass2	UNKNOWN STEP	2026-08-15T07:20:08.7962937Z   if-no-files-found: warn
review / pass2	UNKNOWN STEP	2026-08-15T07:20:08.7963072Z   compression-level: 6
review / pass2	UNKNOWN STEP	2026-08-15T07:20:08.7963200Z   overwrite: false
review / pass2	UNKNOWN STEP	2026-08-15T07:20:08.7963330Z   include-hidden-files: false
review / pass2	UNKNOWN STEP	2026-08-15T07:20:08.7963478Z env:
review / pass2	UNKNOWN STEP	2026-08-15T07:20:08.7964634Z   GH_TOKEN: ***
review / pass2	UNKNOWN STEP	2026-08-15T07:20:08.7964846Z   REPO: handshake-project-dynamo/dynamo-1573c1a-data-querying-and-databases
review / pass2	UNKNOWN STEP	2026-08-15T07:20:08.7965059Z   PR_NUMBER: 5
review / pass2	UNKNOWN STEP	2026-08-15T07:20:08.7965184Z   BLACKSMITH_RUNNER_MESSAGE_WAIT_MS: 847
review / pass2	UNKNOWN STEP	2026-08-15T07:20:08.7965346Z   BLACKSMITH_RUNNER_ACQUIRE_JOB_MS: 1327
review / pass2	UNKNOWN STEP	2026-08-15T07:20:08.7965587Z   GITHUB_REPO_NAME: handshake-project-dynamo/dynamo-1573c1a-data-querying-and-databases
review / pass2	UNKNOWN STEP	2026-08-15T07:20:08.7965858Z   pythonLocation: /opt/hostedtoolcache/Python/3.11.14/x64
review / pass2	UNKNOWN STEP	2026-08-15T07:20:08.7966084Z   PKG_CONFIG_PATH: /opt/hostedtoolcache/Python/3.11.14/x64/lib/pkgconfig
review / pass2	UNKNOWN STEP	2026-08-15T07:20:08.7966312Z   Python_ROOT_DIR: /opt/hostedtoolcache/Python/3.11.14/x64
review / pass2	UNKNOWN STEP	2026-08-15T07:20:08.7966519Z   Python2_ROOT_DIR: /opt/hostedtoolcache/Python/3.11.14/x64
review / pass2	UNKNOWN STEP	2026-08-15T07:20:08.7966727Z   Python3_ROOT_DIR: /opt/hostedtoolcache/Python/3.11.14/x64
review / pass2	UNKNOWN STEP	2026-08-15T07:20:08.7966939Z   LD_LIBRARY_PATH: /opt/hostedtoolcache/Python/3.11.14/x64/lib
review / pass2	UNKNOWN STEP	2026-08-15T07:20:08.7967142Z   UV_CACHE_DIR: /home/runner/_work/_temp/setup-uv-cache
review / pass2	UNKNOWN STEP	2026-08-15T07:20:08.7967416Z ##[endgroup]
review / pass2	UNKNOWN STEP	2026-08-15T07:20:08.8704065Z (node:5207) [DEP0040] DeprecationWarning: The `punycode` module is deprecated. Please use a userland alternative instead.
review / pass2	UNKNOWN STEP	2026-08-15T07:20:08.8704498Z (Use `node --trace-deprecation ...` to show where the warning was created)
review / pass2	UNKNOWN STEP	2026-08-15T07:20:08.8724470Z With the provided path, there will be 1 file uploaded
review / pass2	UNKNOWN STEP	2026-08-15T07:20:08.8726515Z Artifact name is valid!
review / pass2	UNKNOWN STEP	2026-08-15T07:20:08.8726804Z Root directory input is valid!
review / pass2	UNKNOWN STEP	2026-08-15T07:20:09.1490213Z Beginning upload of artifact content to blob storage
review / pass2	UNKNOWN STEP	2026-08-15T07:20:09.1606683Z (node:5207) [DEP0169] DeprecationWarning: `url.parse()` behavior is not standardized and prone to errors that have security implications. Use the WHATWG URL API instead. CVEs are not issued for `url.parse()` vulnerabilities.
review / pass2	UNKNOWN STEP	2026-08-15T07:20:09.4111869Z Uploaded bytes 225
review / pass2	UNKNOWN STEP	2026-08-15T07:20:09.4813673Z Finished uploading artifact content to blob storage!
review / pass2	UNKNOWN STEP	2026-08-15T07:20:09.4814069Z SHA256 digest of uploaded artifact zip is 59b2437c20f078f7b0b738c22bcadab9c09222945f88830262cb8e956e5d1005
review / pass2	UNKNOWN STEP	2026-08-15T07:20:09.4815191Z Finalizing artifact upload
review / pass2	UNKNOWN STEP	2026-08-15T07:20:09.8283721Z Artifact stage-outputs-pass2.zip successfully finalized. Artifact ID 9243591515
review / pass2	UNKNOWN STEP	2026-08-15T07:20:09.8284056Z Artifact stage-outputs-pass2 has been successfully uploaded! Final size is 225 bytes. Artifact ID is 9243591515
review / pass2	UNKNOWN STEP	2026-08-15T07:20:09.8287396Z Artifact download URL: https://github.com/handshake-project-dynamo/dynamo-1573c1a-data-querying-and-databases/actions/runs/31870591753/artifacts/9243591515
review / pass2	UNKNOWN STEP	2026-08-15T07:20:09.8349440Z ##[group]Run .dynamo/report-unhandled.sh
review / pass2	UNKNOWN STEP	2026-08-15T07:20:09.8349636Z ^[[36;1m.dynamo/report-unhandled.sh^[[0m
review / pass2	UNKNOWN STEP	2026-08-15T07:20:09.8368535Z shell: /usr/bin/bash -e {0}
review / pass2	UNKNOWN STEP	2026-08-15T07:20:09.8368673Z env:
review / pass2	UNKNOWN STEP	2026-08-15T07:20:09.8369798Z   GH_TOKEN: ***
review / pass2	UNKNOWN STEP	2026-08-15T07:20:09.8369990Z   REPO: handshake-project-dynamo/dynamo-1573c1a-data-querying-and-databases
review / pass2	UNKNOWN STEP	2026-08-15T07:20:09.8370199Z   PR_NUMBER: 5
review / pass2	UNKNOWN STEP	2026-08-15T07:20:09.8370322Z   BLACKSMITH_RUNNER_MESSAGE_WAIT_MS: 847
review / pass2	UNKNOWN STEP	2026-08-15T07:20:09.8370495Z   BLACKSMITH_RUNNER_ACQUIRE_JOB_MS: 1327
review / pass2	UNKNOWN STEP	2026-08-15T07:20:09.8370726Z   GITHUB_REPO_NAME: handshake-project-dynamo/dynamo-1573c1a-data-querying-and-databases
review / pass2	UNKNOWN STEP	2026-08-15T07:20:09.8370994Z   pythonLocation: /opt/hostedtoolcache/Python/3.11.14/x64
review / pass2	UNKNOWN STEP	2026-08-15T07:20:09.8371218Z   PKG_CONFIG_PATH: /opt/hostedtoolcache/Python/3.11.14/x64/lib/pkgconfig
review / pass2	UNKNOWN STEP	2026-08-15T07:20:09.8371440Z   Python_ROOT_DIR: /opt/hostedtoolcache/Python/3.11.14/x64
review / pass2	UNKNOWN STEP	2026-08-15T07:20:09.8371667Z   Python2_ROOT_DIR: /opt/hostedtoolcache/Python/3.11.14/x64
review / pass2	UNKNOWN STEP	2026-08-15T07:20:09.8371869Z   Python3_ROOT_DIR: /opt/hostedtoolcache/Python/3.11.14/x64
review / pass2	UNKNOWN STEP	2026-08-15T07:20:09.8372074Z   LD_LIBRARY_PATH: /opt/hostedtoolcache/Python/3.11.14/x64/lib
review / pass2	UNKNOWN STEP	2026-08-15T07:20:09.8372272Z   UV_CACHE_DIR: /home/runner/_work/_temp/setup-uv-cache
review / pass2	UNKNOWN STEP	2026-08-15T07:20:09.8372547Z   DYNAMO_TASK_SIMILARITY_API_TOKEN: ***
review / pass2	UNKNOWN STEP	2026-08-15T07:20:09.8372757Z   DYNAMO_CHECKS_TOKEN: ***
review / pass2	UNKNOWN STEP	2026-08-15T07:20:09.8372887Z ##[endgroup]
review / pass2	UNKNOWN STEP	2026-08-15T07:20:10.4366105Z note: verdict at "Completion gate (red-X + skip pass@5 unless >=1 valid fail)" — the gate already told the PR; not reported.
review / pass2	UNKNOWN STEP	2026-08-15T07:20:10.4422429Z Post job cleanup.
review / pass2	UNKNOWN STEP	2026-08-15T07:20:10.4847473Z [command]/usr/local/bin/git version
review / pass2	UNKNOWN STEP	2026-08-15T07:20:10.4871345Z git version 2.52.0
review / pass2	UNKNOWN STEP	2026-08-15T07:20:10.4887188Z Temporarily overriding HOME='/home/runner/_work/_temp/756d4ce6-5855-450f-99a6-aafd10045354' before making global git config changes
review / pass2	UNKNOWN STEP	2026-08-15T07:20:10.4887609Z Adding repository directory to the temporary git global config as a safe directory
review / pass2	UNKNOWN STEP	2026-08-15T07:20:10.4890465Z [command]/usr/local/bin/git config --global --add safe.directory /home/runner/_work/dynamo-1573c1a-data-querying-and-databases/dynamo-1573c1a-data-querying-and-databases/submission
review / pass2	UNKNOWN STEP	2026-08-15T07:20:10.4909162Z Removing SSH command configuration
review / pass2	UNKNOWN STEP	2026-08-15T07:20:10.4912370Z [command]/usr/local/bin/git config --local --name-only --get-regexp core\.sshCommand
review / pass2	UNKNOWN STEP	2026-08-15T07:20:10.4931900Z [command]/usr/local/bin/git submodule foreach --recursive sh -c "git config --local --name-only --get-regexp 'core\.sshCommand' && git config --local --unset-all 'core.sshCommand' || :"
review / pass2	UNKNOWN STEP	2026-08-15T07:20:10.5023307Z Removing HTTP extra header
review / pass2	UNKNOWN STEP	2026-08-15T07:20:10.5025859Z [command]/usr/local/bin/git config --local --name-only --get-regexp http\.https\:\/\/github\.com\/\.extraheader
review / pass2	UNKNOWN STEP	2026-08-15T07:20:10.5044893Z [command]/usr/local/bin/git submodule foreach --recursive sh -c "git config --local --name-only --get-regexp 'http\.https\:\/\/github\.com\/\.extraheader' && git config --local --unset-all 'http.https://github.com/.extraheader' || :"
review / pass2	UNKNOWN STEP	2026-08-15T07:20:10.5138740Z Removing includeIf entries pointing to credentials config files
review / pass2	UNKNOWN STEP	2026-08-15T07:20:10.5139225Z [command]/usr/local/bin/git config --local --name-only --get-regexp ^includeIf\.gitdir:
review / pass2	UNKNOWN STEP	2026-08-15T07:20:10.5156343Z [command]/usr/local/bin/git submodule foreach --recursive git config --local --show-origin --name-only --get-regexp remote.origin.url
review / pass2	UNKNOWN STEP	2026-08-15T07:20:10.5327747Z Node 20 is being deprecated. This workflow is running with Node 24 by default. If you need to temporarily use Node 20, you can set the ACTIONS_ALLOW_USE_UNSECURE_NODE_VERSION=true environment variable. For more information see: https://github.blog/changelog/2025-09-19-deprecation-of-node-20-on-github-actions-runners/
review / pass2	UNKNOWN STEP	2026-08-15T07:20:10.5328395Z Post job cleanup.
review / pass2	UNKNOWN STEP	2026-08-15T07:20:10.5745871Z [command]/usr/local/bin/git version
review / pass2	UNKNOWN STEP	2026-08-15T07:20:10.5769186Z git version 2.52.0
review / pass2	UNKNOWN STEP	2026-08-15T07:20:10.5785714Z Temporarily overriding HOME='/home/runner/_work/_temp/292536fc-0a8b-42a1-8092-d99acb5f3d55' before making global git config changes
review / pass2	UNKNOWN STEP	2026-08-15T07:20:10.5786153Z Adding repository directory to the temporary git global config as a safe directory
review / pass2	UNKNOWN STEP	2026-08-15T07:20:10.5789288Z [command]/usr/local/bin/git config --global --add safe.directory /home/runner/_work/dynamo-1573c1a-data-querying-and-databases/dynamo-1573c1a-data-querying-and-databases
review / pass2	UNKNOWN STEP	2026-08-15T07:20:10.5808481Z [command]/usr/local/bin/git config --local --name-only --get-regexp core\.sshCommand
review / pass2	UNKNOWN STEP	2026-08-15T07:20:10.5826109Z [command]/usr/local/bin/git submodule foreach --recursive sh -c "git config --local --name-only --get-regexp 'core\.sshCommand' && git config --local --unset-all 'core.sshCommand' || :"
review / pass2	UNKNOWN STEP	2026-08-15T07:20:10.5920854Z [command]/usr/local/bin/git config --local --name-only --get-regexp http\.https\:\/\/github\.com\/\.extraheader
review / pass2	UNKNOWN STEP	2026-08-15T07:20:10.5933950Z http.https://github.com/.extraheader
review / pass2	UNKNOWN STEP	2026-08-15T07:20:10.5938497Z [command]/usr/local/bin/git config --local --unset-all http.https://github.com/.extraheader
review / pass2	UNKNOWN STEP	2026-08-15T07:20:10.5955096Z [command]/usr/local/bin/git submodule foreach --recursive sh -c "git config --local --name-only --get-regexp 'http\.https\:\/\/github\.com\/\.extraheader' && git config --local --unset-all 'http.https://github.com/.extraheader' || :"
review / pass2	UNKNOWN STEP	2026-08-15T07:20:10.6049892Z [command]/usr/local/bin/git config --local --name-only --get-regexp ^includeIf\.gitdir:
review / pass2	UNKNOWN STEP	2026-08-15T07:20:10.6070327Z [command]/usr/local/bin/git submodule foreach --recursive git config --local --show-origin --name-only --get-regexp remote.origin.url
review / pass2	UNKNOWN STEP	2026-08-15T07:20:10.6239232Z A job completed hook has been configured by the self-hosted runner administrator
review / pass2	UNKNOWN STEP	2026-08-15T07:20:10.6263706Z ##[group]Run '/job_completed.sh'
review / pass2	UNKNOWN STEP	2026-08-15T07:20:10.6275566Z shell: /usr/bin/bash --noprofile --norc -e -o pipefail {0}
review / pass2	UNKNOWN STEP	2026-08-15T07:20:10.6275750Z env:
review / pass2	UNKNOWN STEP	2026-08-15T07:20:10.6275868Z   BLACKSMITH_RUNNER_MESSAGE_WAIT_MS: 847
review / pass2	UNKNOWN STEP	2026-08-15T07:20:10.6276020Z   BLACKSMITH_RUNNER_ACQUIRE_JOB_MS: 1327
review / pass2	UNKNOWN STEP	2026-08-15T07:20:10.6276158Z ##[endgroup]
review / pass2	UNKNOWN STEP	2026-08-15T07:20:10.6349949Z Docker container caching not enabled, skipping hash computation.
review / pass2	UNKNOWN STEP	2026-08-15T07:20:10.6393625Z No active SSH sessions detected. Proceeding with shutdown immediately.
review / pass2	UNKNOWN STEP	2026-08-15T07:20:10.6430998Z Evaluate and set job outputs
review / pass2	UNKNOWN STEP	2026-08-15T07:20:10.6434732Z Set output 'valid'
review / pass2	UNKNOWN STEP	2026-08-15T07:20:10.6435742Z Set output 'proceed'
review / pass2	UNKNOWN STEP	2026-08-15T07:20:10.6436187Z Set output 'infra_only'
review / pass2	UNKNOWN STEP	2026-08-15T07:20:10.6436507Z Cleaning up orphan processes
review / pass2	UNKNOWN STEP	2026-08-15T07:20:10.7567254Z ##[warning]Node.js 20 is deprecated. The following actions target Node.js 20 but are being forced to run on Node.js 24: actions/checkout@11d5960a326750d5838078e36cf38b85af677262, actions/setup-python@a26af69be951a213d495a4c3e4e4022e16d87065, actions/upload-artifact@ea165f8d65b6e75b540449e92b4886f43607fa02, astral-sh/setup-uv@38f3f104447c67c051c4a08e39b64a148898af3a, marocchino/sticky-pull-request-comment@773744901bac0e8cbb5a0dc842800d45e9b2b405. For more information see: https://github.blog/changelog/2025-09-19-deprecation-of-node-20-on-github-actions-runners/
review / gate	UNKNOWN STEP	﻿2026-08-15T07:21:03.7013885Z Current runner version: '2.336.0'
review / gate	UNKNOWN STEP	2026-08-15T07:21:03.7017060Z Runner name: 'blacksmith-scale1-01m024q1a0wqfbvtzsabgpz7v4-2vcpu'
review / gate	UNKNOWN STEP	2026-08-15T07:21:03.7017700Z Runner group name: 'blacksmith runners 01kyaj49yqtkmevmxapsvtx542'
review / gate	UNKNOWN STEP	2026-08-15T07:21:03.7018431Z Machine name: 'ip-172-31-64-123'
review / gate	UNKNOWN STEP	2026-08-15T07:21:03.7020202Z ##[group]GITHUB_TOKEN Permissions
review / gate	UNKNOWN STEP	2026-08-15T07:21:03.7021385Z Contents: read
review / gate	UNKNOWN STEP	2026-08-15T07:21:03.7021831Z Metadata: read
review / gate	UNKNOWN STEP	2026-08-15T07:21:03.7022224Z PullRequests: write
review / gate	UNKNOWN STEP	2026-08-15T07:21:03.7022613Z ##[endgroup]
review / gate	UNKNOWN STEP	2026-08-15T07:21:03.7023914Z Secret source: Actions
review / gate	UNKNOWN STEP	2026-08-15T07:21:03.7024627Z Prepare workflow directory
review / gate	UNKNOWN STEP	2026-08-15T07:21:03.7196838Z Prepare all required actions
review / gate	UNKNOWN STEP	2026-08-15T07:21:03.7214482Z Setting BLACKSMITH_ACTIONS_RESULTS_URL to https://results-receiver.actions.githubusercontent.com/
review / gate	UNKNOWN STEP	2026-08-15T07:21:03.7252931Z Uses: handshake-project-dynamo/handshake-orchestration-tb2/.github/workflows/dynamo-review.yml@refs/heads/main (623a2dbaae6fffe4e0cfe4e975c4442ae8ea3116)
review / gate	UNKNOWN STEP	2026-08-15T07:21:03.7255774Z ##[group] Inputs
review / gate	UNKNOWN STEP	2026-08-15T07:21:03.7256222Z   checks_ref: main
review / gate	UNKNOWN STEP	2026-08-15T07:21:03.7256670Z ##[endgroup]
review / gate	UNKNOWN STEP	2026-08-15T07:21:03.7257074Z Complete job name: review / gate
review / gate	UNKNOWN STEP	2026-08-15T07:21:03.7586292Z A job started hook has been configured by the self-hosted runner administrator
review / gate	UNKNOWN STEP	2026-08-15T07:21:03.7786368Z ##[group]Run '/setup.sh'
review / gate	UNKNOWN STEP	2026-08-15T07:21:03.7800013Z shell: /usr/bin/bash --noprofile --norc -e -o pipefail {0}
review / gate	UNKNOWN STEP	2026-08-15T07:21:03.7800678Z env:
review / gate	UNKNOWN STEP	2026-08-15T07:21:03.7801147Z   BLACKSMITH_RUNNER_MESSAGE_WAIT_MS: 1384
review / gate	UNKNOWN STEP	2026-08-15T07:21:03.7801643Z   BLACKSMITH_RUNNER_ACQUIRE_JOB_MS: 1071
review / gate	UNKNOWN STEP	2026-08-15T07:21:03.7802087Z ##[endgroup]
review / gate	UNKNOWN STEP	2026-08-15T07:21:03.8068212Z Logging daemon started (blacksmithd for logs)
review / gate	UNKNOWN STEP	2026-08-15T07:21:03.8202585Z Results daemon started (blacksmithd for results)
review / gate	UNKNOWN STEP	2026-08-15T07:21:03.8338147Z Background adoption and SSH setup started (PID: 3510)
review / gate	UNKNOWN STEP	2026-08-15T07:21:03.8362714Z 
review / gate	UNKNOWN STEP	2026-08-15T07:21:03.8363334Z ----------------------------------------
review / gate	UNKNOWN STEP	2026-08-15T07:21:03.8423079Z View this job: https://app.blacksmith.sh/handshake-project-dynamo/runs/31870591753/jobs/94981218446
review / gate	UNKNOWN STEP	2026-08-15T07:21:03.8431058Z SSH Access (using your GitHub SSH key):
review / gate	UNKNOWN STEP	2026-08-15T07:21:03.8431786Z   ssh -p 64001 runner@blacksmith-scale1-01m024q1a0wqfbvtzsabgpz7v4-2vcpu.vm.blacksmith.sh
review / gate	UNKNOWN STEP	2026-08-15T07:21:03.8432197Z 
review / gate	UNKNOWN STEP	2026-08-15T07:21:03.8432384Z No GitHub SSH key? Add one at:
review / gate	UNKNOWN STEP	2026-08-15T07:21:03.8433123Z https://docs.github.com/en/authentication/connecting-to-github-with-ssh/adding-a-new-ssh-key-to-your-github-account
review / gate	UNKNOWN STEP	2026-08-15T07:21:03.8433696Z 
review / gate	UNKNOWN STEP	2026-08-15T07:21:03.8433872Z ----------------------------------------
review / gate	UNKNOWN STEP	2026-08-15T07:21:03.8434110Z 
review / gate	UNKNOWN STEP	2026-08-15T07:21:03.8434352Z VM ID: blacksmith-scale1-01m024q1a0wqfbvtzsabgpz7v4-2vcpu
review / gate	UNKNOWN STEP	2026-08-15T07:21:03.8434780Z Host: production-192.240.245.124-x8664
review / gate	UNKNOWN STEP	2026-08-15T07:21:03.8435140Z Host Agent PID: 2622927
review / gate	UNKNOWN STEP	2026-08-15T07:21:03.8435465Z Agent Process Count: 1
review / gate	UNKNOWN STEP	2026-08-15T07:21:03.8435778Z Host Agent Git SHA: 1dcca3f2
review / gate	UNKNOWN STEP	2026-08-15T07:21:03.8436112Z Host CPU Manufacturer: GenuineIntel
review / gate	UNKNOWN STEP	2026-08-15T07:21:03.8436488Z Blacksmith Host Generation: gen 1
review / gate	UNKNOWN STEP	2026-08-15T07:21:03.8436855Z Petname: production-exotic-vervet-914a1192
review / gate	UNKNOWN STEP	2026-08-15T07:21:03.8437219Z Region: us-west
review / gate	UNKNOWN STEP	2026-08-15T07:21:03.8437537Z Rootfs Version: ubuntu24-full-x64-012126
review / gate	UNKNOWN STEP	2026-08-15T07:21:03.8449263Z OS Version: Ubuntu 24.04.3 LTS
review / gate	UNKNOWN STEP	2026-08-15T07:21:03.8462168Z System Statistics:
review / gate	UNKNOWN STEP	2026-08-15T07:21:03.8462531Z -----------------
review / gate	UNKNOWN STEP	2026-08-15T07:21:03.8541601Z VM CPU Count: 3
review / gate	UNKNOWN STEP	2026-08-15T07:21:03.8562644Z 
review / gate	UNKNOWN STEP	2026-08-15T07:21:03.8565061Z Jobs by Process ID:
review / gate	UNKNOWN STEP	2026-08-15T07:21:03.8565391Z -----------------
review / gate	UNKNOWN STEP	2026-08-15T07:21:03.8565661Z PID 2622927: 3 jobs
review / gate	UNKNOWN STEP	2026-08-15T07:21:03.8565938Z Total: 3 jobs across 1 process
review / gate	UNKNOWN STEP	2026-08-15T07:21:03.8566156Z 
review / gate	UNKNOWN STEP	2026-08-15T07:21:03.8566293Z Devices by Process ID:
review / gate	UNKNOWN STEP	2026-08-15T07:21:03.8566561Z -----------------
review / gate	UNKNOWN STEP	2026-08-15T07:21:03.8566817Z PID 2622927: 3 devices
review / gate	UNKNOWN STEP	2026-08-15T07:21:03.8567147Z Total: 3 devices across 1 process
review / gate	UNKNOWN STEP	2026-08-15T07:21:03.8567463Z Enabling Blacksmith transparent cache
review / gate	UNKNOWN STEP	2026-08-15T07:21:03.8805563Z ##[group]Run R='success'; S='success'; DR='skipped'; AR='skipped'
review / gate	UNKNOWN STEP	2026-08-15T07:21:03.8806213Z ^[[36;1mR='success'; S='success'; DR='skipped'; AR='skipped'^[[0m
review / gate	UNKNOWN STEP	2026-08-15T07:21:03.8806623Z ^[[36;1mV='success'; P='failure'; T='skipped'; QG='skipped'; T1='skipped'^[[0m
review / gate	UNKNOWN STEP	2026-08-15T07:21:03.8807075Z ^[[36;1mstage_ok() { # result run_flag — success, or skipped WITH sanction^[[0m
review / gate	UNKNOWN STEP	2026-08-15T07:21:03.8807505Z ^[[36;1m  [ "$1" = "success" ] || { [ "$1" = "skipped" ] && [ "$2" = "false" ]; }^[[0m
review / gate	UNKNOWN STEP	2026-08-15T07:21:03.8807841Z ^[[36;1m}^[[0m
review / gate	UNKNOWN STEP	2026-08-15T07:21:03.8808048Z ^[[36;1mALL_GREEN=true^[[0m
review / gate	UNKNOWN STEP	2026-08-15T07:21:03.8808332Z ^[[36;1mstage_ok "$R" "$RUN_REVIEW"      || ALL_GREEN=false^[[0m
review / gate	UNKNOWN STEP	2026-08-15T07:21:03.8808698Z ^[[36;1mstage_ok "$S" "$RUN_SIMILARITY"  || ALL_GREEN=false^[[0m
review / gate	UNKNOWN STEP	2026-08-15T07:21:03.8809065Z ^[[36;1mstage_ok "$V" "$RUN_VALIDATION"  || ALL_GREEN=false^[[0m
review / gate	UNKNOWN STEP	2026-08-15T07:21:03.8809427Z ^[[36;1mstage_ok "$P" "$RUN_PASS2"       || ALL_GREEN=false^[[0m
review / gate	UNKNOWN STEP	2026-08-15T07:21:03.8809811Z ^[[36;1mstage_ok "$T1" "$RUN_TIER1"      || ALL_GREEN=false^[[0m
review / gate	UNKNOWN STEP	2026-08-15T07:21:03.8810174Z ^[[36;1mstage_ok "$QG" "$RUN_QC"         || ALL_GREEN=false^[[0m
review / gate	UNKNOWN STEP	2026-08-15T07:21:03.8810532Z ^[[36;1mstage_ok "$DR" "$RUN_DEEP"       || ALL_GREEN=false^[[0m
review / gate	UNKNOWN STEP	2026-08-15T07:21:03.8810889Z ^[[36;1mstage_ok "$AR" "$RUN_AVA"        || ALL_GREEN=false^[[0m
review / gate	UNKNOWN STEP	2026-08-15T07:21:03.8811248Z ^[[36;1mstage_ok "$T" "$RUN_TRIALS"      || ALL_GREEN=false^[[0m
review / gate	UNKNOWN STEP	2026-08-15T07:21:03.8811576Z ^[[36;1mif [ "$ALL_GREEN" = true ]; then^[[0m
review / gate	UNKNOWN STEP	2026-08-15T07:21:03.8811984Z ^[[36;1m  ADD=accepted; RM=needs-revision; COLOR=0e8a16; DESC="Dynamo: all checks passed"^[[0m
review / gate	UNKNOWN STEP	2026-08-15T07:21:03.8812569Z ^[[36;1m  gh pr edit "$PR_NUMBER" --repo "$REPO" --remove-label "rework-submitted-on-red" 2>/dev/null || true^[[0m
review / gate	UNKNOWN STEP	2026-08-15T07:21:03.8813021Z ^[[36;1melse^[[0m
review / gate	UNKNOWN STEP	2026-08-15T07:21:03.8813439Z ^[[36;1m  ADD=needs-revision; RM=accepted; COLOR=d93f0b; DESC="Dynamo: one or more checks failed"^[[0m
review / gate	UNKNOWN STEP	2026-08-15T07:21:03.8813866Z ^[[36;1mfi^[[0m
review / gate	UNKNOWN STEP	2026-08-15T07:21:03.8814239Z ^[[36;1mgh label create "$ADD" --repo "$REPO" --color "$COLOR" --description "$DESC" 2>/dev/null || true^[[0m
review / gate	UNKNOWN STEP	2026-08-15T07:21:03.8814786Z ^[[36;1mgh pr edit "$PR_NUMBER" --repo "$REPO" --add-label "$ADD" 2>/dev/null || true^[[0m
review / gate	UNKNOWN STEP	2026-08-15T07:21:03.8815360Z ^[[36;1mgh pr edit "$PR_NUMBER" --repo "$REPO" --remove-label "$RM" --remove-label "in-progress" 2>/dev/null || true^[[0m
review / gate	UNKNOWN STEP	2026-08-15T07:21:03.8827791Z shell: /usr/bin/bash -e {0}
review / gate	UNKNOWN STEP	2026-08-15T07:21:03.8828057Z env:
review / gate	UNKNOWN STEP	2026-08-15T07:21:03.8828276Z   BLACKSMITH_RUNNER_MESSAGE_WAIT_MS: 1384
review / gate	UNKNOWN STEP	2026-08-15T07:21:03.8828568Z   BLACKSMITH_RUNNER_ACQUIRE_JOB_MS: 1071
review / gate	UNKNOWN STEP	2026-08-15T07:21:03.8828988Z   GITHUB_REPO_NAME: handshake-project-dynamo/dynamo-1573c1a-data-querying-and-databases
review / gate	UNKNOWN STEP	2026-08-15T07:21:03.8831154Z   GH_TOKEN: ***
review / gate	UNKNOWN STEP	2026-08-15T07:21:03.8831477Z   REPO: handshake-project-dynamo/dynamo-1573c1a-data-querying-and-databases
review / gate	UNKNOWN STEP	2026-08-15T07:21:03.8831859Z   PR_NUMBER: 5
review / gate	UNKNOWN STEP	2026-08-15T07:21:03.8832070Z   RUN_REVIEW: true
review / gate	UNKNOWN STEP	2026-08-15T07:21:03.8832288Z   RUN_SIMILARITY: true
review / gate	UNKNOWN STEP	2026-08-15T07:21:03.8832528Z   RUN_VALIDATION: true
review / gate	UNKNOWN STEP	2026-08-15T07:21:03.8832754Z   RUN_PASS2: true
review / gate	UNKNOWN STEP	2026-08-15T07:21:03.8832965Z   RUN_TIER1: true
review / gate	UNKNOWN STEP	2026-08-15T07:21:03.8833172Z   RUN_QC: true
review / gate	UNKNOWN STEP	2026-08-15T07:21:03.8833490Z   RUN_DEEP: true
review / gate	UNKNOWN STEP	2026-08-15T07:21:03.8833706Z   RUN_AVA: true
review / gate	UNKNOWN STEP	2026-08-15T07:21:03.8833914Z   RUN_TRIALS: true
review / gate	UNKNOWN STEP	2026-08-15T07:21:03.8834125Z ##[endgroup]
review / gate	UNKNOWN STEP	2026-08-15T07:21:05.3978354Z https://github.com/handshake-project-dynamo/dynamo-1573c1a-data-querying-and-databases/pull/5
review / gate	UNKNOWN STEP	2026-08-15T07:21:07.1412253Z ##[group]Run R='success'; S='success'; DR='skipped'; AR='skipped'
review / gate	UNKNOWN STEP	2026-08-15T07:21:07.1412570Z ^[[36;1mR='success'; S='success'; DR='skipped'; AR='skipped'^[[0m
review / gate	UNKNOWN STEP	2026-08-15T07:21:07.1412814Z ^[[36;1mV='success'; P='failure'; T='skipped'; QG='skipped'; T1='skipped'^[[0m
review / gate	UNKNOWN STEP	2026-08-15T07:21:07.1413158Z ^[[36;1mecho "review=$R  similarity=$S  validation=$V  pass2=$P  tier1=$T1  qc_gate=$QG  deep_review=$DR  ava_review=$AR  trials=$T"^[[0m
review / gate	UNKNOWN STEP	2026-08-15T07:21:07.1413742Z ^[[36;1mecho "sanctioned: review=$RUN_REVIEW similarity=$RUN_SIMILARITY validation=$RUN_VALIDATION pass2=$RUN_PASS2 tier1=$RUN_TIER1 qc=$RUN_QC deep=$RUN_DEEP ava=$RUN_AVA trials=$RUN_TRIALS (run flags — 'false' = skip sanctioned)"^[[0m
review / gate	UNKNOWN STEP	2026-08-15T07:21:07.1414417Z ^[[36;1mstage_ok() { # result run_flag — success, or skipped WITH sanction^[[0m
review / gate	UNKNOWN STEP	2026-08-15T07:21:07.1414681Z ^[[36;1m  [ "$1" = "success" ] || { [ "$1" = "skipped" ] && [ "$2" = "false" ]; }^[[0m
review / gate	UNKNOWN STEP	2026-08-15T07:21:07.1414932Z ^[[36;1m}^[[0m
review / gate	UNKNOWN STEP	2026-08-15T07:21:07.1415126Z ^[[36;1mFAILED=""^[[0m
review / gate	UNKNOWN STEP	2026-08-15T07:21:07.1415318Z ^[[36;1mstage_ok "$R" "$RUN_REVIEW"      || FAILED="$FAILED review=$R"^[[0m
review / gate	UNKNOWN STEP	2026-08-15T07:21:07.1415575Z ^[[36;1mstage_ok "$S" "$RUN_SIMILARITY"  || FAILED="$FAILED similarity=$S"^[[0m
review / gate	UNKNOWN STEP	2026-08-15T07:21:07.1415827Z ^[[36;1mstage_ok "$V" "$RUN_VALIDATION"  || FAILED="$FAILED validation=$V"^[[0m
review / gate	UNKNOWN STEP	2026-08-15T07:21:07.1416073Z ^[[36;1mstage_ok "$P" "$RUN_PASS2"       || FAILED="$FAILED pass2=$P"^[[0m
review / gate	UNKNOWN STEP	2026-08-15T07:21:07.1416318Z ^[[36;1mstage_ok "$T1" "$RUN_TIER1"      || FAILED="$FAILED tier1=$T1"^[[0m
review / gate	UNKNOWN STEP	2026-08-15T07:21:07.1416566Z ^[[36;1mstage_ok "$QG" "$RUN_QC"         || FAILED="$FAILED qc_gate=$QG"^[[0m
review / gate	UNKNOWN STEP	2026-08-15T07:21:07.1416819Z ^[[36;1mstage_ok "$DR" "$RUN_DEEP"       || FAILED="$FAILED deep_review=$DR"^[[0m
review / gate	UNKNOWN STEP	2026-08-15T07:21:07.1417077Z ^[[36;1mstage_ok "$AR" "$RUN_AVA"        || FAILED="$FAILED ava_review=$AR"^[[0m
review / gate	UNKNOWN STEP	2026-08-15T07:21:07.1417318Z ^[[36;1mstage_ok "$T" "$RUN_TRIALS"      || FAILED="$FAILED trials=$T"^[[0m
review / gate	UNKNOWN STEP	2026-08-15T07:21:07.1417529Z ^[[36;1mif [ -n "$FAILED" ]; then^[[0m
review / gate	UNKNOWN STEP	2026-08-15T07:21:07.1417764Z ^[[36;1m  CANCELLED=false; ANY_STAGE_FAILURE=false^[[0m
review / gate	UNKNOWN STEP	2026-08-15T07:21:07.1417988Z ^[[36;1m  for RESULT in "$R" "$S" "$V" "$P" "$T1" "$QG" "$DR" "$AR" "$T"; do^[[0m
review / gate	UNKNOWN STEP	2026-08-15T07:21:07.1418219Z ^[[36;1m    [ "$RESULT" = "cancelled" ] && CANCELLED=true^[[0m
review / gate	UNKNOWN STEP	2026-08-15T07:21:07.1418431Z ^[[36;1m    [ "$RESULT" = "failure" ] && ANY_STAGE_FAILURE=true^[[0m
review / gate	UNKNOWN STEP	2026-08-15T07:21:07.1418617Z ^[[36;1m  done^[[0m
review / gate	UNKNOWN STEP	2026-08-15T07:21:07.1418791Z ^[[36;1m  # Rework advisory CI: on a trusted rework task with^[[0m
review / gate	UNKNOWN STEP	2026-08-15T07:21:07.1419040Z ^[[36;1m  # REWORK_CI_POLICY=advisory, a red pipeline no longer blocks the^[[0m
review / gate	UNKNOWN STEP	2026-08-15T07:21:07.1419302Z ^[[36;1m  # fellow's submission — the required check passes, while the^[[0m
review / gate	UNKNOWN STEP	2026-08-15T07:21:07.1419558Z ^[[36;1m  # verdict labels above stay honest (needs-revision + a distinct^[[0m
review / gate	UNKNOWN STEP	2026-08-15T07:21:07.1419844Z ^[[36;1m  # rework-submitted-on-red marker for downstream tooling). The^[[0m
review / gate	UNKNOWN STEP	2026-08-15T07:21:07.1420135Z ^[[36;1m  # failed stage keeps the RUN conclusion red, so this run can never^[[0m
review / gate	UNKNOWN STEP	2026-08-15T07:21:07.1420398Z ^[[36;1m  # sanction a future skip. STRICTLY "a check judged it red and the^[[0m
review / gate	UNKNOWN STEP	2026-08-15T07:21:07.1420657Z ^[[36;1m  # fellow submits anyway" — never "nothing ran, submit blind":^[[0m
review / gate	UNKNOWN STEP	2026-08-15T07:21:07.1420918Z ^[[36;1m  # the decision job must have succeeded and at least one monitored^[[0m
review / gate	UNKNOWN STEP	2026-08-15T07:21:07.1421170Z ^[[36;1m  # stage must have actually FAILED (an upstream collapse that only^[[0m
review / gate	UNKNOWN STEP	2026-08-15T07:21:07.1421444Z ^[[36;1m  # cascades unsanctioned skips stays blocking, as do cancellations).^[[0m
review / gate	UNKNOWN STEP	2026-08-15T07:21:07.1421718Z ^[[36;1m  if [ "$REWORK_ADVISORY" = "true" ] && [ "$CANCELLED" = "false" ] \^[[0m
review / gate	UNKNOWN STEP	2026-08-15T07:21:07.1421982Z ^[[36;1m    && [ "$CHANGES_RESULT" = "success" ] && [ "$ANY_STAGE_FAILURE" = "true" ]; then^[[0m
review / gate	UNKNOWN STEP	2026-08-15T07:21:07.1422418Z ^[[36;1m    echo "::warning::Pipeline not green —$FAILED — but this task is in rework and the policy is advisory CI: submission is allowed. Verdicts remain on the PR as labels."^[[0m
review / gate	UNKNOWN STEP	2026-08-15T07:21:07.1423092Z ^[[36;1m    gh label create "rework-submitted-on-red" --repo "$REPO" --color d93f0b --description "Rework submitted with failing checks (advisory CI)" 2>/dev/null || true^[[0m
review / gate	UNKNOWN STEP	2026-08-15T07:21:07.1423568Z ^[[36;1m    gh pr edit "$PR_NUMBER" --repo "$REPO" --add-label "rework-submitted-on-red" 2>/dev/null || true^[[0m
review / gate	UNKNOWN STEP	2026-08-15T07:21:07.1423824Z ^[[36;1m    exit 0^[[0m
review / gate	UNKNOWN STEP	2026-08-15T07:21:07.1423964Z ^[[36;1m  fi^[[0m
review / gate	UNKNOWN STEP	2026-08-15T07:21:07.1424242Z ^[[36;1m  echo "::error::Pipeline not green —$FAILED. PR is blocked (a Tier-1 HOLD blocks here until the required fixes are attempted)."^[[0m
review / gate	UNKNOWN STEP	2026-08-15T07:21:07.1424618Z ^[[36;1m  exit 1^[[0m
review / gate	UNKNOWN STEP	2026-08-15T07:21:07.1424753Z ^[[36;1mfi^[[0m
review / gate	UNKNOWN STEP	2026-08-15T07:21:07.1424948Z ^[[36;1mecho "All stages passed or were sanctioned-skipped — PR may merge."^[[0m
review / gate	UNKNOWN STEP	2026-08-15T07:21:07.1425239Z ^[[36;1m# No marker to persist: the skip authority is this run's own success^[[0m
review / gate	UNKNOWN STEP	2026-08-15T07:21:07.1425590Z ^[[36;1m# conclusion, read back via the Actions API by future `changes` jobs.^[[0m
review / gate	UNKNOWN STEP	2026-08-15T07:21:07.1438230Z shell: /usr/bin/bash -e {0}
review / gate	UNKNOWN STEP	2026-08-15T07:21:07.1438417Z env:
review / gate	UNKNOWN STEP	2026-08-15T07:21:07.1438569Z   BLACKSMITH_RUNNER_MESSAGE_WAIT_MS: 1384
review / gate	UNKNOWN STEP	2026-08-15T07:21:07.1438755Z   BLACKSMITH_RUNNER_ACQUIRE_JOB_MS: 1071
review / gate	UNKNOWN STEP	2026-08-15T07:21:07.1439013Z   GITHUB_REPO_NAME: handshake-project-dynamo/dynamo-1573c1a-data-querying-and-databases
review / gate	UNKNOWN STEP	2026-08-15T07:21:07.1440530Z   GH_TOKEN: ***
review / gate	UNKNOWN STEP	2026-08-15T07:21:07.1440738Z   REPO: handshake-project-dynamo/dynamo-1573c1a-data-querying-and-databases
review / gate	UNKNOWN STEP	2026-08-15T07:21:07.1440972Z   PR_NUMBER: 5
review / gate	UNKNOWN STEP	2026-08-15T07:21:07.1441112Z   REWORK_ADVISORY: false
review / gate	UNKNOWN STEP	2026-08-15T07:21:07.1441281Z   CHANGES_RESULT: success
review / gate	UNKNOWN STEP	2026-08-15T07:21:07.1441428Z   RUN_REVIEW: true
review / gate	UNKNOWN STEP	2026-08-15T07:21:07.1441573Z   RUN_SIMILARITY: true
review / gate	UNKNOWN STEP	2026-08-15T07:21:07.1441716Z   RUN_VALIDATION: true
review / gate	UNKNOWN STEP	2026-08-15T07:21:07.1441859Z   RUN_PASS2: true
review / gate	UNKNOWN STEP	2026-08-15T07:21:07.1441995Z   RUN_TIER1: true
review / gate	UNKNOWN STEP	2026-08-15T07:21:07.1442124Z   RUN_QC: true
review / gate	UNKNOWN STEP	2026-08-15T07:21:07.1442257Z   RUN_DEEP: true
review / gate	UNKNOWN STEP	2026-08-15T07:21:07.1442495Z   RUN_AVA: true
review / gate	UNKNOWN STEP	2026-08-15T07:21:07.1442640Z   RUN_TRIALS: true
review / gate	UNKNOWN STEP	2026-08-15T07:21:07.1442784Z ##[endgroup]
review / gate	UNKNOWN STEP	2026-08-15T07:21:07.1466462Z review=success  similarity=success  validation=success  pass2=failure  tier1=skipped  qc_gate=skipped  deep_review=skipped  ava_review=skipped  trials=skipped
review / gate	UNKNOWN STEP	2026-08-15T07:21:07.1526508Z sanctioned: review=true similarity=true validation=true pass2=true tier1=true qc=true deep=true ava=true trials=true (run flags — 'false' = skip sanctioned)
review / gate	UNKNOWN STEP	2026-08-15T07:21:07.1541729Z ##[error]Pipeline not green — pass2=failure tier1=skipped qc_gate=skipped deep_review=skipped ava_review=skipped trials=skipped. PR is blocked (a Tier-1 HOLD blocks here until the required fixes are attempted).
review / gate	UNKNOWN STEP	2026-08-15T07:21:07.1546098Z ##[error]Process completed with exit code 1.
review / gate	UNKNOWN STEP	2026-08-15T07:21:07.1572280Z A job completed hook has been configured by the self-hosted runner administrator
review / gate	UNKNOWN STEP	2026-08-15T07:21:07.1590750Z ##[group]Run '/job_completed.sh'
review / gate	UNKNOWN STEP	2026-08-15T07:21:07.1600577Z shell: /usr/bin/bash --noprofile --norc -e -o pipefail {0}
review / gate	UNKNOWN STEP	2026-08-15T07:21:07.1600796Z env:
review / gate	UNKNOWN STEP	2026-08-15T07:21:07.1600943Z   BLACKSMITH_RUNNER_MESSAGE_WAIT_MS: 1384
review / gate	UNKNOWN STEP	2026-08-15T07:21:07.1601125Z   BLACKSMITH_RUNNER_ACQUIRE_JOB_MS: 1071
review / gate	UNKNOWN STEP	2026-08-15T07:21:07.1601293Z ##[endgroup]
review / gate	UNKNOWN STEP	2026-08-15T07:21:07.1679810Z Docker container caching not enabled, skipping hash computation.
review / gate	UNKNOWN STEP	2026-08-15T07:21:07.1743469Z No active SSH sessions detected. Proceeding with shutdown immediately.
review / gate	UNKNOWN STEP	2026-08-15T07:21:07.1781206Z Cleaning up orphan processes
