review / pass2	UNKNOWN STEP	﻿2026-08-15T05:55:57.3124689Z Current runner version: '2.336.0'
review / pass2	UNKNOWN STEP	2026-08-15T05:55:57.3128142Z Runner name: 'blacksmith-scale2-01m01zs6yp7q8shkfhhs94eab1-2vcpu'
review / pass2	UNKNOWN STEP	2026-08-15T05:55:57.3128807Z Runner group name: 'blacksmith runners 01kxzhx6bc7fnrmw1kcfxms5ah'
review / pass2	UNKNOWN STEP	2026-08-15T05:55:57.3129452Z Machine name: 'ip-172-31-64-123'
review / pass2	UNKNOWN STEP	2026-08-15T05:55:57.3131082Z ##[group]GITHUB_TOKEN Permissions
review / pass2	UNKNOWN STEP	2026-08-15T05:55:57.3132269Z Contents: read
review / pass2	UNKNOWN STEP	2026-08-15T05:55:57.3132712Z Metadata: read
review / pass2	UNKNOWN STEP	2026-08-15T05:55:57.3133128Z PullRequests: write
review / pass2	UNKNOWN STEP	2026-08-15T05:55:57.3133519Z ##[endgroup]
review / pass2	UNKNOWN STEP	2026-08-15T05:55:57.3134694Z Secret source: Actions
review / pass2	UNKNOWN STEP	2026-08-15T05:55:57.3135449Z Prepare workflow directory
review / pass2	UNKNOWN STEP	2026-08-15T05:55:57.3388821Z Prepare all required actions
review / pass2	UNKNOWN STEP	2026-08-15T05:55:57.3414430Z Getting action download info
review / pass2	UNKNOWN STEP	2026-08-15T05:55:57.6553557Z Download action repository 'actions/checkout@11d5960a326750d5838078e36cf38b85af677262' (SHA:11d5960a326750d5838078e36cf38b85af677262)
review / pass2	UNKNOWN STEP	2026-08-15T05:55:58.1905046Z Download action repository 'actions/checkout@3d3c42e5aac5ba805825da76410c181273ba90b1' (SHA:3d3c42e5aac5ba805825da76410c181273ba90b1)
review / pass2	UNKNOWN STEP	2026-08-15T05:55:58.6546224Z Download action repository 'marocchino/sticky-pull-request-comment@773744901bac0e8cbb5a0dc842800d45e9b2b405' (SHA:773744901bac0e8cbb5a0dc842800d45e9b2b405)
review / pass2	UNKNOWN STEP	2026-08-15T05:55:59.1550886Z Download action repository 'actions/setup-python@a26af69be951a213d495a4c3e4e4022e16d87065' (SHA:a26af69be951a213d495a4c3e4e4022e16d87065)
review / pass2	UNKNOWN STEP	2026-08-15T05:55:59.1946568Z Download action repository 'astral-sh/setup-uv@38f3f104447c67c051c4a08e39b64a148898af3a' (SHA:38f3f104447c67c051c4a08e39b64a148898af3a)
review / pass2	UNKNOWN STEP	2026-08-15T05:55:59.7995298Z Download action repository 'actions/upload-artifact@ea165f8d65b6e75b540449e92b4886f43607fa02' (SHA:ea165f8d65b6e75b540449e92b4886f43607fa02)
review / pass2	UNKNOWN STEP	2026-08-15T05:55:59.9074176Z Setting BLACKSMITH_ACTIONS_RESULTS_URL to https://results-receiver.actions.githubusercontent.com/
review / pass2	UNKNOWN STEP	2026-08-15T05:55:59.9096424Z Uses: handshake-project-dynamo/handshake-orchestration-tb2/.github/workflows/dynamo-review.yml@refs/heads/main (623a2dbaae6fffe4e0cfe4e975c4442ae8ea3116)
review / pass2	UNKNOWN STEP	2026-08-15T05:55:59.9098486Z ##[group] Inputs
review / pass2	UNKNOWN STEP	2026-08-15T05:55:59.9098623Z   checks_ref: main
review / pass2	UNKNOWN STEP	2026-08-15T05:55:59.9098735Z ##[endgroup]
review / pass2	UNKNOWN STEP	2026-08-15T05:55:59.9098853Z Complete job name: review / pass2
review / pass2	UNKNOWN STEP	2026-08-15T05:55:59.9467121Z A job started hook has been configured by the self-hosted runner administrator
review / pass2	UNKNOWN STEP	2026-08-15T05:55:59.9552894Z ##[group]Run '/setup.sh'
review / pass2	UNKNOWN STEP	2026-08-15T05:55:59.9562709Z shell: /usr/bin/bash --noprofile --norc -e -o pipefail {0}
review / pass2	UNKNOWN STEP	2026-08-15T05:55:59.9562953Z env:
review / pass2	UNKNOWN STEP	2026-08-15T05:55:59.9563069Z   BLACKSMITH_RUNNER_MESSAGE_WAIT_MS: 68455
review / pass2	UNKNOWN STEP	2026-08-15T05:55:59.9563214Z   BLACKSMITH_RUNNER_ACQUIRE_JOB_MS: 1006
review / pass2	UNKNOWN STEP	2026-08-15T05:55:59.9563343Z ##[endgroup]
review / pass2	UNKNOWN STEP	2026-08-15T05:55:59.9761407Z Logging daemon started (blacksmithd for logs)
review / pass2	UNKNOWN STEP	2026-08-15T05:55:59.9842371Z Results daemon started (blacksmithd for results)
review / pass2	UNKNOWN STEP	2026-08-15T05:55:59.9946109Z Background adoption and SSH setup started (PID: 3541)
review / pass2	UNKNOWN STEP	2026-08-15T05:55:59.9946561Z 
review / pass2	UNKNOWN STEP	2026-08-15T05:55:59.9957687Z ----------------------------------------
review / pass2	UNKNOWN STEP	2026-08-15T05:55:59.9979833Z View this job: https://app.blacksmith.sh/handshake-project-dynamo/runs/31867901020/jobs/94972389153
review / pass2	UNKNOWN STEP	2026-08-15T05:55:59.9980226Z SSH Access (using your GitHub SSH key):
review / pass2	UNKNOWN STEP	2026-08-15T05:55:59.9980609Z   ssh -p 64001 runner@blacksmith-scale2-01m01zs6yp7q8shkfhhs94eab1-2vcpu.vm.blacksmith.sh
review / pass2	UNKNOWN STEP	2026-08-15T05:55:59.9987998Z 
review / pass2	UNKNOWN STEP	2026-08-15T05:55:59.9989128Z No GitHub SSH key? Add one at:
review / pass2	UNKNOWN STEP	2026-08-15T05:55:59.9989666Z https://docs.github.com/en/authentication/connecting-to-github-with-ssh/adding-a-new-ssh-key-to-your-github-account
review / pass2	UNKNOWN STEP	2026-08-15T05:55:59.9990055Z 
review / pass2	UNKNOWN STEP	2026-08-15T05:55:59.9990181Z ----------------------------------------
review / pass2	UNKNOWN STEP	2026-08-15T05:55:59.9990305Z 
review / pass2	UNKNOWN STEP	2026-08-15T05:55:59.9990398Z VM ID: blacksmith-scale2-01m01zs6yp7q8shkfhhs94eab1-2vcpu
review / pass2	UNKNOWN STEP	2026-08-15T05:55:59.9990581Z Host: production-192.240.241.43-x8664
review / pass2	UNKNOWN STEP	2026-08-15T05:55:59.9990730Z Host Agent PID: 177348
review / pass2	UNKNOWN STEP	2026-08-15T05:55:59.9990844Z Agent Process Count: 1
review / pass2	UNKNOWN STEP	2026-08-15T05:55:59.9990958Z Host Agent Git SHA: 1dcca3f2
review / pass2	UNKNOWN STEP	2026-08-15T05:55:59.9991270Z Host CPU Manufacturer: AuthenticAMD
review / pass2	UNKNOWN STEP	2026-08-15T05:55:59.9991408Z Blacksmith Host Generation: gen 2
review / pass2	UNKNOWN STEP	2026-08-15T05:55:59.9991552Z Petname: production-enough-coyote-13ba5d92
review / pass2	UNKNOWN STEP	2026-08-15T05:55:59.9991696Z Region: us-west
review / pass2	UNKNOWN STEP	2026-08-15T05:55:59.9991812Z Rootfs Version: ubuntu24-full-x64-012126
review / pass2	UNKNOWN STEP	2026-08-15T05:56:00.0006942Z OS Version: Ubuntu 24.04.3 LTS
review / pass2	UNKNOWN STEP	2026-08-15T05:56:00.0014200Z System Statistics:
review / pass2	UNKNOWN STEP	2026-08-15T05:56:00.0016733Z -----------------
review / pass2	UNKNOWN STEP	2026-08-15T05:56:00.0016932Z VM CPU Count: 3
review / pass2	UNKNOWN STEP	2026-08-15T05:56:00.0017073Z 
review / pass2	UNKNOWN STEP	2026-08-15T05:56:00.0017228Z Jobs by Process ID:
review / pass2	UNKNOWN STEP	2026-08-15T05:56:00.0017395Z -----------------
review / pass2	UNKNOWN STEP	2026-08-15T05:56:00.0017620Z PID 177348: 3 jobs
review / pass2	UNKNOWN STEP	2026-08-15T05:56:00.0017796Z Total: 3 jobs across 1 process
review / pass2	UNKNOWN STEP	2026-08-15T05:56:00.0017940Z 
review / pass2	UNKNOWN STEP	2026-08-15T05:56:00.0018051Z Devices by Process ID:
review / pass2	UNKNOWN STEP	2026-08-15T05:56:00.0018316Z -----------------
review / pass2	UNKNOWN STEP	2026-08-15T05:56:00.0018489Z PID 177348: 3 devices
review / pass2	UNKNOWN STEP	2026-08-15T05:56:00.0018737Z Total: 3 devices across 1 process
review / pass2	UNKNOWN STEP	2026-08-15T05:56:00.0018939Z Enabling Blacksmith transparent cache
review / pass2	UNKNOWN STEP	2026-08-15T05:56:00.0190189Z Node 20 is being deprecated. This workflow is running with Node 24 by default. If you need to temporarily use Node 20, you can set the ACTIONS_ALLOW_USE_UNSECURE_NODE_VERSION=true environment variable. For more information see: https://github.blog/changelog/2025-09-19-deprecation-of-node-20-on-github-actions-runners/
review / pass2	UNKNOWN STEP	2026-08-15T05:56:00.0193356Z ##[group]Run actions/checkout@11d5960a326750d5838078e36cf38b85af677262
review / pass2	UNKNOWN STEP	2026-08-15T05:56:00.0193528Z with:
review / pass2	UNKNOWN STEP	2026-08-15T05:56:00.0193684Z   repository: handshake-project-dynamo/handshake-orchestration-tb2
review / pass2	UNKNOWN STEP	2026-08-15T05:56:00.0193857Z   ref: main
review / pass2	UNKNOWN STEP	2026-08-15T05:56:00.0194150Z   token: ***
review / pass2	UNKNOWN STEP	2026-08-15T05:56:00.0194249Z   ssh-strict: true
review / pass2	UNKNOWN STEP	2026-08-15T05:56:00.0194352Z   ssh-user: git
review / pass2	UNKNOWN STEP	2026-08-15T05:56:00.0194458Z   persist-credentials: true
review / pass2	UNKNOWN STEP	2026-08-15T05:56:00.0194575Z   clean: true
review / pass2	UNKNOWN STEP	2026-08-15T05:56:00.0194682Z   sparse-checkout-cone-mode: true
review / pass2	UNKNOWN STEP	2026-08-15T05:56:00.0194805Z   fetch-depth: 1
review / pass2	UNKNOWN STEP	2026-08-15T05:56:00.0194906Z   fetch-tags: false
review / pass2	UNKNOWN STEP	2026-08-15T05:56:00.0195054Z   show-progress: true
review / pass2	UNKNOWN STEP	2026-08-15T05:56:00.0195160Z   lfs: false
review / pass2	UNKNOWN STEP	2026-08-15T05:56:00.0195257Z   submodules: false
review / pass2	UNKNOWN STEP	2026-08-15T05:56:00.0195360Z   set-safe-directory: true
review / pass2	UNKNOWN STEP	2026-08-15T05:56:00.0195481Z   allow-unsafe-pr-checkout: false
review / pass2	UNKNOWN STEP	2026-08-15T05:56:00.0195606Z env:
review / pass2	UNKNOWN STEP	2026-08-15T05:56:00.0196581Z   GH_TOKEN: ***
review / pass2	UNKNOWN STEP	2026-08-15T05:56:00.0196746Z   REPO: handshake-project-dynamo/dynamo-1573c1a-data-querying-and-databases
review / pass2	UNKNOWN STEP	2026-08-15T05:56:00.0196937Z   PR_NUMBER: 5
review / pass2	UNKNOWN STEP	2026-08-15T05:56:00.0197047Z   BLACKSMITH_RUNNER_MESSAGE_WAIT_MS: 68455
review / pass2	UNKNOWN STEP	2026-08-15T05:56:00.0197192Z   BLACKSMITH_RUNNER_ACQUIRE_JOB_MS: 1006
review / pass2	UNKNOWN STEP	2026-08-15T05:56:00.0197394Z   GITHUB_REPO_NAME: handshake-project-dynamo/dynamo-1573c1a-data-querying-and-databases
review / pass2	UNKNOWN STEP	2026-08-15T05:56:00.0197646Z ##[endgroup]
review / pass2	UNKNOWN STEP	2026-08-15T05:56:00.1115327Z Syncing repository: handshake-project-dynamo/handshake-orchestration-tb2
review / pass2	UNKNOWN STEP	2026-08-15T05:56:00.1116173Z ##[group]Getting Git version info
review / pass2	UNKNOWN STEP	2026-08-15T05:56:00.1116487Z Working directory is '/home/runner/_work/dynamo-1573c1a-data-querying-and-databases/dynamo-1573c1a-data-querying-and-databases'
review / pass2	UNKNOWN STEP	2026-08-15T05:56:00.1116921Z [command]/usr/local/bin/git version
review / pass2	UNKNOWN STEP	2026-08-15T05:56:00.1157073Z git version 2.52.0
review / pass2	UNKNOWN STEP	2026-08-15T05:56:00.1157777Z ##[endgroup]
review / pass2	UNKNOWN STEP	2026-08-15T05:56:00.1167121Z Temporarily overriding HOME='/home/runner/_work/_temp/bb3b5a0a-277e-4837-9b62-18bef507b46f' before making global git config changes
review / pass2	UNKNOWN STEP	2026-08-15T05:56:00.1171194Z Adding repository directory to the temporary git global config as a safe directory
review / pass2	UNKNOWN STEP	2026-08-15T05:56:00.1171621Z [command]/usr/local/bin/git config --global --add safe.directory /home/runner/_work/dynamo-1573c1a-data-querying-and-databases/dynamo-1573c1a-data-querying-and-databases
review / pass2	UNKNOWN STEP	2026-08-15T05:56:00.1202589Z Deleting the contents of '/home/runner/_work/dynamo-1573c1a-data-querying-and-databases/dynamo-1573c1a-data-querying-and-databases'
review / pass2	UNKNOWN STEP	2026-08-15T05:56:00.1203277Z ##[group]Initializing the repository
review / pass2	UNKNOWN STEP	2026-08-15T05:56:00.1205466Z [command]/usr/local/bin/git init /home/runner/_work/dynamo-1573c1a-data-querying-and-databases/dynamo-1573c1a-data-querying-and-databases
review / pass2	UNKNOWN STEP	2026-08-15T05:56:00.1228034Z hint: Using 'master' as the name for the initial branch. This default branch name
review / pass2	UNKNOWN STEP	2026-08-15T05:56:00.1228803Z hint: will change to "main" in Git 3.0. To configure the initial branch name
review / pass2	UNKNOWN STEP	2026-08-15T05:56:00.1229148Z hint: to use in all of your new repositories, which will suppress this warning,
review / pass2	UNKNOWN STEP	2026-08-15T05:56:00.1229421Z hint: call:
review / pass2	UNKNOWN STEP	2026-08-15T05:56:00.1229609Z hint:
review / pass2	UNKNOWN STEP	2026-08-15T05:56:00.1229847Z hint: 	git config --global init.defaultBranch <name>
review / pass2	UNKNOWN STEP	2026-08-15T05:56:00.1230088Z hint:
review / pass2	UNKNOWN STEP	2026-08-15T05:56:00.1230330Z hint: Names commonly chosen instead of 'master' are 'main', 'trunk' and
review / pass2	UNKNOWN STEP	2026-08-15T05:56:00.1231100Z hint: 'development'. The just-created branch can be renamed via this command:
review / pass2	UNKNOWN STEP	2026-08-15T05:56:00.1243191Z hint:
review / pass2	UNKNOWN STEP	2026-08-15T05:56:00.1243584Z hint: 	git branch -m <name>
review / pass2	UNKNOWN STEP	2026-08-15T05:56:00.1246146Z hint:
review / pass2	UNKNOWN STEP	2026-08-15T05:56:00.1246604Z hint: Disable this message with "git config set advice.defaultBranchName false"
review / pass2	UNKNOWN STEP	2026-08-15T05:56:00.1247455Z Initialized empty Git repository in /home/runner/_work/dynamo-1573c1a-data-querying-and-databases/dynamo-1573c1a-data-querying-and-databases/.git/
review / pass2	UNKNOWN STEP	2026-08-15T05:56:00.1248735Z [command]/usr/local/bin/git remote add origin https://github.com/handshake-project-dynamo/handshake-orchestration-tb2
review / pass2	UNKNOWN STEP	2026-08-15T05:56:00.1258422Z ##[endgroup]
review / pass2	UNKNOWN STEP	2026-08-15T05:56:00.1258629Z ##[group]Disabling automatic garbage collection
review / pass2	UNKNOWN STEP	2026-08-15T05:56:00.1258809Z [command]/usr/local/bin/git config --local gc.auto 0
review / pass2	UNKNOWN STEP	2026-08-15T05:56:00.1279993Z ##[endgroup]
review / pass2	UNKNOWN STEP	2026-08-15T05:56:00.1280269Z ##[group]Setting up auth
review / pass2	UNKNOWN STEP	2026-08-15T05:56:00.1280562Z [command]/usr/local/bin/git config --local --name-only --get-regexp core\.sshCommand
review / pass2	UNKNOWN STEP	2026-08-15T05:56:00.1294018Z [command]/usr/local/bin/git submodule foreach --recursive sh -c "git config --local --name-only --get-regexp 'core\.sshCommand' && git config --local --unset-all 'core.sshCommand' || :"
review / pass2	UNKNOWN STEP	2026-08-15T05:56:00.1404258Z [command]/usr/local/bin/git config --local --name-only --get-regexp http\.https\:\/\/github\.com\/\.extraheader
review / pass2	UNKNOWN STEP	2026-08-15T05:56:00.1421972Z [command]/usr/local/bin/git submodule foreach --recursive sh -c "git config --local --name-only --get-regexp 'http\.https\:\/\/github\.com\/\.extraheader' && git config --local --unset-all 'http.https://github.com/.extraheader' || :"
review / pass2	UNKNOWN STEP	2026-08-15T05:56:00.1504362Z [command]/usr/local/bin/git config --local --name-only --get-regexp ^includeIf\.gitdir:
review / pass2	UNKNOWN STEP	2026-08-15T05:56:00.1519248Z [command]/usr/local/bin/git submodule foreach --recursive git config --local --show-origin --name-only --get-regexp remote.origin.url
review / pass2	UNKNOWN STEP	2026-08-15T05:56:00.1601379Z [command]/usr/local/bin/git config --local http.https://github.com/.extraheader AUTHORIZATION: basic ***
review / pass2	UNKNOWN STEP	2026-08-15T05:56:00.1621449Z ##[endgroup]
review / pass2	UNKNOWN STEP	2026-08-15T05:56:00.1621783Z ##[group]Fetching the repository
review / pass2	UNKNOWN STEP	2026-08-15T05:56:00.1627833Z [command]/usr/local/bin/git -c protocol.version=2 fetch --no-tags --prune --no-recurse-submodules --depth=1 origin +refs/heads/main*:refs/remotes/origin/main* +refs/tags/main*:refs/tags/main*
review / pass2	UNKNOWN STEP	2026-08-15T05:56:01.1000302Z From https://github.com/handshake-project-dynamo/handshake-orchestration-tb2
review / pass2	UNKNOWN STEP	2026-08-15T05:56:01.1000740Z  * [new branch]      main       -> origin/main
review / pass2	UNKNOWN STEP	2026-08-15T05:56:01.1029226Z ##[endgroup]
review / pass2	UNKNOWN STEP	2026-08-15T05:56:01.1029646Z ##[group]Determining the checkout info
review / pass2	UNKNOWN STEP	2026-08-15T05:56:01.1029988Z [command]/usr/local/bin/git branch --list --remote origin/main
review / pass2	UNKNOWN STEP	2026-08-15T05:56:01.1042559Z   origin/main
review / pass2	UNKNOWN STEP	2026-08-15T05:56:01.1043917Z ##[endgroup]
review / pass2	UNKNOWN STEP	2026-08-15T05:56:01.1046605Z [command]/usr/local/bin/git sparse-checkout disable
review / pass2	UNKNOWN STEP	2026-08-15T05:56:01.1074840Z [command]/usr/local/bin/git config --local --unset-all extensions.worktreeConfig
review / pass2	UNKNOWN STEP	2026-08-15T05:56:01.1094353Z ##[group]Checking out the ref
review / pass2	UNKNOWN STEP	2026-08-15T05:56:01.1094736Z [command]/usr/local/bin/git checkout --progress --force -B main refs/remotes/origin/main
review / pass2	UNKNOWN STEP	2026-08-15T05:56:01.1183894Z Switched to a new branch 'main'
review / pass2	UNKNOWN STEP	2026-08-15T05:56:01.1189728Z branch 'main' set up to track 'origin/main'.
review / pass2	UNKNOWN STEP	2026-08-15T05:56:01.1190816Z ##[endgroup]
review / pass2	UNKNOWN STEP	2026-08-15T05:56:01.1211222Z [command]/usr/local/bin/git log -1 --format=%H
review / pass2	UNKNOWN STEP	2026-08-15T05:56:01.1222558Z 623a2dbaae6fffe4e0cfe4e975c4442ae8ea3116
review / pass2	UNKNOWN STEP	2026-08-15T05:56:01.1335901Z ##[group]Run actions/checkout@3d3c42e5aac5ba805825da76410c181273ba90b1
review / pass2	UNKNOWN STEP	2026-08-15T05:56:01.1336093Z with:
review / pass2	UNKNOWN STEP	2026-08-15T05:56:01.1336215Z   ref: ff855ec8040bad644e73cf542077efb743644f1e
review / pass2	UNKNOWN STEP	2026-08-15T05:56:01.1336357Z   path: submission
review / pass2	UNKNOWN STEP	2026-08-15T05:56:01.1336471Z   persist-credentials: false
review / pass2	UNKNOWN STEP	2026-08-15T05:56:01.1336607Z   allow-unsafe-pr-checkout: true
review / pass2	UNKNOWN STEP	2026-08-15T05:56:01.1336815Z   repository: handshake-project-dynamo/dynamo-1573c1a-data-querying-and-databases
review / pass2	UNKNOWN STEP	2026-08-15T05:56:01.1337988Z   token: ***
review / pass2	UNKNOWN STEP	2026-08-15T05:56:01.1338089Z   ssh-strict: true
review / pass2	UNKNOWN STEP	2026-08-15T05:56:01.1338201Z   ssh-user: git
review / pass2	UNKNOWN STEP	2026-08-15T05:56:01.1338301Z   clean: true
review / pass2	UNKNOWN STEP	2026-08-15T05:56:01.1338417Z   sparse-checkout-cone-mode: true
review / pass2	UNKNOWN STEP	2026-08-15T05:56:01.1338546Z   fetch-depth: 1
review / pass2	UNKNOWN STEP	2026-08-15T05:56:01.1338660Z   fetch-tags: false
review / pass2	UNKNOWN STEP	2026-08-15T05:56:01.1338775Z   show-progress: true
review / pass2	UNKNOWN STEP	2026-08-15T05:56:01.1338884Z   lfs: false
review / pass2	UNKNOWN STEP	2026-08-15T05:56:01.1338981Z   submodules: false
review / pass2	UNKNOWN STEP	2026-08-15T05:56:01.1339116Z   set-safe-directory: true
review / pass2	UNKNOWN STEP	2026-08-15T05:56:01.1339232Z env:
review / pass2	UNKNOWN STEP	2026-08-15T05:56:01.1340183Z   GH_TOKEN: ***
review / pass2	UNKNOWN STEP	2026-08-15T05:56:01.1340348Z   REPO: handshake-project-dynamo/dynamo-1573c1a-data-querying-and-databases
review / pass2	UNKNOWN STEP	2026-08-15T05:56:01.1340539Z   PR_NUMBER: 5
review / pass2	UNKNOWN STEP	2026-08-15T05:56:01.1340665Z   BLACKSMITH_RUNNER_MESSAGE_WAIT_MS: 68455
review / pass2	UNKNOWN STEP	2026-08-15T05:56:01.1340809Z   BLACKSMITH_RUNNER_ACQUIRE_JOB_MS: 1006
review / pass2	UNKNOWN STEP	2026-08-15T05:56:01.1341020Z   GITHUB_REPO_NAME: handshake-project-dynamo/dynamo-1573c1a-data-querying-and-databases
review / pass2	UNKNOWN STEP	2026-08-15T05:56:01.1341235Z ##[endgroup]
review / pass2	UNKNOWN STEP	2026-08-15T05:56:01.1763846Z Syncing repository: handshake-project-dynamo/dynamo-1573c1a-data-querying-and-databases
review / pass2	UNKNOWN STEP	2026-08-15T05:56:01.1766575Z ##[group]Getting Git version info
review / pass2	UNKNOWN STEP	2026-08-15T05:56:01.1766988Z Working directory is '/home/runner/_work/dynamo-1573c1a-data-querying-and-databases/dynamo-1573c1a-data-querying-and-databases/submission'
review / pass2	UNKNOWN STEP	2026-08-15T05:56:01.1788805Z [command]/usr/local/bin/git version
review / pass2	UNKNOWN STEP	2026-08-15T05:56:01.1816298Z git version 2.52.0
review / pass2	UNKNOWN STEP	2026-08-15T05:56:01.1824088Z ##[endgroup]
review / pass2	UNKNOWN STEP	2026-08-15T05:56:01.1828644Z Temporarily overriding HOME='/home/runner/_work/_temp/9635cfc4-0a40-4547-8e48-b4cc86a67116' before making global git config changes
review / pass2	UNKNOWN STEP	2026-08-15T05:56:01.1829048Z Adding repository directory to the temporary git global config as a safe directory
review / pass2	UNKNOWN STEP	2026-08-15T05:56:01.1831797Z [command]/usr/local/bin/git config --global --add safe.directory /home/runner/_work/dynamo-1573c1a-data-querying-and-databases/dynamo-1573c1a-data-querying-and-databases/submission
review / pass2	UNKNOWN STEP	2026-08-15T05:56:01.1851421Z ##[group]Determining repository object format
review / pass2	UNKNOWN STEP	2026-08-15T05:56:01.1854732Z ##[endgroup]
review / pass2	UNKNOWN STEP	2026-08-15T05:56:01.1854954Z ##[group]Initializing the repository
review / pass2	UNKNOWN STEP	2026-08-15T05:56:01.1855325Z [command]/usr/local/bin/git init /home/runner/_work/dynamo-1573c1a-data-querying-and-databases/dynamo-1573c1a-data-querying-and-databases/submission
review / pass2	UNKNOWN STEP	2026-08-15T05:56:01.1882306Z hint: Using 'master' as the name for the initial branch. This default branch name
review / pass2	UNKNOWN STEP	2026-08-15T05:56:01.1885965Z hint: will change to "main" in Git 3.0. To configure the initial branch name
review / pass2	UNKNOWN STEP	2026-08-15T05:56:01.1886338Z hint: to use in all of your new repositories, which will suppress this warning,
review / pass2	UNKNOWN STEP	2026-08-15T05:56:01.1886605Z hint: call:
review / pass2	UNKNOWN STEP	2026-08-15T05:56:01.1886892Z hint:
review / pass2	UNKNOWN STEP	2026-08-15T05:56:01.1887055Z hint: 	git config --global init.defaultBranch <name>
review / pass2	UNKNOWN STEP	2026-08-15T05:56:01.1887208Z hint:
review / pass2	UNKNOWN STEP	2026-08-15T05:56:01.1887372Z hint: Names commonly chosen instead of 'master' are 'main', 'trunk' and
review / pass2	UNKNOWN STEP	2026-08-15T05:56:01.1887674Z hint: 'development'. The just-created branch can be renamed via this command:
review / pass2	UNKNOWN STEP	2026-08-15T05:56:01.1887858Z hint:
review / pass2	UNKNOWN STEP	2026-08-15T05:56:01.1888041Z hint: 	git branch -m <name>
review / pass2	UNKNOWN STEP	2026-08-15T05:56:01.1888171Z hint:
review / pass2	UNKNOWN STEP	2026-08-15T05:56:01.1888344Z hint: Disable this message with "git config set advice.defaultBranchName false"
review / pass2	UNKNOWN STEP	2026-08-15T05:56:01.1888908Z Initialized empty Git repository in /home/runner/_work/dynamo-1573c1a-data-querying-and-databases/dynamo-1573c1a-data-querying-and-databases/submission/.git/
review / pass2	UNKNOWN STEP	2026-08-15T05:56:01.1889690Z [command]/usr/local/bin/git remote add origin https://github.com/handshake-project-dynamo/dynamo-1573c1a-data-querying-and-databases
review / pass2	UNKNOWN STEP	2026-08-15T05:56:01.1900938Z ##[endgroup]
review / pass2	UNKNOWN STEP	2026-08-15T05:56:01.1901138Z ##[group]Disabling automatic garbage collection
review / pass2	UNKNOWN STEP	2026-08-15T05:56:01.1902813Z [command]/usr/local/bin/git config --local gc.auto 0
review / pass2	UNKNOWN STEP	2026-08-15T05:56:01.1920587Z ##[endgroup]
review / pass2	UNKNOWN STEP	2026-08-15T05:56:01.1920814Z ##[group]Setting up auth
review / pass2	UNKNOWN STEP	2026-08-15T05:56:01.1921005Z Removing SSH command configuration
review / pass2	UNKNOWN STEP	2026-08-15T05:56:01.1923580Z [command]/usr/local/bin/git config --local --name-only --get-regexp core\.sshCommand
review / pass2	UNKNOWN STEP	2026-08-15T05:56:01.1943245Z [command]/usr/local/bin/git submodule foreach --recursive sh -c "git config --local --name-only --get-regexp 'core\.sshCommand' && git config --local --unset-all 'core.sshCommand' || :"
review / pass2	UNKNOWN STEP	2026-08-15T05:56:01.2031105Z Removing HTTP extra header
review / pass2	UNKNOWN STEP	2026-08-15T05:56:01.2033452Z [command]/usr/local/bin/git config --local --name-only --get-regexp http\.https\:\/\/github\.com\/\.extraheader
review / pass2	UNKNOWN STEP	2026-08-15T05:56:01.2053887Z [command]/usr/local/bin/git submodule foreach --recursive sh -c "git config --local --name-only --get-regexp 'http\.https\:\/\/github\.com\/\.extraheader' && git config --local --unset-all 'http.https://github.com/.extraheader' || :"
review / pass2	UNKNOWN STEP	2026-08-15T05:56:01.2145826Z Removing includeIf entries pointing to credentials config files
review / pass2	UNKNOWN STEP	2026-08-15T05:56:01.2148029Z [command]/usr/local/bin/git config --local --name-only --get-regexp ^includeIf\.gitdir:
review / pass2	UNKNOWN STEP	2026-08-15T05:56:01.2167291Z [command]/usr/local/bin/git submodule foreach --recursive git config --local --show-origin --name-only --get-regexp remote.origin.url
review / pass2	UNKNOWN STEP	2026-08-15T05:56:01.2262032Z [command]/usr/local/bin/git config --file /home/runner/_work/_temp/git-credentials-cd96d450-6c83-41fd-8dcd-01495f253f36.config http.https://github.com/.extraheader AUTHORIZATION: basic ***
review / pass2	UNKNOWN STEP	2026-08-15T05:56:01.2282795Z [command]/usr/local/bin/git config --local includeIf.gitdir:/home/runner/_work/dynamo-1573c1a-data-querying-and-databases/dynamo-1573c1a-data-querying-and-databases/submission/.git.path /home/runner/_work/_temp/git-credentials-cd96d450-6c83-41fd-8dcd-01495f253f36.config
review / pass2	UNKNOWN STEP	2026-08-15T05:56:01.2301187Z [command]/usr/local/bin/git config --local includeIf.gitdir:/home/runner/_work/dynamo-1573c1a-data-querying-and-databases/dynamo-1573c1a-data-querying-and-databases/submission/.git/worktrees/*.path /home/runner/_work/_temp/git-credentials-cd96d450-6c83-41fd-8dcd-01495f253f36.config
review / pass2	UNKNOWN STEP	2026-08-15T05:56:01.2320494Z [command]/usr/local/bin/git config --local includeIf.gitdir:/github/workspace/submission/.git.path /github/runner_temp/git-credentials-cd96d450-6c83-41fd-8dcd-01495f253f36.config
review / pass2	UNKNOWN STEP	2026-08-15T05:56:01.2336796Z [command]/usr/local/bin/git config --local includeIf.gitdir:/github/workspace/submission/.git/worktrees/*.path /github/runner_temp/git-credentials-cd96d450-6c83-41fd-8dcd-01495f253f36.config
review / pass2	UNKNOWN STEP	2026-08-15T05:56:01.2350507Z ##[endgroup]
review / pass2	UNKNOWN STEP	2026-08-15T05:56:01.2350832Z ##[group]Fetching the repository
review / pass2	UNKNOWN STEP	2026-08-15T05:56:01.2353685Z [command]/usr/local/bin/git -c protocol.version=2 fetch --no-tags --prune --no-recurse-submodules --depth=1 origin ff855ec8040bad644e73cf542077efb743644f1e
review / pass2	UNKNOWN STEP	2026-08-15T05:56:02.0709964Z From https://github.com/handshake-project-dynamo/dynamo-1573c1a-data-querying-and-databases
review / pass2	UNKNOWN STEP	2026-08-15T05:56:02.0710384Z  * branch            ff855ec8040bad644e73cf542077efb743644f1e -> FETCH_HEAD
review / pass2	UNKNOWN STEP	2026-08-15T05:56:02.0724022Z [command]/usr/local/bin/git rev-parse --verify --quiet ff855ec8040bad644e73cf542077efb743644f1e^{object}
review / pass2	UNKNOWN STEP	2026-08-15T05:56:02.0741271Z ff855ec8040bad644e73cf542077efb743644f1e
review / pass2	UNKNOWN STEP	2026-08-15T05:56:02.0742899Z ##[endgroup]
review / pass2	UNKNOWN STEP	2026-08-15T05:56:02.0743111Z ##[group]Determining the checkout info
review / pass2	UNKNOWN STEP	2026-08-15T05:56:02.0743905Z ##[endgroup]
review / pass2	UNKNOWN STEP	2026-08-15T05:56:02.0746296Z [command]/usr/local/bin/git sparse-checkout disable
review / pass2	UNKNOWN STEP	2026-08-15T05:56:02.0767316Z [command]/usr/local/bin/git config --local --unset-all extensions.worktreeConfig
review / pass2	UNKNOWN STEP	2026-08-15T05:56:02.0786480Z ##[group]Checking out the ref
review / pass2	UNKNOWN STEP	2026-08-15T05:56:02.0789964Z [command]/usr/local/bin/git checkout --progress --force ff855ec8040bad644e73cf542077efb743644f1e
review / pass2	UNKNOWN STEP	2026-08-15T05:56:02.0833556Z Note: switching to 'ff855ec8040bad644e73cf542077efb743644f1e'.
review / pass2	UNKNOWN STEP	2026-08-15T05:56:02.0833844Z 
review / pass2	UNKNOWN STEP	2026-08-15T05:56:02.0833981Z You are in 'detached HEAD' state. You can look around, make experimental
review / pass2	UNKNOWN STEP	2026-08-15T05:56:02.0834241Z changes and commit them, and you can discard any commits you make in this
review / pass2	UNKNOWN STEP	2026-08-15T05:56:02.0834499Z state without impacting any branches by switching back to a branch.
review / pass2	UNKNOWN STEP	2026-08-15T05:56:02.0834660Z 
review / pass2	UNKNOWN STEP	2026-08-15T05:56:02.0834781Z If you want to create a new branch to retain commits you create, you may
review / pass2	UNKNOWN STEP	2026-08-15T05:56:02.0835024Z do so (now or later) by using -c with the switch command. Example:
review / pass2	UNKNOWN STEP	2026-08-15T05:56:02.0835179Z 
review / pass2	UNKNOWN STEP	2026-08-15T05:56:02.0835270Z   git switch -c <new-branch-name>
review / pass2	UNKNOWN STEP	2026-08-15T05:56:02.0835426Z 
review / pass2	UNKNOWN STEP	2026-08-15T05:56:02.0835512Z Or undo this operation with:
review / pass2	UNKNOWN STEP	2026-08-15T05:56:02.0835637Z 
review / pass2	UNKNOWN STEP	2026-08-15T05:56:02.0835713Z   git switch -
review / pass2	UNKNOWN STEP	2026-08-15T05:56:02.0835807Z 
review / pass2	UNKNOWN STEP	2026-08-15T05:56:02.0835943Z Turn off this advice by setting config variable advice.detachedHead to false
review / pass2	UNKNOWN STEP	2026-08-15T05:56:02.0836124Z 
review / pass2	UNKNOWN STEP	2026-08-15T05:56:02.0836288Z HEAD is now at ff855ec fix(difficulty): add O00_N tie-break and O00_P gross-demand traps
review / pass2	UNKNOWN STEP	2026-08-15T05:56:02.0863493Z ##[endgroup]
review / pass2	UNKNOWN STEP	2026-08-15T05:56:02.0889755Z [command]/usr/local/bin/git log -1 --format=%H
review / pass2	UNKNOWN STEP	2026-08-15T05:56:02.0906612Z ff855ec8040bad644e73cf542077efb743644f1e
review / pass2	UNKNOWN STEP	2026-08-15T05:56:02.0911544Z ##[group]Removing auth
review / pass2	UNKNOWN STEP	2026-08-15T05:56:02.0911687Z Removing SSH command configuration
review / pass2	UNKNOWN STEP	2026-08-15T05:56:02.0913592Z [command]/usr/local/bin/git config --local --name-only --get-regexp core\.sshCommand
review / pass2	UNKNOWN STEP	2026-08-15T05:56:02.0934707Z [command]/usr/local/bin/git submodule foreach --recursive sh -c "git config --local --name-only --get-regexp 'core\.sshCommand' && git config --local --unset-all 'core.sshCommand' || :"
review / pass2	UNKNOWN STEP	2026-08-15T05:56:02.1021559Z Removing HTTP extra header
review / pass2	UNKNOWN STEP	2026-08-15T05:56:02.1023414Z [command]/usr/local/bin/git config --local --name-only --get-regexp http\.https\:\/\/github\.com\/\.extraheader
review / pass2	UNKNOWN STEP	2026-08-15T05:56:02.1052578Z [command]/usr/local/bin/git submodule foreach --recursive sh -c "git config --local --name-only --get-regexp 'http\.https\:\/\/github\.com\/\.extraheader' && git config --local --unset-all 'http.https://github.com/.extraheader' || :"
review / pass2	UNKNOWN STEP	2026-08-15T05:56:02.1145835Z Removing includeIf entries pointing to credentials config files
review / pass2	UNKNOWN STEP	2026-08-15T05:56:02.1147510Z [command]/usr/local/bin/git config --local --name-only --get-regexp ^includeIf\.gitdir:
review / pass2	UNKNOWN STEP	2026-08-15T05:56:02.1176400Z includeif.gitdir:/home/runner/_work/dynamo-1573c1a-data-querying-and-databases/dynamo-1573c1a-data-querying-and-databases/submission/.git.path
review / pass2	UNKNOWN STEP	2026-08-15T05:56:02.1177036Z includeif.gitdir:/home/runner/_work/dynamo-1573c1a-data-querying-and-databases/dynamo-1573c1a-data-querying-and-databases/submission/.git/worktrees/*.path
review / pass2	UNKNOWN STEP	2026-08-15T05:56:02.1177680Z includeif.gitdir:/github/workspace/submission/.git.path
review / pass2	UNKNOWN STEP	2026-08-15T05:56:02.1177930Z includeif.gitdir:/github/workspace/submission/.git/worktrees/*.path
review / pass2	UNKNOWN STEP	2026-08-15T05:56:02.1180151Z [command]/usr/local/bin/git config --local --get-all includeif.gitdir:/home/runner/_work/dynamo-1573c1a-data-querying-and-databases/dynamo-1573c1a-data-querying-and-databases/submission/.git.path
review / pass2	UNKNOWN STEP	2026-08-15T05:56:02.1197466Z /home/runner/_work/_temp/git-credentials-cd96d450-6c83-41fd-8dcd-01495f253f36.config
review / pass2	UNKNOWN STEP	2026-08-15T05:56:02.1220069Z [command]/usr/local/bin/git config --local --unset includeif.gitdir:/home/runner/_work/dynamo-1573c1a-data-querying-and-databases/dynamo-1573c1a-data-querying-and-databases/submission/.git.path \/home\/runner\/_work\/_temp\/git\-credentials\-cd96d450\-6c83\-41fd\-8dcd\-01495f253f36\.config
review / pass2	UNKNOWN STEP	2026-08-15T05:56:02.1231211Z [command]/usr/local/bin/git config --local --get-all includeif.gitdir:/home/runner/_work/dynamo-1573c1a-data-querying-and-databases/dynamo-1573c1a-data-querying-and-databases/submission/.git/worktrees/*.path
review / pass2	UNKNOWN STEP	2026-08-15T05:56:02.1242297Z /home/runner/_work/_temp/git-credentials-cd96d450-6c83-41fd-8dcd-01495f253f36.config
review / pass2	UNKNOWN STEP	2026-08-15T05:56:02.1246749Z [command]/usr/local/bin/git config --local --unset includeif.gitdir:/home/runner/_work/dynamo-1573c1a-data-querying-and-databases/dynamo-1573c1a-data-querying-and-databases/submission/.git/worktrees/*.path \/home\/runner\/_work\/_temp\/git\-credentials\-cd96d450\-6c83\-41fd\-8dcd\-01495f253f36\.config
review / pass2	UNKNOWN STEP	2026-08-15T05:56:02.1305883Z [command]/usr/local/bin/git config --local --get-all includeif.gitdir:/github/workspace/submission/.git.path
review / pass2	UNKNOWN STEP	2026-08-15T05:56:02.1320934Z /github/runner_temp/git-credentials-cd96d450-6c83-41fd-8dcd-01495f253f36.config
review / pass2	UNKNOWN STEP	2026-08-15T05:56:02.1324232Z [command]/usr/local/bin/git config --local --unset includeif.gitdir:/github/workspace/submission/.git.path \/github\/runner_temp\/git\-credentials\-cd96d450\-6c83\-41fd\-8dcd\-01495f253f36\.config
review / pass2	UNKNOWN STEP	2026-08-15T05:56:02.1346557Z [command]/usr/local/bin/git config --local --get-all includeif.gitdir:/github/workspace/submission/.git/worktrees/*.path
review / pass2	UNKNOWN STEP	2026-08-15T05:56:02.1360749Z /github/runner_temp/git-credentials-cd96d450-6c83-41fd-8dcd-01495f253f36.config
review / pass2	UNKNOWN STEP	2026-08-15T05:56:02.1364044Z [command]/usr/local/bin/git config --local --unset includeif.gitdir:/github/workspace/submission/.git/worktrees/*.path \/github\/runner_temp\/git\-credentials\-cd96d450\-6c83\-41fd\-8dcd\-01495f253f36\.config
review / pass2	UNKNOWN STEP	2026-08-15T05:56:02.1384949Z [command]/usr/local/bin/git submodule foreach --recursive git config --local --show-origin --name-only --get-regexp remote.origin.url
review / pass2	UNKNOWN STEP	2026-08-15T05:56:02.1475688Z Removing credentials config '/home/runner/_work/_temp/git-credentials-cd96d450-6c83-41fd-8dcd-01495f253f36.config'
review / pass2	UNKNOWN STEP	2026-08-15T05:56:02.1479896Z ##[endgroup]
review / pass2	UNKNOWN STEP	2026-08-15T05:56:02.1568451Z Node 20 is being deprecated. This workflow is running with Node 24 by default. If you need to temporarily use Node 20, you can set the ACTIONS_ALLOW_USE_UNSECURE_NODE_VERSION=true environment variable. For more information see: https://github.blog/changelog/2025-09-19-deprecation-of-node-20-on-github-actions-runners/
review / pass2	UNKNOWN STEP	2026-08-15T05:56:02.1569100Z ##[group]Run marocchino/sticky-pull-request-comment@773744901bac0e8cbb5a0dc842800d45e9b2b405
review / pass2	UNKNOWN STEP	2026-08-15T05:56:02.1569305Z with:
review / pass2	UNKNOWN STEP	2026-08-15T05:56:02.1569413Z   header: pass2-timeout-check
review / pass2	UNKNOWN STEP	2026-08-15T05:56:02.1569535Z   number: 5
review / pass2	UNKNOWN STEP	2026-08-15T05:56:02.1569881Z   message: ## ⏱️ Timeout Pre-check (pass@2) ⏳
review / pass2	UNKNOWN STEP	Running 2 agent trials with a hard 3600s timeout on the **agent run** (excludes environment startup) to catch timeout / infra errors before the full pass@5...
review / pass2	UNKNOWN STEP	
review / pass2	UNKNOWN STEP	2026-08-15T05:56:02.1570229Z   append: false
review / pass2	UNKNOWN STEP	2026-08-15T05:56:02.1570329Z   recreate: false
review / pass2	UNKNOWN STEP	2026-08-15T05:56:02.1570429Z   delete: false
review / pass2	UNKNOWN STEP	2026-08-15T05:56:02.1570667Z   only_create: false
review / pass2	UNKNOWN STEP	2026-08-15T05:56:02.1570806Z   only_update: false
review / pass2	UNKNOWN STEP	2026-08-15T05:56:02.1570973Z   hide_details: false
review / pass2	UNKNOWN STEP	2026-08-15T05:56:02.1571133Z   hide: false
review / pass2	UNKNOWN STEP	2026-08-15T05:56:02.1571263Z   hide_and_recreate: false
review / pass2	UNKNOWN STEP	2026-08-15T05:56:02.1571443Z   hide_classify: OUTDATED
review / pass2	UNKNOWN STEP	2026-08-15T05:56:02.1571590Z   ignore_empty: false
review / pass2	UNKNOWN STEP	2026-08-15T05:56:02.1571753Z   skip_unchanged: false
review / pass2	UNKNOWN STEP	2026-08-15T05:56:02.1571911Z   follow_symbolic_links: false
review / pass2	UNKNOWN STEP	2026-08-15T05:56:02.1572961Z   GITHUB_TOKEN: ***
review / pass2	UNKNOWN STEP	2026-08-15T05:56:02.1573116Z env:
review / pass2	UNKNOWN STEP	2026-08-15T05:56:02.1574125Z   GH_TOKEN: ***
review / pass2	UNKNOWN STEP	2026-08-15T05:56:02.1574320Z   REPO: handshake-project-dynamo/dynamo-1573c1a-data-querying-and-databases
review / pass2	UNKNOWN STEP	2026-08-15T05:56:02.1574552Z   PR_NUMBER: 5
review / pass2	UNKNOWN STEP	2026-08-15T05:56:02.1574707Z   BLACKSMITH_RUNNER_MESSAGE_WAIT_MS: 68455
review / pass2	UNKNOWN STEP	2026-08-15T05:56:02.1574869Z   BLACKSMITH_RUNNER_ACQUIRE_JOB_MS: 1006
review / pass2	UNKNOWN STEP	2026-08-15T05:56:02.1575131Z   GITHUB_REPO_NAME: handshake-project-dynamo/dynamo-1573c1a-data-querying-and-databases
review / pass2	UNKNOWN STEP	2026-08-15T05:56:02.1575364Z ##[endgroup]
review / pass2	UNKNOWN STEP	2026-08-15T05:56:03.6026169Z Node 20 is being deprecated. This workflow is running with Node 24 by default. If you need to temporarily use Node 20, you can set the ACTIONS_ALLOW_USE_UNSECURE_NODE_VERSION=true environment variable. For more information see: https://github.blog/changelog/2025-09-19-deprecation-of-node-20-on-github-actions-runners/
review / pass2	UNKNOWN STEP	2026-08-15T05:56:03.6026971Z ##[group]Run actions/setup-python@a26af69be951a213d495a4c3e4e4022e16d87065
review / pass2	UNKNOWN STEP	2026-08-15T05:56:03.6027153Z with:
review / pass2	UNKNOWN STEP	2026-08-15T05:56:03.6027255Z   python-version: 3.11
review / pass2	UNKNOWN STEP	2026-08-15T05:56:03.6027371Z   check-latest: false
review / pass2	UNKNOWN STEP	2026-08-15T05:56:03.6028410Z   token: ***
review / pass2	UNKNOWN STEP	2026-08-15T05:56:03.6028510Z   update-environment: true
review / pass2	UNKNOWN STEP	2026-08-15T05:56:03.6028632Z   allow-prereleases: false
review / pass2	UNKNOWN STEP	2026-08-15T05:56:03.6028744Z   freethreaded: false
review / pass2	UNKNOWN STEP	2026-08-15T05:56:03.6028847Z env:
review / pass2	UNKNOWN STEP	2026-08-15T05:56:03.6029750Z   GH_TOKEN: ***
review / pass2	UNKNOWN STEP	2026-08-15T05:56:03.6029908Z   REPO: handshake-project-dynamo/dynamo-1573c1a-data-querying-and-databases
review / pass2	UNKNOWN STEP	2026-08-15T05:56:03.6030096Z   PR_NUMBER: 5
review / pass2	UNKNOWN STEP	2026-08-15T05:56:03.6030232Z   BLACKSMITH_RUNNER_MESSAGE_WAIT_MS: 68455
review / pass2	UNKNOWN STEP	2026-08-15T05:56:03.6030372Z   BLACKSMITH_RUNNER_ACQUIRE_JOB_MS: 1006
review / pass2	UNKNOWN STEP	2026-08-15T05:56:03.6030579Z   GITHUB_REPO_NAME: handshake-project-dynamo/dynamo-1573c1a-data-querying-and-databases
review / pass2	UNKNOWN STEP	2026-08-15T05:56:03.6030782Z ##[endgroup]
review / pass2	UNKNOWN STEP	2026-08-15T05:56:03.6674646Z ##[group]Installed versions
review / pass2	UNKNOWN STEP	2026-08-15T05:56:03.6704681Z (node:4248) [DEP0040] DeprecationWarning: The `punycode` module is deprecated. Please use a userland alternative instead.
review / pass2	UNKNOWN STEP	2026-08-15T05:56:03.6704996Z (Use `node --trace-deprecation ...` to show where the warning was created)
review / pass2	UNKNOWN STEP	2026-08-15T05:56:03.6705295Z Successfully set up CPython (3.11.14)
review / pass2	UNKNOWN STEP	2026-08-15T05:56:03.6705507Z ##[endgroup]
review / pass2	UNKNOWN STEP	2026-08-15T05:56:03.6965667Z Node 20 is being deprecated. This workflow is running with Node 24 by default. If you need to temporarily use Node 20, you can set the ACTIONS_ALLOW_USE_UNSECURE_NODE_VERSION=true environment variable. For more information see: https://github.blog/changelog/2025-09-19-deprecation-of-node-20-on-github-actions-runners/
review / pass2	UNKNOWN STEP	2026-08-15T05:56:03.6966254Z ##[group]Run astral-sh/setup-uv@38f3f104447c67c051c4a08e39b64a148898af3a
review / pass2	UNKNOWN STEP	2026-08-15T05:56:03.6966431Z with:
review / pass2	UNKNOWN STEP	2026-08-15T05:56:03.6966529Z   version: latest
review / pass2	UNKNOWN STEP	2026-08-15T05:56:03.6967487Z   github-token: ***
review / pass2	UNKNOWN STEP	2026-08-15T05:56:03.6967635Z   enable-cache: false
review / pass2	UNKNOWN STEP	2026-08-15T05:56:03.6967757Z   cache-dependency-glob: **/uv.lock
review / pass2	UNKNOWN STEP	2026-08-15T05:56:03.6967891Z   prune-cache: true
review / pass2	UNKNOWN STEP	2026-08-15T05:56:03.6968005Z   ignore-nothing-to-cache: false
review / pass2	UNKNOWN STEP	2026-08-15T05:56:03.6968124Z env:
review / pass2	UNKNOWN STEP	2026-08-15T05:56:03.6969071Z   GH_TOKEN: ***
review / pass2	UNKNOWN STEP	2026-08-15T05:56:03.6969235Z   REPO: handshake-project-dynamo/dynamo-1573c1a-data-querying-and-databases
review / pass2	UNKNOWN STEP	2026-08-15T05:56:03.6969444Z   PR_NUMBER: 5
review / pass2	UNKNOWN STEP	2026-08-15T05:56:03.6969553Z   BLACKSMITH_RUNNER_MESSAGE_WAIT_MS: 68455
review / pass2	UNKNOWN STEP	2026-08-15T05:56:03.6969695Z   BLACKSMITH_RUNNER_ACQUIRE_JOB_MS: 1006
review / pass2	UNKNOWN STEP	2026-08-15T05:56:03.6969899Z   GITHUB_REPO_NAME: handshake-project-dynamo/dynamo-1573c1a-data-querying-and-databases
review / pass2	UNKNOWN STEP	2026-08-15T05:56:03.6970140Z   pythonLocation: /opt/hostedtoolcache/Python/3.11.14/x64
review / pass2	UNKNOWN STEP	2026-08-15T05:56:03.6970366Z   PKG_CONFIG_PATH: /opt/hostedtoolcache/Python/3.11.14/x64/lib/pkgconfig
review / pass2	UNKNOWN STEP	2026-08-15T05:56:03.6970570Z   Python_ROOT_DIR: /opt/hostedtoolcache/Python/3.11.14/x64
review / pass2	UNKNOWN STEP	2026-08-15T05:56:03.6970755Z   Python2_ROOT_DIR: /opt/hostedtoolcache/Python/3.11.14/x64
review / pass2	UNKNOWN STEP	2026-08-15T05:56:03.6970934Z   Python3_ROOT_DIR: /opt/hostedtoolcache/Python/3.11.14/x64
review / pass2	UNKNOWN STEP	2026-08-15T05:56:03.6971121Z   LD_LIBRARY_PATH: /opt/hostedtoolcache/Python/3.11.14/x64/lib
review / pass2	UNKNOWN STEP	2026-08-15T05:56:03.6971273Z ##[endgroup]
review / pass2	UNKNOWN STEP	2026-08-15T05:56:03.7615640Z (node:4256) [DEP0040] DeprecationWarning: The `punycode` module is deprecated. Please use a userland alternative instead.
review / pass2	UNKNOWN STEP	2026-08-15T05:56:03.7615968Z (Use `node --trace-deprecation ...` to show where the warning was created)
review / pass2	UNKNOWN STEP	2026-08-15T05:56:04.1116522Z Downloading uv from "https://github.com/astral-sh/uv/releases/download/0.12.5/uv-x86_64-unknown-linux-gnu.tar.gz" ...
review / pass2	UNKNOWN STEP	2026-08-15T05:56:04.3972754Z [command]/usr/bin/tar xz --warning=no-unknown-keyword --overwrite -C /home/runner/_work/_temp/daf26bd2-2e81-4d3c-a9e9-f053e1bf369f -f /home/runner/_work/_temp/9628a18a-32d2-45fb-8d4b-cef38c1013ad
review / pass2	UNKNOWN STEP	2026-08-15T05:56:04.6835814Z Added /opt/hostedtoolcache/uv/0.12.5/x86_64 to the path
review / pass2	UNKNOWN STEP	2026-08-15T05:56:04.6836178Z Added /home/runner/.local/bin to the path
review / pass2	UNKNOWN STEP	2026-08-15T05:56:04.6841294Z Set UV_CACHE_DIR to /home/runner/_work/_temp/setup-uv-cache
review / pass2	UNKNOWN STEP	2026-08-15T05:56:04.6841508Z Successfully installed uv version 0.12.5
review / pass2	UNKNOWN STEP	2026-08-15T05:56:04.6891640Z ##[group]Run sudo wget -qO /usr/local/bin/yq https://github.com/mikefarah/yq/releases/latest/download/yq_linux_amd64
review / pass2	UNKNOWN STEP	2026-08-15T05:56:04.6892145Z ^[[36;1msudo wget -qO /usr/local/bin/yq https://github.com/mikefarah/yq/releases/latest/download/yq_linux_amd64^[[0m
review / pass2	UNKNOWN STEP	2026-08-15T05:56:04.6892402Z ^[[36;1msudo chmod +x /usr/local/bin/yq^[[0m
review / pass2	UNKNOWN STEP	2026-08-15T05:56:04.6892557Z ^[[36;1mF=.harbor/harbor-run-defaults.yml^[[0m
review / pass2	UNKNOWN STEP	2026-08-15T05:56:04.6892772Z ^[[36;1m# GATING pass@2 uses `.agents` (GPT-5.4) — same model as the pass@5 trials.^[[0m
review / pass2	UNKNOWN STEP	2026-08-15T05:56:04.6893122Z ^[[36;1mecho "agents=$(yq -o=json -I=0 '.agents' "$F" | jq -c 'map({agent:.agent, model:.model, kwargs:(.kwargs//{}), env:(.env//{})})')" >> $GITHUB_OUTPUT^[[0m
review / pass2	UNKNOWN STEP	2026-08-15T05:56:04.6893456Z ^[[36;1mENVB=$(yq '.env // "daytona"' "$F"); echo "envb=$ENVB" >> $GITHUB_OUTPUT^[[0m
review / pass2	UNKNOWN STEP	2026-08-15T05:56:04.6893731Z ^[[36;1m# pass@2 agent budget = the fellow's task.toml [agent].timeout_sec, CAPPED at 3600s (1hr).^[[0m
review / pass2	UNKNOWN STEP	2026-08-15T05:56:04.6894256Z ^[[36;1m# The 1hr is only an upper bound; the fellow's value is honored below it. Missing/invalid → 3600.^[[0m
review / pass2	UNKNOWN STEP	2026-08-15T05:56:04.6894771Z ^[[36;1mPASS2_TO=$(python3 -c "import tomllib; d=tomllib.load(open('submission/task/task.toml','rb')); v=d.get('agent',{}).get('timeout_sec',3600); print(min(int(v),3600) if isinstance(v,(int,float)) and v>0 else 3600)" 2>/dev/null || echo 3600)^[[0m
review / pass2	UNKNOWN STEP	2026-08-15T05:56:04.6895228Z ^[[36;1mecho "pass2_timeout=${PASS2_TO:-3600}" >> $GITHUB_OUTPUT^[[0m
review / pass2	UNKNOWN STEP	2026-08-15T05:56:04.6895525Z ^[[36;1mif [ "$ENVB" = "docker" ]; then uv tool install harbor==0.14.0; else uv tool install --python 3.12 "harbor[$ENVB]==0.14.0"; fi^[[0m
review / pass2	UNKNOWN STEP	2026-08-15T05:56:04.6908138Z shell: /usr/bin/bash -e {0}
review / pass2	UNKNOWN STEP	2026-08-15T05:56:04.6908264Z env:
review / pass2	UNKNOWN STEP	2026-08-15T05:56:04.6909313Z   GH_TOKEN: ***
review / pass2	UNKNOWN STEP	2026-08-15T05:56:04.6909492Z   REPO: handshake-project-dynamo/dynamo-1573c1a-data-querying-and-databases
review / pass2	UNKNOWN STEP	2026-08-15T05:56:04.6909687Z   PR_NUMBER: 5
review / pass2	UNKNOWN STEP	2026-08-15T05:56:04.6909819Z   BLACKSMITH_RUNNER_MESSAGE_WAIT_MS: 68455
review / pass2	UNKNOWN STEP	2026-08-15T05:56:04.6909971Z   BLACKSMITH_RUNNER_ACQUIRE_JOB_MS: 1006
review / pass2	UNKNOWN STEP	2026-08-15T05:56:04.6910191Z   GITHUB_REPO_NAME: handshake-project-dynamo/dynamo-1573c1a-data-querying-and-databases
review / pass2	UNKNOWN STEP	2026-08-15T05:56:04.6910442Z   pythonLocation: /opt/hostedtoolcache/Python/3.11.14/x64
review / pass2	UNKNOWN STEP	2026-08-15T05:56:04.6910651Z   PKG_CONFIG_PATH: /opt/hostedtoolcache/Python/3.11.14/x64/lib/pkgconfig
review / pass2	UNKNOWN STEP	2026-08-15T05:56:04.6910861Z   Python_ROOT_DIR: /opt/hostedtoolcache/Python/3.11.14/x64
review / pass2	UNKNOWN STEP	2026-08-15T05:56:04.6911052Z   Python2_ROOT_DIR: /opt/hostedtoolcache/Python/3.11.14/x64
review / pass2	UNKNOWN STEP	2026-08-15T05:56:04.6911243Z   Python3_ROOT_DIR: /opt/hostedtoolcache/Python/3.11.14/x64
review / pass2	UNKNOWN STEP	2026-08-15T05:56:04.6911433Z   LD_LIBRARY_PATH: /opt/hostedtoolcache/Python/3.11.14/x64/lib
review / pass2	UNKNOWN STEP	2026-08-15T05:56:04.6911623Z   UV_CACHE_DIR: /home/runner/_work/_temp/setup-uv-cache
review / pass2	UNKNOWN STEP	2026-08-15T05:56:04.6911774Z ##[endgroup]
review / pass2	UNKNOWN STEP	2026-08-15T05:56:05.5093093Z Resolved 126 packages in 351ms
review / pass2	UNKNOWN STEP	2026-08-15T05:56:05.5232642Z Downloading obstore (5.4MiB)
review / pass2	UNKNOWN STEP	2026-08-15T05:56:05.5235206Z Downloading harbor (1.3MiB)
review / pass2	UNKNOWN STEP	2026-08-15T05:56:05.5235369Z Downloading pygments (1.2MiB)
review / pass2	UNKNOWN STEP	2026-08-15T05:56:05.5235644Z Downloading tiktoken (1.1MiB)
review / pass2	UNKNOWN STEP	2026-08-15T05:56:05.5253799Z Downloading litellm (23.1MiB)
review / pass2	UNKNOWN STEP	2026-08-15T05:56:05.5254287Z Downloading pyarrow (47.8MiB)
review / pass2	UNKNOWN STEP	2026-08-15T05:56:05.5254824Z Downloading aiohttp (1.7MiB)
review / pass2	UNKNOWN STEP	2026-08-15T05:56:05.5255654Z Downloading tokenizers (3.2MiB)
review / pass2	UNKNOWN STEP	2026-08-15T05:56:05.5256053Z Downloading pandas (10.5MiB)
review / pass2	UNKNOWN STEP	2026-08-15T05:56:05.5257989Z Downloading cryptography (4.5MiB)
review / pass2	UNKNOWN STEP	2026-08-15T05:56:05.5258285Z Downloading openai (1.6MiB)
review / pass2	UNKNOWN STEP	2026-08-15T05:56:05.5260786Z Downloading claude-agent-sdk (93.8MiB)
review / pass2	UNKNOWN STEP	2026-08-15T05:56:05.5262379Z Downloading hf-xet (4.3MiB)
review / pass2	UNKNOWN STEP	2026-08-15T05:56:05.5263411Z Downloading pydantic-core (2.0MiB)
review / pass2	UNKNOWN STEP	2026-08-15T05:56:05.5264443Z Downloading numpy (15.9MiB)
review / pass2	UNKNOWN STEP	2026-08-15T05:56:05.7060889Z  Downloaded tiktoken
review / pass2	UNKNOWN STEP	2026-08-15T05:56:05.7723183Z  Downloaded aiohttp
review / pass2	UNKNOWN STEP	2026-08-15T05:56:05.7858689Z  Downloaded pydantic-core
review / pass2	UNKNOWN STEP	2026-08-15T05:56:05.8386741Z  Downloaded tokenizers
review / pass2	UNKNOWN STEP	2026-08-15T05:56:05.8725294Z  Downloaded hf-xet
review / pass2	UNKNOWN STEP	2026-08-15T05:56:05.9062802Z  Downloaded pygments
review / pass2	UNKNOWN STEP	2026-08-15T05:56:05.9200545Z  Downloaded obstore
review / pass2	UNKNOWN STEP	2026-08-15T05:56:05.9209325Z  Downloaded cryptography
review / pass2	UNKNOWN STEP	2026-08-15T05:56:05.9261540Z  Downloaded harbor
review / pass2	UNKNOWN STEP	2026-08-15T05:56:06.2140234Z  Downloaded numpy
review / pass2	UNKNOWN STEP	2026-08-15T05:56:06.4180725Z  Downloaded openai
review / pass2	UNKNOWN STEP	2026-08-15T05:56:06.7633974Z  Downloaded claude-agent-sdk
review / pass2	UNKNOWN STEP	2026-08-15T05:56:06.7773940Z  Downloaded pandas
review / pass2	UNKNOWN STEP	2026-08-15T05:56:06.7978055Z  Downloaded pyarrow
review / pass2	UNKNOWN STEP	2026-08-15T05:56:06.9243719Z  Downloaded litellm
review / pass2	UNKNOWN STEP	2026-08-15T05:56:06.9245410Z Prepared 126 packages in 1.41s
review / pass2	UNKNOWN STEP	2026-08-15T05:56:06.9814148Z Installed 126 packages in 56ms
review / pass2	UNKNOWN STEP	2026-08-15T05:56:06.9814410Z  + aiofiles==25.1.0
review / pass2	UNKNOWN STEP	2026-08-15T05:56:06.9814582Z  + aiohappyeyeballs==2.7.1
review / pass2	UNKNOWN STEP	2026-08-15T05:56:06.9819880Z  + aiohttp==3.14.3
review / pass2	UNKNOWN STEP	2026-08-15T05:56:06.9820321Z  + aiohttp-retry==2.9.1
review / pass2	UNKNOWN STEP	2026-08-15T05:56:06.9832291Z  + aiosignal==1.4.0
review / pass2	UNKNOWN STEP	2026-08-15T05:56:06.9832528Z  + annotated-doc==0.0.5
review / pass2	UNKNOWN STEP	2026-08-15T05:56:06.9832681Z  + annotated-types==0.8.0
review / pass2	UNKNOWN STEP	2026-08-15T05:56:06.9832801Z  + anyio==4.14.2
review / pass2	UNKNOWN STEP	2026-08-15T05:56:06.9832911Z  + attrs==26.1.0
review / pass2	UNKNOWN STEP	2026-08-15T05:56:06.9833013Z  + bidict==0.23.1
review / pass2	UNKNOWN STEP	2026-08-15T05:56:06.9833124Z  + certifi==2026.7.22
review / pass2	UNKNOWN STEP	2026-08-15T05:56:06.9833241Z  + cffi==2.1.1
review / pass2	UNKNOWN STEP	2026-08-15T05:56:06.9833359Z  + charset-normalizer==3.5.0
review / pass2	UNKNOWN STEP	2026-08-15T05:56:06.9833488Z  + claude-agent-sdk==0.2.139
review / pass2	UNKNOWN STEP	2026-08-15T05:56:06.9833614Z  + click==8.4.2
review / pass2	UNKNOWN STEP	2026-08-15T05:56:06.9833725Z  + cryptography==50.0.0
review / pass2	UNKNOWN STEP	2026-08-15T05:56:06.9833850Z  + datasets==5.0.1
review / pass2	UNKNOWN STEP	2026-08-15T05:56:06.9833961Z  + daytona==0.204.0
review / pass2	UNKNOWN STEP	2026-08-15T05:56:06.9834111Z  + daytona-analytics-api-client==0.204.0
review / pass2	UNKNOWN STEP	2026-08-15T05:56:06.9834282Z  + daytona-analytics-api-client-async==0.204.0
review / pass2	UNKNOWN STEP	2026-08-15T05:56:06.9834444Z  + daytona-api-client==0.204.0
review / pass2	UNKNOWN STEP	2026-08-15T05:56:06.9834585Z  + daytona-api-client-async==0.204.0
review / pass2	UNKNOWN STEP	2026-08-15T05:56:06.9834733Z  + daytona-toolbox-api-client==0.204.0
review / pass2	UNKNOWN STEP	2026-08-15T05:56:06.9834891Z  + daytona-toolbox-api-client-async==0.204.0
review / pass2	UNKNOWN STEP	2026-08-15T05:56:06.9835044Z  + deprecated==1.3.1
review / pass2	UNKNOWN STEP	2026-08-15T05:56:06.9835165Z  + deprecation==2.1.0
review / pass2	UNKNOWN STEP	2026-08-15T05:56:06.9835277Z  + dill==0.4.1
review / pass2	UNKNOWN STEP	2026-08-15T05:56:06.9835382Z  + dirhash==0.5.0
review / pass2	UNKNOWN STEP	2026-08-15T05:56:06.9835487Z  + distro==1.9.0
review / pass2	UNKNOWN STEP	2026-08-15T05:56:06.9835597Z  + fastapi==0.141.1
review / pass2	UNKNOWN STEP	2026-08-15T05:56:06.9835704Z  + fastuuid==0.14.0
review / pass2	UNKNOWN STEP	2026-08-15T05:56:06.9835813Z  + filelock==3.32.3
review / pass2	UNKNOWN STEP	2026-08-15T05:56:06.9835917Z  + frozenlist==1.8.0
review / pass2	UNKNOWN STEP	2026-08-15T05:56:06.9836028Z  + fsspec==2026.6.0
review / pass2	UNKNOWN STEP	2026-08-15T05:56:06.9836146Z  + googleapis-common-protos==1.75.1
review / pass2	UNKNOWN STEP	2026-08-15T05:56:06.9836281Z  + h11==0.16.0
review / pass2	UNKNOWN STEP	2026-08-15T05:56:06.9836381Z  + h2==4.4.1
review / pass2	UNKNOWN STEP	2026-08-15T05:56:06.9836484Z  + harbor==0.14.0
review / pass2	UNKNOWN STEP	2026-08-15T05:56:06.9836588Z  + hf-xet==1.6.0
review / pass2	UNKNOWN STEP	2026-08-15T05:56:06.9836710Z  + hpack==4.2.0
review / pass2	UNKNOWN STEP	2026-08-15T05:56:06.9836820Z  + httpcore==1.0.9
review / pass2	UNKNOWN STEP	2026-08-15T05:56:06.9836927Z  + httpx==0.28.1
review / pass2	UNKNOWN STEP	2026-08-15T05:56:06.9837035Z  + httpx-sse==0.4.3
review / pass2	UNKNOWN STEP	2026-08-15T05:56:06.9837144Z  + httpx-ws==0.9.0
review / pass2	UNKNOWN STEP	2026-08-15T05:56:06.9837259Z  + huggingface-hub==1.27.0
review / pass2	UNKNOWN STEP	2026-08-15T05:56:06.9837382Z  + hyperframe==6.1.0
review / pass2	UNKNOWN STEP	2026-08-15T05:56:06.9837493Z  + idna==3.18
review / pass2	UNKNOWN STEP	2026-08-15T05:56:06.9837653Z  + importlib-metadata==8.9.0
review / pass2	UNKNOWN STEP	2026-08-15T05:56:06.9837780Z  + jinja2==3.1.6
review / pass2	UNKNOWN STEP	2026-08-15T05:56:06.9837880Z  + jiter==0.16.0
review / pass2	UNKNOWN STEP	2026-08-15T05:56:06.9837988Z  + jsonschema==4.26.0
review / pass2	UNKNOWN STEP	2026-08-15T05:56:06.9838112Z  + jsonschema-specifications==2025.9.1
review / pass2	UNKNOWN STEP	2026-08-15T05:56:06.9838251Z  + litellm==1.96.2
review / pass2	UNKNOWN STEP	2026-08-15T05:56:06.9838360Z  + markdown-it-py==4.2.0
review / pass2	UNKNOWN STEP	2026-08-15T05:56:06.9838479Z  + markupsafe==3.0.3
review / pass2	UNKNOWN STEP	2026-08-15T05:56:06.9838586Z  + mcp==1.29.0
review / pass2	UNKNOWN STEP	2026-08-15T05:56:06.9838688Z  + mdurl==0.1.2
review / pass2	UNKNOWN STEP	2026-08-15T05:56:06.9838791Z  + multidict==6.7.1
review / pass2	UNKNOWN STEP	2026-08-15T05:56:06.9838904Z  + multiprocess==0.70.19
review / pass2	UNKNOWN STEP	2026-08-15T05:56:06.9839020Z  + numpy==2.5.2
review / pass2	UNKNOWN STEP	2026-08-15T05:56:06.9839125Z  + obstore==0.11.0
review / pass2	UNKNOWN STEP	2026-08-15T05:56:06.9839229Z  + openai==2.54.0
review / pass2	UNKNOWN STEP	2026-08-15T05:56:06.9839341Z  + opentelemetry-api==1.44.0
review / pass2	UNKNOWN STEP	2026-08-15T05:56:06.9839496Z  + opentelemetry-exporter-otlp-proto-common==1.44.0
review / pass2	UNKNOWN STEP	2026-08-15T05:56:06.9839689Z  + opentelemetry-exporter-otlp-proto-http==1.44.0
review / pass2	UNKNOWN STEP	2026-08-15T05:56:06.9840147Z  + opentelemetry-instrumentation==0.65b0
review / pass2	UNKNOWN STEP	2026-08-15T05:56:06.9840432Z  + opentelemetry-instrumentation-aiohttp-client==0.65b0
review / pass2	UNKNOWN STEP	2026-08-15T05:56:06.9840610Z  + opentelemetry-proto==1.44.0
review / pass2	UNKNOWN STEP	2026-08-15T05:56:06.9840748Z  + opentelemetry-sdk==1.44.0
review / pass2	UNKNOWN STEP	2026-08-15T05:56:06.9840893Z  + opentelemetry-semantic-conventions==0.65b0
review / pass2	UNKNOWN STEP	2026-08-15T05:56:06.9841058Z  + opentelemetry-util-http==0.65b0
review / pass2	UNKNOWN STEP	2026-08-15T05:56:06.9841191Z  + packaging==26.3
review / pass2	UNKNOWN STEP	2026-08-15T05:56:06.9841300Z  + pandas==3.0.5
review / pass2	UNKNOWN STEP	2026-08-15T05:56:06.9841405Z  + pathspec==1.1.1
review / pass2	UNKNOWN STEP	2026-08-15T05:56:06.9841511Z  + postgrest==2.31.0
review / pass2	UNKNOWN STEP	2026-08-15T05:56:06.9841628Z  + propcache==0.5.2
review / pass2	UNKNOWN STEP	2026-08-15T05:56:06.9841735Z  + protobuf==7.35.1
review / pass2	UNKNOWN STEP	2026-08-15T05:56:06.9841844Z  + pyarrow==25.0.1
review / pass2	UNKNOWN STEP	2026-08-15T05:56:06.9841947Z  + pycparser==3.0
review / pass2	UNKNOWN STEP	2026-08-15T05:56:06.9842055Z  + pydantic==2.13.4
review / pass2	UNKNOWN STEP	2026-08-15T05:56:06.9842164Z  + pydantic-core==2.46.4
review / pass2	UNKNOWN STEP	2026-08-15T05:56:06.9842290Z  + pydantic-settings==2.15.0
review / pass2	UNKNOWN STEP	2026-08-15T05:56:06.9842414Z  + pygments==2.20.0
review / pass2	UNKNOWN STEP	2026-08-15T05:56:06.9842526Z  + pyjwt==2.13.0
review / pass2	UNKNOWN STEP	2026-08-15T05:56:06.9842640Z  + python-dateutil==2.9.0.post0
review / pass2	UNKNOWN STEP	2026-08-15T05:56:06.9842778Z  + python-dotenv==1.2.2
review / pass2	UNKNOWN STEP	2026-08-15T05:56:06.9842900Z  + python-engineio==4.13.5
review / pass2	UNKNOWN STEP	2026-08-15T05:56:06.9843032Z  + python-multipart==0.0.32
review / pass2	UNKNOWN STEP	2026-08-15T05:56:06.9843158Z  + python-socketio==5.16.4
review / pass2	UNKNOWN STEP	2026-08-15T05:56:06.9843279Z  + pyyaml==6.0.3
review / pass2	UNKNOWN STEP	2026-08-15T05:56:06.9843382Z  + realtime==2.31.0
review / pass2	UNKNOWN STEP	2026-08-15T05:56:06.9843494Z  + referencing==0.37.0
review / pass2	UNKNOWN STEP	2026-08-15T05:56:06.9843605Z  + regex==2026.7.19
review / pass2	UNKNOWN STEP	2026-08-15T05:56:06.9843713Z  + requests==2.34.2
review / pass2	UNKNOWN STEP	2026-08-15T05:56:06.9843815Z  + rich==15.0.0
review / pass2	UNKNOWN STEP	2026-08-15T05:56:06.9843922Z  + rpds-py==2026.6.3
review / pass2	UNKNOWN STEP	2026-08-15T05:56:06.9844029Z  + scantree==0.0.4
review / pass2	UNKNOWN STEP	2026-08-15T05:56:06.9844140Z  + shellingham==1.5.4
review / pass2	UNKNOWN STEP	2026-08-15T05:56:06.9844253Z  + shortuuid==1.0.13
review / pass2	UNKNOWN STEP	2026-08-15T05:56:06.9844371Z  + simple-websocket==1.1.0
review / pass2	UNKNOWN STEP	2026-08-15T05:56:06.9844491Z  + six==1.17.0
review / pass2	UNKNOWN STEP	2026-08-15T05:56:06.9844597Z  + sniffio==1.3.1
review / pass2	UNKNOWN STEP	2026-08-15T05:56:06.9844702Z  + sse-starlette==3.4.8
review / pass2	UNKNOWN STEP	2026-08-15T05:56:06.9844820Z  + starlette==1.6.0
review / pass2	UNKNOWN STEP	2026-08-15T05:56:06.9844927Z  + storage3==2.31.0
review / pass2	UNKNOWN STEP	2026-08-15T05:56:06.9845036Z  + strenum==0.4.15
review / pass2	UNKNOWN STEP	2026-08-15T05:56:06.9845140Z  + supabase==2.31.0
review / pass2	UNKNOWN STEP	2026-08-15T05:56:06.9845254Z  + supabase-auth==2.31.0
review / pass2	UNKNOWN STEP	2026-08-15T05:56:06.9845376Z  + supabase-functions==2.31.0
review / pass2	UNKNOWN STEP	2026-08-15T05:56:06.9845500Z  + tenacity==9.1.4
review / pass2	UNKNOWN STEP	2026-08-15T05:56:06.9845602Z  + tiktoken==0.13.0
review / pass2	UNKNOWN STEP	2026-08-15T05:56:06.9845707Z  + tokenizers==0.23.1
review / pass2	UNKNOWN STEP	2026-08-15T05:56:06.9845816Z  + toml==0.10.2
review / pass2	UNKNOWN STEP	2026-08-15T05:56:06.9845915Z  + tqdm==4.70.0
review / pass2	UNKNOWN STEP	2026-08-15T05:56:06.9846018Z  + typer==0.27.1
review / pass2	UNKNOWN STEP	2026-08-15T05:56:06.9846125Z  + typing-extensions==4.16.0
review / pass2	UNKNOWN STEP	2026-08-15T05:56:06.9846255Z  + typing-inspection==0.4.4
review / pass2	UNKNOWN STEP	2026-08-15T05:56:06.9846373Z  + urllib3==2.7.0
review / pass2	UNKNOWN STEP	2026-08-15T05:56:06.9846478Z  + uvicorn==0.52.3
review / pass2	UNKNOWN STEP	2026-08-15T05:56:06.9846586Z  + websocket-client==1.9.0
review / pass2	UNKNOWN STEP	2026-08-15T05:56:06.9846709Z  + websockets==15.0.1
review / pass2	UNKNOWN STEP	2026-08-15T05:56:06.9846822Z  + wrapt==2.3.0
review / pass2	UNKNOWN STEP	2026-08-15T05:56:06.9846923Z  + wsproto==1.3.2
review / pass2	UNKNOWN STEP	2026-08-15T05:56:06.9847029Z  + xxhash==4.0.0
review / pass2	UNKNOWN STEP	2026-08-15T05:56:06.9847127Z  + yarl==1.24.5
review / pass2	UNKNOWN STEP	2026-08-15T05:56:06.9847232Z  + zipp==4.1.0
review / pass2	UNKNOWN STEP	2026-08-15T05:56:06.9847378Z Installed 3 executables: harbor, hb, hr
review / pass2	UNKNOWN STEP	2026-08-15T05:56:06.9926148Z ##[group]Run TASK_NAME=$(python3 -c 'import tomllib; data=tomllib.load(open("submission/task/task.toml", "rb")); print(data.get("task", {}).get("name", ""))' 2>/dev/null || true)
review / pass2	UNKNOWN STEP	2026-08-15T05:56:06.9926691Z ^[[36;1mTASK_NAME=$(python3 -c 'import tomllib; data=tomllib.load(open("submission/task/task.toml", "rb")); print(data.get("task", {}).get("name", ""))' 2>/dev/null || true)^[[0m
review / pass2	UNKNOWN STEP	2026-08-15T05:56:06.9927038Z ^[[36;1mTASK_NAME="${TASK_NAME:-${GITHUB_REPOSITORY##*/}}"^[[0m
review / pass2	UNKNOWN STEP	2026-08-15T05:56:06.9927214Z ^[[36;1mjq -cn \^[[0m
review / pass2	UNKNOWN STEP	2026-08-15T05:56:06.9927329Z ^[[36;1m  --arg task "$TASK_NAME" \^[[0m
review / pass2	UNKNOWN STEP	2026-08-15T05:56:06.9927488Z ^[[36;1m  --arg repository "$GITHUB_REPOSITORY" \^[[0m
review / pass2	UNKNOWN STEP	2026-08-15T05:56:06.9927681Z ^[[36;1m  --arg sha "$DYNAMO_SHA" \^[[0m
review / pass2	UNKNOWN STEP	2026-08-15T05:56:06.9927825Z ^[[36;1m  --arg run_id "$GITHUB_RUN_ID" \^[[0m
review / pass2	UNKNOWN STEP	2026-08-15T05:56:06.9928083Z ^[[36;1m  --arg job "$GITHUB_JOB" \^[[0m
review / pass2	UNKNOWN STEP	2026-08-15T05:56:06.9928390Z ^[[36;1m  '{"dynamo.task":$task,"dynamo.repository":$repository,"dynamo.sha":$sha,"dynamo.github_run_id":$run_id,"dynamo.github_job":$job}' \^[[0m
review / pass2	UNKNOWN STEP	2026-08-15T05:56:06.9928695Z ^[[36;1m  > "$RUNNER_TEMP/dynamo-harbor-labels.json"^[[0m
review / pass2	UNKNOWN STEP	2026-08-15T05:56:06.9941178Z shell: /usr/bin/bash -e {0}
review / pass2	UNKNOWN STEP	2026-08-15T05:56:06.9941321Z env:
review / pass2	UNKNOWN STEP	2026-08-15T05:56:06.9942636Z   GH_TOKEN: ***
review / pass2	UNKNOWN STEP	2026-08-15T05:56:06.9942820Z   REPO: handshake-project-dynamo/dynamo-1573c1a-data-querying-and-databases
review / pass2	UNKNOWN STEP	2026-08-15T05:56:06.9943027Z   PR_NUMBER: 5
review / pass2	UNKNOWN STEP	2026-08-15T05:56:06.9943143Z   BLACKSMITH_RUNNER_MESSAGE_WAIT_MS: 68455
review / pass2	UNKNOWN STEP	2026-08-15T05:56:06.9943300Z   BLACKSMITH_RUNNER_ACQUIRE_JOB_MS: 1006
review / pass2	UNKNOWN STEP	2026-08-15T05:56:06.9943514Z   GITHUB_REPO_NAME: handshake-project-dynamo/dynamo-1573c1a-data-querying-and-databases
review / pass2	UNKNOWN STEP	2026-08-15T05:56:06.9943768Z   pythonLocation: /opt/hostedtoolcache/Python/3.11.14/x64
review / pass2	UNKNOWN STEP	2026-08-15T05:56:06.9943983Z   PKG_CONFIG_PATH: /opt/hostedtoolcache/Python/3.11.14/x64/lib/pkgconfig
review / pass2	UNKNOWN STEP	2026-08-15T05:56:06.9944202Z   Python_ROOT_DIR: /opt/hostedtoolcache/Python/3.11.14/x64
review / pass2	UNKNOWN STEP	2026-08-15T05:56:06.9944407Z   Python2_ROOT_DIR: /opt/hostedtoolcache/Python/3.11.14/x64
review / pass2	UNKNOWN STEP	2026-08-15T05:56:06.9944597Z   Python3_ROOT_DIR: /opt/hostedtoolcache/Python/3.11.14/x64
review / pass2	UNKNOWN STEP	2026-08-15T05:56:06.9944794Z   LD_LIBRARY_PATH: /opt/hostedtoolcache/Python/3.11.14/x64/lib
review / pass2	UNKNOWN STEP	2026-08-15T05:56:06.9944983Z   UV_CACHE_DIR: /home/runner/_work/_temp/setup-uv-cache
review / pass2	UNKNOWN STEP	2026-08-15T05:56:06.9945165Z   DYNAMO_SHA: ff855ec8040bad644e73cf542077efb743644f1e
review / pass2	UNKNOWN STEP	2026-08-15T05:56:06.9945325Z ##[endgroup]
review / pass2	UNKNOWN STEP	2026-08-15T05:56:07.0143193Z ##[group]Run set +e
review / pass2	UNKNOWN STEP	2026-08-15T05:56:07.0143353Z ^[[36;1mset +e^[[0m
review / pass2	UNKNOWN STEP	2026-08-15T05:56:07.0143501Z ^[[36;1mN_AGENTS=$(echo "$AGENTS_JSON" | jq 'length')^[[0m
review / pass2	UNKNOWN STEP	2026-08-15T05:56:07.0143673Z ^[[36;1mN_CONC=$((2 * N_AGENTS))^[[0m
review / pass2	UNKNOWN STEP	2026-08-15T05:56:07.0143854Z ^[[36;1mLABELS=$(<"$RUNNER_TEMP/dynamo-harbor-labels.json")^[[0m
review / pass2	UNKNOWN STEP	2026-08-15T05:56:07.0144217Z ^[[36;1mjq -n --arg job "$JOB_ID" --arg env "$ENVB" --argjson labels "$LABELS" --argjson nc "$N_CONC" --argjson agents "$AGENTS_JSON" --argjson cap "${PASS2_TIMEOUT:-3600}" \^[[0m
review / pass2	UNKNOWN STEP	2026-08-15T05:56:07.0144983Z ^[[36;1m  '{job_name:$job, jobs_dir:"pass2-output", n_attempts:2, n_concurrent_trials:$nc, environment:{type:$env, kwargs:({auto_stop_interval_mins:60} + (if $env == "daytona" then {labels:$labels} else {} end))}, agents:($agents|map({name:.agent, model_name:.model, kwargs:.kwargs, env:.env, override_timeout_sec:$cap})), tasks:[{path:"submission/task"}]}' \^[[0m
review / pass2	UNKNOWN STEP	2026-08-15T05:56:07.0145559Z ^[[36;1m  > /tmp/pass2-job.json^[[0m
review / pass2	UNKNOWN STEP	2026-08-15T05:56:07.0145733Z ^[[36;1mecho "JobConfig:"; jq . /tmp/pass2-job.json^[[0m
review / pass2	UNKNOWN STEP	2026-08-15T05:56:07.0145970Z ^[[36;1mrm -rf pass2-output 2>/dev/null || true   # only the final run's output should remain^[[0m
review / pass2	UNKNOWN STEP	2026-08-15T05:56:07.0146235Z ^[[36;1mharbor run -c /tmp/pass2-job.json 2>&1 | tee /tmp/pass2.log^[[0m
review / pass2	UNKNOWN STEP	2026-08-15T05:56:07.0154734Z shell: /usr/bin/bash -e {0}
review / pass2	UNKNOWN STEP	2026-08-15T05:56:07.0154859Z env:
review / pass2	UNKNOWN STEP	2026-08-15T05:56:07.0155909Z   GH_TOKEN: ***
review / pass2	UNKNOWN STEP	2026-08-15T05:56:07.0156095Z   REPO: handshake-project-dynamo/dynamo-1573c1a-data-querying-and-databases
review / pass2	UNKNOWN STEP	2026-08-15T05:56:07.0156294Z   PR_NUMBER: 5
review / pass2	UNKNOWN STEP	2026-08-15T05:56:07.0156411Z   BLACKSMITH_RUNNER_MESSAGE_WAIT_MS: 68455
review / pass2	UNKNOWN STEP	2026-08-15T05:56:07.0156569Z   BLACKSMITH_RUNNER_ACQUIRE_JOB_MS: 1006
review / pass2	UNKNOWN STEP	2026-08-15T05:56:07.0156788Z   GITHUB_REPO_NAME: handshake-project-dynamo/dynamo-1573c1a-data-querying-and-databases
review / pass2	UNKNOWN STEP	2026-08-15T05:56:07.0157042Z   pythonLocation: /opt/hostedtoolcache/Python/3.11.14/x64
review / pass2	UNKNOWN STEP	2026-08-15T05:56:07.0157254Z   PKG_CONFIG_PATH: /opt/hostedtoolcache/Python/3.11.14/x64/lib/pkgconfig
review / pass2	UNKNOWN STEP	2026-08-15T05:56:07.0157471Z   Python_ROOT_DIR: /opt/hostedtoolcache/Python/3.11.14/x64
review / pass2	UNKNOWN STEP	2026-08-15T05:56:07.0157699Z   Python2_ROOT_DIR: /opt/hostedtoolcache/Python/3.11.14/x64
review / pass2	UNKNOWN STEP	2026-08-15T05:56:07.0157893Z   Python3_ROOT_DIR: /opt/hostedtoolcache/Python/3.11.14/x64
review / pass2	UNKNOWN STEP	2026-08-15T05:56:07.0158087Z   LD_LIBRARY_PATH: /opt/hostedtoolcache/Python/3.11.14/x64/lib
review / pass2	UNKNOWN STEP	2026-08-15T05:56:07.0158281Z   UV_CACHE_DIR: /home/runner/_work/_temp/setup-uv-cache
review / pass2	UNKNOWN STEP	2026-08-15T05:56:07.0158814Z   OPENAI_API_KEY: ***
review / pass2	UNKNOWN STEP	2026-08-15T05:56:07.0159027Z   OPENROUTER_API_KEY: ***
review / pass2	UNKNOWN STEP	2026-08-15T05:56:07.0159202Z   GEMINI_API_KEY: ***
review / pass2	UNKNOWN STEP	2026-08-15T05:56:07.0159312Z   MODAL_TOKEN_ID: 
review / pass2	UNKNOWN STEP	2026-08-15T05:56:07.0159420Z   MODAL_TOKEN_SECRET: 
review / pass2	UNKNOWN STEP	2026-08-15T05:56:07.0159608Z   DAYTONA_API_KEY: ***
review / pass2	UNKNOWN STEP	2026-08-15T05:56:07.0159717Z   DAYTONA_TARGET: 
review / pass2	UNKNOWN STEP	2026-08-15T05:56:07.0160013Z   AGENTS_JSON: [{"agent":"terminus-2","model":"openrouter/deepseek/deepseek-v4-pro","kwargs":{"llm_kwargs":{"reasoning":{"effort":"high"},"max_tokens":128000}},"env":{}}]
review / pass2	UNKNOWN STEP	2026-08-15T05:56:07.0160329Z   ENVB: daytona
review / pass2	UNKNOWN STEP	2026-08-15T05:56:07.0160441Z   PASS2_TIMEOUT: 600
review / pass2	UNKNOWN STEP	2026-08-15T05:56:07.0160558Z   JOB_ID: 31867901020-pass2
review / pass2	UNKNOWN STEP	2026-08-15T05:56:07.0160682Z ##[endgroup]
review / pass2	UNKNOWN STEP	2026-08-15T05:56:07.0202492Z JobConfig:
review / pass2	UNKNOWN STEP	2026-08-15T05:56:07.0211248Z {
review / pass2	UNKNOWN STEP	2026-08-15T05:56:07.0211388Z   "job_name": "31867901020-pass2",
review / pass2	UNKNOWN STEP	2026-08-15T05:56:07.0211544Z   "jobs_dir": "pass2-output",
review / pass2	UNKNOWN STEP	2026-08-15T05:56:07.0211672Z   "n_attempts": 2,
review / pass2	UNKNOWN STEP	2026-08-15T05:56:07.0211797Z   "n_concurrent_trials": 2,
review / pass2	UNKNOWN STEP	2026-08-15T05:56:07.0211916Z   "environment": {
review / pass2	UNKNOWN STEP	2026-08-15T05:56:07.0212025Z     "type": "daytona",
review / pass2	UNKNOWN STEP	2026-08-15T05:56:07.0212134Z     "kwargs": {
review / pass2	UNKNOWN STEP	2026-08-15T05:56:07.0212244Z       "auto_stop_interval_mins": 60,
review / pass2	UNKNOWN STEP	2026-08-15T05:56:07.0212376Z       "labels": {
review / pass2	UNKNOWN STEP	2026-08-15T05:56:07.0212507Z         "dynamo.task": "dynamo/bom-shortage-cascade",
review / pass2	UNKNOWN STEP	2026-08-15T05:56:07.0212768Z         "dynamo.repository": "handshake-project-dynamo/dynamo-1573c1a-data-querying-and-databases",
review / pass2	UNKNOWN STEP	2026-08-15T05:56:07.0213192Z         "dynamo.sha": "ff855ec8040bad644e73cf542077efb743644f1e",
review / pass2	UNKNOWN STEP	2026-08-15T05:56:07.0213370Z         "dynamo.github_run_id": "31867901020",
review / pass2	UNKNOWN STEP	2026-08-15T05:56:07.0213519Z         "dynamo.github_job": "pass2"
review / pass2	UNKNOWN STEP	2026-08-15T05:56:07.0213647Z       }
review / pass2	UNKNOWN STEP	2026-08-15T05:56:07.0213737Z     }
review / pass2	UNKNOWN STEP	2026-08-15T05:56:07.0213830Z   },
review / pass2	UNKNOWN STEP	2026-08-15T05:56:07.0213919Z   "agents": [
review / pass2	UNKNOWN STEP	2026-08-15T05:56:07.0214016Z     {
review / pass2	UNKNOWN STEP	2026-08-15T05:56:07.0214114Z       "name": "terminus-2",
review / pass2	UNKNOWN STEP	2026-08-15T05:56:07.0214271Z       "model_name": "openrouter/deepseek/deepseek-v4-pro",
review / pass2	UNKNOWN STEP	2026-08-15T05:56:07.0214427Z       "kwargs": {
review / pass2	UNKNOWN STEP	2026-08-15T05:56:07.0214536Z         "llm_kwargs": {
review / pass2	UNKNOWN STEP	2026-08-15T05:56:07.0214646Z           "reasoning": {
review / pass2	UNKNOWN STEP	2026-08-15T05:56:07.0214765Z             "effort": "high"
review / pass2	UNKNOWN STEP	2026-08-15T05:56:07.0214877Z           },
review / pass2	UNKNOWN STEP	2026-08-15T05:56:07.0214983Z           "max_tokens": 128000
review / pass2	UNKNOWN STEP	2026-08-15T05:56:07.0215097Z         }
review / pass2	UNKNOWN STEP	2026-08-15T05:56:07.0215189Z       },
review / pass2	UNKNOWN STEP	2026-08-15T05:56:07.0215369Z       "env": {},
review / pass2	UNKNOWN STEP	2026-08-15T05:56:07.0215484Z       "override_timeout_sec": 600
review / pass2	UNKNOWN STEP	2026-08-15T05:56:07.0215606Z     }
review / pass2	UNKNOWN STEP	2026-08-15T05:56:07.0215708Z   ],
review / pass2	UNKNOWN STEP	2026-08-15T05:56:07.0215802Z   "tasks": [
review / pass2	UNKNOWN STEP	2026-08-15T05:56:07.0215896Z     {
review / pass2	UNKNOWN STEP	2026-08-15T05:56:07.0215996Z       "path": "submission/task"
review / pass2	UNKNOWN STEP	2026-08-15T05:56:07.0216112Z     }
review / pass2	UNKNOWN STEP	2026-08-15T05:56:07.0216200Z   ]
review / pass2	UNKNOWN STEP	2026-08-15T05:56:07.0216286Z }
review / pass2	UNKNOWN STEP	2026-08-15T05:56:08.7511164Z Tip: There are many benchmarks available in Harbor's registry.
review / pass2	UNKNOWN STEP	2026-08-15T05:56:08.7512903Z Run `harbor datasets list` to see all available datasets.
review / pass2	UNKNOWN STEP	2026-08-15T05:56:08.7513049Z 
review / pass2	UNKNOWN STEP	2026-08-15T06:07:11.0669280Z   2/2 Mean: 1.000 ━━━━━━━━━━━━━━━━━━━━━━━━━━━━━━━━━━━━━━━━ 0:11:02 0:00:00
review / pass2	UNKNOWN STEP	2026-08-15T06:07:11.0689932Z adhoc • terminus-2 • deepseek/deepseek-v4-pro
review / pass2	UNKNOWN STEP	2026-08-15T06:07:11.0694987Z ┏━━━━━━━━┳━━━━━━━━━━━━┳━━━━━━━┳━━━━━━━━┓
review / pass2	UNKNOWN STEP	2026-08-15T06:07:11.0695221Z ┃ Trials ┃ Exceptions ┃  Mean ┃ Pass@2 ┃
review / pass2	UNKNOWN STEP	2026-08-15T06:07:11.0695392Z ┡━━━━━━━━╇━━━━━━━━━━━━╇━━━━━━━╇━━━━━━━━┩
review / pass2	UNKNOWN STEP	2026-08-15T06:07:11.0695671Z │      2 │          2 │ 1.000 │  1.000 │
review / pass2	UNKNOWN STEP	2026-08-15T06:07:11.0695886Z └────────┴────────────┴───────┴────────┘
review / pass2	UNKNOWN STEP	2026-08-15T06:07:11.0707626Z 
review / pass2	UNKNOWN STEP	2026-08-15T06:07:11.0707746Z ┏━━━━━━━━┳━━━━━━━┓
review / pass2	UNKNOWN STEP	2026-08-15T06:07:11.0707902Z ┃ Reward ┃ Count ┃
review / pass2	UNKNOWN STEP	2026-08-15T06:07:11.0708056Z ┡━━━━━━━━╇━━━━━━━┩
review / pass2	UNKNOWN STEP	2026-08-15T06:07:11.0708202Z │ 1.0    │     2 │
review / pass2	UNKNOWN STEP	2026-08-15T06:07:11.0708403Z └────────┴───────┘
review / pass2	UNKNOWN STEP	2026-08-15T06:07:11.0709131Z 
review / pass2	UNKNOWN STEP	2026-08-15T06:07:11.0709258Z ┏━━━━━━━━━━━━━━━━━━━┳━━━━━━━┓
review / pass2	UNKNOWN STEP	2026-08-15T06:07:11.0709436Z ┃ Exception         ┃ Count ┃
review / pass2	UNKNOWN STEP	2026-08-15T06:07:11.0709615Z ┡━━━━━━━━━━━━━━━━━━━╇━━━━━━━┩
review / pass2	UNKNOWN STEP	2026-08-15T06:07:11.0709785Z │ AgentTimeoutError │     2 │
review / pass2	UNKNOWN STEP	2026-08-15T06:07:11.0709961Z └───────────────────┴───────┘
review / pass2	UNKNOWN STEP	2026-08-15T06:07:11.0710098Z 
review / pass2	UNKNOWN STEP	2026-08-15T06:07:11.0710185Z Job Info
review / pass2	UNKNOWN STEP	2026-08-15T06:07:11.0710321Z Total runtime: 11m 2s
review / pass2	UNKNOWN STEP	2026-08-15T06:07:11.0710507Z Results written to pass2-output/31867901020-pass2/result.json
review / pass2	UNKNOWN STEP	2026-08-15T06:07:11.0710741Z Inspect results by running `harbor view pass2-output`
review / pass2	UNKNOWN STEP	2026-08-15T06:07:11.0710992Z Share results by running `harbor upload pass2-output/31867901020-pass2`
review / pass2	UNKNOWN STEP	2026-08-15T06:07:11.0711161Z 
review / pass2	UNKNOWN STEP	2026-08-15T06:07:11.0714860Z Exception ignored in atexit callback: <bound method DaytonaClientManager._cleanup_sync of <harbor.environments.daytona.environment.DaytonaClientManager object at 0x7fed51054230>>
review / pass2	UNKNOWN STEP	2026-08-15T06:07:11.0715278Z Traceback (most recent call last):
review / pass2	UNKNOWN STEP	2026-08-15T06:07:11.0721490Z   File "/home/runner/.local/share/uv/tools/harbor/lib/python3.12/site-packages/harbor/environments/daytona/environment.py", line 221, in _cleanup_sync
review / pass2	UNKNOWN STEP	2026-08-15T06:07:11.0721909Z     asyncio.run(self._cleanup())
review / pass2	UNKNOWN STEP	2026-08-15T06:07:11.0722130Z   File "/usr/lib/python3.12/asyncio/runners.py", line 194, in run
review / pass2	UNKNOWN STEP	2026-08-15T06:07:11.0722319Z     return runner.run(main)
review / pass2	UNKNOWN STEP	2026-08-15T06:07:11.0722444Z            ^^^^^^^^^^^^^^^^
review / pass2	UNKNOWN STEP	2026-08-15T06:07:11.0722629Z   File "/usr/lib/python3.12/asyncio/runners.py", line 118, in run
review / pass2	UNKNOWN STEP	2026-08-15T06:07:11.0722815Z     return self._loop.run_until_complete(task)
review / pass2	UNKNOWN STEP	2026-08-15T06:07:11.0722973Z            ^^^^^^^^^^^^^^^^^^^^^^^^^^^^^^^^^^^
review / pass2	UNKNOWN STEP	2026-08-15T06:07:11.0723186Z   File "/usr/lib/python3.12/asyncio/base_events.py", line 687, in run_until_complete
review / pass2	UNKNOWN STEP	2026-08-15T06:07:11.0723451Z     return future.result()
review / pass2	UNKNOWN STEP	2026-08-15T06:07:11.0723598Z            ^^^^^^^^^^^^^^^
review / pass2	UNKNOWN STEP	2026-08-15T06:07:11.0723918Z   File "/home/runner/.local/share/uv/tools/harbor/lib/python3.12/site-packages/harbor/environments/daytona/environment.py", line 231, in _cleanup
review / pass2	UNKNOWN STEP	2026-08-15T06:07:11.0724222Z     await self._client.close()
review / pass2	UNKNOWN STEP	2026-08-15T06:07:11.0724486Z   File "/home/runner/.local/share/uv/tools/harbor/lib/python3.12/site-packages/daytona/_async/daytona.py", line 436, in close
review / pass2	UNKNOWN STEP	2026-08-15T06:07:11.0724772Z     await self._event_dispatcher.disconnect()
review / pass2	UNKNOWN STEP	2026-08-15T06:07:11.0725086Z   File "/home/runner/.local/share/uv/tools/harbor/lib/python3.12/site-packages/daytona/internal/event_dispatcher.py", line 269, in disconnect
review / pass2	UNKNOWN STEP	2026-08-15T06:07:11.0725373Z     await self._disconnect()
review / pass2	UNKNOWN STEP	2026-08-15T06:07:11.0725670Z   File "/home/runner/.local/share/uv/tools/harbor/lib/python3.12/site-packages/daytona/internal/event_dispatcher.py", line 292, in _disconnect
review / pass2	UNKNOWN STEP	2026-08-15T06:07:11.0725962Z     await sio.disconnect()
review / pass2	UNKNOWN STEP	2026-08-15T06:07:11.0726231Z   File "/home/runner/.local/share/uv/tools/harbor/lib/python3.12/site-packages/socketio/async_client.py", line 332, in disconnect
review / pass2	UNKNOWN STEP	2026-08-15T06:07:11.0726505Z     await self.eio.disconnect()
review / pass2	UNKNOWN STEP	2026-08-15T06:07:11.0726770Z   File "/home/runner/.local/share/uv/tools/harbor/lib/python3.12/site-packages/engineio/async_client.py", line 175, in disconnect
review / pass2	UNKNOWN STEP	2026-08-15T06:07:11.0727043Z     await self.read_loop_task
review / pass2	UNKNOWN STEP	2026-08-15T06:07:11.0727575Z   File "/home/runner/.local/share/uv/tools/harbor/lib/python3.12/site-packages/engineio/async_client.py", line 577, in _read_loop_websocket
review / pass2	UNKNOWN STEP	2026-08-15T06:07:11.0728029Z     p = await asyncio.wait_for(
review / pass2	UNKNOWN STEP	2026-08-15T06:07:11.0728178Z         ^^^^^^^^^^^^^^^^^^^^^^^
review / pass2	UNKNOWN STEP	2026-08-15T06:07:11.0728471Z   File "/usr/lib/python3.12/asyncio/tasks.py", line 520, in wait_for
review / pass2	UNKNOWN STEP	2026-08-15T06:07:11.0728767Z     return await fut
review / pass2	UNKNOWN STEP	2026-08-15T06:07:11.0728925Z            ^^^^^^^^^
review / pass2	UNKNOWN STEP	2026-08-15T06:07:11.0729207Z   File "/home/runner/.local/share/uv/tools/harbor/lib/python3.12/site-packages/aiohttp/client_ws.py", line 411, in receive
review / pass2	UNKNOWN STEP	2026-08-15T06:07:11.0729514Z     msg = await self._reader.read()
review / pass2	UNKNOWN STEP	2026-08-15T06:07:11.0729689Z           ^^^^^^^^^^^^^^^^^^^^^^^^^
review / pass2	UNKNOWN STEP	2026-08-15T06:07:11.0729897Z   File "aiohttp/_websocket/reader_c.py", line 121, in read
review / pass2	UNKNOWN STEP	2026-08-15T06:07:11.0730227Z   File "aiohttp/_websocket/reader_c.py", line 118, in aiohttp._websocket.reader_c.WebSocketDataQueue.read
review / pass2	UNKNOWN STEP	2026-08-15T06:07:11.0730512Z asyncio.exceptions.CancelledError: 
review / pass2	UNKNOWN STEP	2026-08-15T06:07:11.6879457Z ##[group]Run {
review / pass2	UNKNOWN STEP	2026-08-15T06:07:11.6879602Z ^[[36;1m{^[[0m
review / pass2	UNKNOWN STEP	2026-08-15T06:07:11.6879870Z ^[[36;1m  echo "## pass@2 timeout pre-check (env=daytona, agent-run budget = task timeout_sec capped at 3600s/1hr, excludes env startup)"^[[0m
review / pass2	UNKNOWN STEP	2026-08-15T06:07:11.6880192Z ^[[36;1m  echo '<details><summary>Output</summary>'; echo ""; echo '```'^[[0m
review / pass2	UNKNOWN STEP	2026-08-15T06:07:11.6880440Z ^[[36;1m  tail -c 60000 /tmp/pass2.log 2>/dev/null; echo '```'; echo '</details>'^[[0m
review / pass2	UNKNOWN STEP	2026-08-15T06:07:11.6880639Z ^[[36;1m} >> $GITHUB_STEP_SUMMARY^[[0m
review / pass2	UNKNOWN STEP	2026-08-15T06:07:11.6893294Z shell: /usr/bin/bash -e {0}
review / pass2	UNKNOWN STEP	2026-08-15T06:07:11.6893443Z env:
review / pass2	UNKNOWN STEP	2026-08-15T06:07:11.6894508Z   GH_TOKEN: ***
review / pass2	UNKNOWN STEP	2026-08-15T06:07:11.6894685Z   REPO: handshake-project-dynamo/dynamo-1573c1a-data-querying-and-databases
review / pass2	UNKNOWN STEP	2026-08-15T06:07:11.6894883Z   PR_NUMBER: 5
review / pass2	UNKNOWN STEP	2026-08-15T06:07:11.6895004Z   BLACKSMITH_RUNNER_MESSAGE_WAIT_MS: 68455
review / pass2	UNKNOWN STEP	2026-08-15T06:07:11.6895154Z   BLACKSMITH_RUNNER_ACQUIRE_JOB_MS: 1006
review / pass2	UNKNOWN STEP	2026-08-15T06:07:11.6895396Z   GITHUB_REPO_NAME: handshake-project-dynamo/dynamo-1573c1a-data-querying-and-databases
review / pass2	UNKNOWN STEP	2026-08-15T06:07:11.6895644Z   pythonLocation: /opt/hostedtoolcache/Python/3.11.14/x64
review / pass2	UNKNOWN STEP	2026-08-15T06:07:11.6895865Z   PKG_CONFIG_PATH: /opt/hostedtoolcache/Python/3.11.14/x64/lib/pkgconfig
review / pass2	UNKNOWN STEP	2026-08-15T06:07:11.6896073Z   Python_ROOT_DIR: /opt/hostedtoolcache/Python/3.11.14/x64
review / pass2	UNKNOWN STEP	2026-08-15T06:07:11.6896265Z   Python2_ROOT_DIR: /opt/hostedtoolcache/Python/3.11.14/x64
review / pass2	UNKNOWN STEP	2026-08-15T06:07:11.6896452Z   Python3_ROOT_DIR: /opt/hostedtoolcache/Python/3.11.14/x64
review / pass2	UNKNOWN STEP	2026-08-15T06:07:11.6896644Z   LD_LIBRARY_PATH: /opt/hostedtoolcache/Python/3.11.14/x64/lib
review / pass2	UNKNOWN STEP	2026-08-15T06:07:11.6896834Z   UV_CACHE_DIR: /home/runner/_work/_temp/setup-uv-cache
review / pass2	UNKNOWN STEP	2026-08-15T06:07:11.6896985Z ##[endgroup]
review / pass2	UNKNOWN STEP	2026-08-15T06:07:11.6946728Z ##[group]Run mkdir -p pass2-analyze
review / pass2	UNKNOWN STEP	2026-08-15T06:07:11.6946900Z ^[[36;1mmkdir -p pass2-analyze^[[0m
review / pass2	UNKNOWN STEP	2026-08-15T06:07:11.6947045Z ^[[36;1mfor d in pass2-output/*/; do^[[0m
review / pass2	UNKNOWN STEP	2026-08-15T06:07:11.6947247Z ^[[36;1m  if find "$d" -name result.json -print -quit 2>/dev/null | grep -q .; then^[[0m
review / pass2	UNKNOWN STEP	2026-08-15T06:07:11.6947492Z ^[[36;1m    harbor analyze -m claude-sonnet-4-6 --n-concurrent 2 \^[[0m
review / pass2	UNKNOWN STEP	2026-08-15T06:07:11.6947703Z ^[[36;1m      -r .harbor/rubrics/trial-analysis.toml \^[[0m
review / pass2	UNKNOWN STEP	2026-08-15T06:07:11.6947897Z ^[[36;1m      -p .harbor/rubrics/trial-analysis-prompt.txt \^[[0m
review / pass2	UNKNOWN STEP	2026-08-15T06:07:11.6948104Z ^[[36;1m      --job-prompt .harbor/rubrics/trial-analysis-job.txt \^[[0m
review / pass2	UNKNOWN STEP	2026-08-15T06:07:11.6948313Z ^[[36;1m      -o "pass2-analyze/$(basename "$d").json" "$d" || true^[[0m
review / pass2	UNKNOWN STEP	2026-08-15T06:07:11.6948474Z ^[[36;1m  fi^[[0m
review / pass2	UNKNOWN STEP	2026-08-15T06:07:11.6948580Z ^[[36;1mdone^[[0m
review / pass2	UNKNOWN STEP	2026-08-15T06:07:11.6956809Z shell: /usr/bin/bash -e {0}
review / pass2	UNKNOWN STEP	2026-08-15T06:07:11.6956934Z env:
review / pass2	UNKNOWN STEP	2026-08-15T06:07:11.6957965Z   GH_TOKEN: ***
review / pass2	UNKNOWN STEP	2026-08-15T06:07:11.6958169Z   REPO: handshake-project-dynamo/dynamo-1573c1a-data-querying-and-databases
review / pass2	UNKNOWN STEP	2026-08-15T06:07:11.6958375Z   PR_NUMBER: 5
review / pass2	UNKNOWN STEP	2026-08-15T06:07:11.6958496Z   BLACKSMITH_RUNNER_MESSAGE_WAIT_MS: 68455
review / pass2	UNKNOWN STEP	2026-08-15T06:07:11.6958645Z   BLACKSMITH_RUNNER_ACQUIRE_JOB_MS: 1006
review / pass2	UNKNOWN STEP	2026-08-15T06:07:11.6958866Z   GITHUB_REPO_NAME: handshake-project-dynamo/dynamo-1573c1a-data-querying-and-databases
review / pass2	UNKNOWN STEP	2026-08-15T06:07:11.6959226Z   pythonLocation: /opt/hostedtoolcache/Python/3.11.14/x64
review / pass2	UNKNOWN STEP	2026-08-15T06:07:11.6959444Z   PKG_CONFIG_PATH: /opt/hostedtoolcache/Python/3.11.14/x64/lib/pkgconfig
review / pass2	UNKNOWN STEP	2026-08-15T06:07:11.6959675Z   Python_ROOT_DIR: /opt/hostedtoolcache/Python/3.11.14/x64
review / pass2	UNKNOWN STEP	2026-08-15T06:07:11.6959870Z   Python2_ROOT_DIR: /opt/hostedtoolcache/Python/3.11.14/x64
review / pass2	UNKNOWN STEP	2026-08-15T06:07:11.6960070Z   Python3_ROOT_DIR: /opt/hostedtoolcache/Python/3.11.14/x64
review / pass2	UNKNOWN STEP	2026-08-15T06:07:11.6960267Z   LD_LIBRARY_PATH: /opt/hostedtoolcache/Python/3.11.14/x64/lib
review / pass2	UNKNOWN STEP	2026-08-15T06:07:11.6960461Z   UV_CACHE_DIR: /home/runner/_work/_temp/setup-uv-cache
review / pass2	UNKNOWN STEP	2026-08-15T06:07:11.6960794Z   ANTHROPIC_API_KEY: ***
review / pass2	UNKNOWN STEP	2026-08-15T06:07:11.6960915Z ##[endgroup]
review / pass2	UNKNOWN STEP	2026-08-15T06:07:12.1010136Z 
review / pass2	UNKNOWN STEP	2026-08-15T06:07:12.1010497Z 🔍 Analyzing trial(s)...
review / pass2	UNKNOWN STEP	2026-08-15T06:10:28.2134389Z   Analyzing trials... ━━━━━━━━━━━━━━━━━━━━━━━━━━━━━━━━━━━━━━━━ 2/2 0:02:09
review / pass2	UNKNOWN STEP	2026-08-15T06:10:28.2137939Z ✓ Results written to pass2-analyze/31867901020-pass2.json
review / pass2	UNKNOWN STEP	2026-08-15T06:10:28.2212634Z 
review / pass2	UNKNOWN STEP	2026-08-15T06:10:28.2212814Z Job Summary:
review / pass2	UNKNOWN STEP	2026-08-15T06:10:28.2213140Z ## Per-Trajectory Rubric
review / pass2	UNKNOWN STEP	2026-08-15T06:10:28.2213411Z 
review / pass2	UNKNOWN STEP	2026-08-15T06:10:28.2213587Z | Trial | Reward | task_specification | reward_hacking | difficulty_crux | 
review / pass2	UNKNOWN STEP	2026-08-15T06:10:28.2213951Z near_miss | refusals | low_timeout | approach_validity |
review / pass2	UNKNOWN STEP	2026-08-15T06:10:28.2214261Z |---|---|---|---|---|---|---|---|---|
review / pass2	UNKNOWN STEP	2026-08-15T06:10:28.2214550Z | task__qLAaEDV | 1.0 | PASS | PASS | NA | PASS | PASS | PASS | NA |
review / pass2	UNKNOWN STEP	2026-08-15T06:10:28.2214913Z | task__Un9kJTE | 1.0 | PASS | PASS | NA | PASS | PASS | PASS | PASS |
review / pass2	UNKNOWN STEP	2026-08-15T06:10:28.2215131Z 
review / pass2	UNKNOWN STEP	2026-08-15T06:10:28.2215196Z ---
review / pass2	UNKNOWN STEP	2026-08-15T06:10:28.2215294Z 
review / pass2	UNKNOWN STEP	2026-08-15T06:10:28.2215369Z ## Fail Reasons
review / pass2	UNKNOWN STEP	2026-08-15T06:10:28.2215470Z 
review / pass2	UNKNOWN STEP	2026-08-15T06:10:28.2215652Z No failures in either trial. Both trials achieved reward = 1.0 with all 25 tests
review / pass2	UNKNOWN STEP	2026-08-15T06:10:28.2216108Z passing. There is no failure taxonomy to apply. Both AgentTimeoutErrors that 
review / pass2	UNKNOWN STEP	2026-08-15T06:10:28.2216564Z occurred were strictly post-completion interruptions (the correct `report.json` 
review / pass2	UNKNOWN STEP	2026-08-15T06:10:28.2216984Z was already written and verified on disk before the timeout fired in both 
review / pass2	UNKNOWN STEP	2026-08-15T06:10:28.2217292Z cases).
review / pass2	UNKNOWN STEP	2026-08-15T06:10:28.2217376Z 
review / pass2	UNKNOWN STEP	2026-08-15T06:10:28.2217445Z ---
review / pass2	UNKNOWN STEP	2026-08-15T06:10:28.2217532Z 
review / pass2	UNKNOWN STEP	2026-08-15T06:10:28.2217615Z ## Golden vs Agent Values
review / pass2	UNKNOWN STEP	2026-08-15T06:10:28.2217739Z 
review / pass2	UNKNOWN STEP	2026-08-15T06:10:28.2217905Z All 22 orders matched exactly in both trials. No discrepancies observed. 
review / pass2	UNKNOWN STEP	2026-08-15T06:10:28.2218226Z Representative confirmed values:
review / pass2	UNKNOWN STEP	2026-08-15T06:10:28.2218365Z 
review / pass2	UNKNOWN STEP	2026-08-15T06:10:28.2218505Z | Quantity | Golden expected | Agent value(s) | Off by | Trial(s) |
review / pass2	UNKNOWN STEP	2026-08-15T06:10:28.2218802Z |---|---|---|---|---|
review / pass2	UNKNOWN STEP	2026-08-15T06:10:28.2219020Z | O00_A alloc | 0 | 0 | 0 | task__qLAaEDV, task__Un9kJTE |
review / pass2	UNKNOWN STEP	2026-08-15T06:10:28.2219326Z | O00_A shortfall | 3 | 3 | 0 | task__qLAaEDV, task__Un9kJTE |
review / pass2	UNKNOWN STEP	2026-08-15T06:10:28.2219781Z | O00_A limiting | "L10" | "L10" | — | task__qLAaEDV, task__Un9kJTE |
review / pass2	UNKNOWN STEP	2026-08-15T06:10:28.2220086Z | O00_F alloc | 0 | 0 | 0 | task__Un9kJTE |
review / pass2	UNKNOWN STEP	2026-08-15T06:10:28.2220336Z | O00_F shortfall | 1 | 1 | 0 | task__Un9kJTE |
review / pass2	UNKNOWN STEP	2026-08-15T06:10:28.2220639Z | O00_F limiting | "L13" | "L13" | — | task__Un9kJTE |
review / pass2	UNKNOWN STEP	2026-08-15T06:10:28.2220928Z | O01 alloc | 12 | 12 | 0 | task__qLAaEDV, task__Un9kJTE |
review / pass2	UNKNOWN STEP	2026-08-15T06:10:28.2221228Z | O01 shortfall | 2 | 2 | 0 | task__qLAaEDV, task__Un9kJTE |
review / pass2	UNKNOWN STEP	2026-08-15T06:10:28.2221591Z | O01 limiting | null | null | — | task__qLAaEDV, task__Un9kJTE |
review / pass2	UNKNOWN STEP	2026-08-15T06:10:28.2222089Z | O02 alloc | 0 | 0 | 0 | task__qLAaEDV, task__Un9kJTE |
review / pass2	UNKNOWN STEP	2026-08-15T06:10:28.2222390Z | O02 shortfall | 30 | 30 | 0 | task__qLAaEDV, task__Un9kJTE |
review / pass2	UNKNOWN STEP	2026-08-15T06:10:28.2222751Z | O02 limiting | "L5" | "L5" | — | task__qLAaEDV, task__Un9kJTE |
review / pass2	UNKNOWN STEP	2026-08-15T06:10:28.2223060Z | O03 alloc | 14 | 14 | 0 | task__qLAaEDV, task__Un9kJTE |
review / pass2	UNKNOWN STEP	2026-08-15T06:10:28.2223399Z | O03 shortfall | 1 | 1 | 0 | task__qLAaEDV, task__Un9kJTE |
review / pass2	UNKNOWN STEP	2026-08-15T06:10:28.2223771Z | O03 limiting | null | null | — | task__qLAaEDV, task__Un9kJTE |
review / pass2	UNKNOWN STEP	2026-08-15T06:10:28.2224078Z | O05 alloc | 0 | 0 | 0 | task__qLAaEDV, task__Un9kJTE |
review / pass2	UNKNOWN STEP	2026-08-15T06:10:28.2224375Z | O05 shortfall | 5 | 5 | 0 | task__qLAaEDV, task__Un9kJTE |
review / pass2	UNKNOWN STEP	2026-08-15T06:10:28.2224737Z | O05 limiting | "WC3" | "WC3" | — | task__qLAaEDV, task__Un9kJTE |
review / pass2	UNKNOWN STEP	2026-08-15T06:10:28.2224942Z 
review / pass2	UNKNOWN STEP	2026-08-15T06:10:28.2225117Z Artifacts confirmed present at `artifacts/app/report.json` in both trials.
review / pass2	UNKNOWN STEP	2026-08-15T06:10:28.2225364Z 
review / pass2	UNKNOWN STEP	2026-08-15T06:10:28.2225431Z ---
review / pass2	UNKNOWN STEP	2026-08-15T06:10:28.2225522Z 
review / pass2	UNKNOWN STEP	2026-08-15T06:10:28.2225596Z ## Failing Tests
review / pass2	UNKNOWN STEP	2026-08-15T06:10:28.2225700Z 
review / pass2	UNKNOWN STEP	2026-08-15T06:10:28.2225865Z **Zero failing tests across both trials.** Every trial passed all 25 tests:
review / pass2	UNKNOWN STEP	2026-08-15T06:10:28.2226105Z 
review / pass2	UNKNOWN STEP	2026-08-15T06:10:28.2226261Z - `test_file_exists_and_not_symlink` — PASS in both trials
review / pass2	UNKNOWN STEP	2026-08-15T06:10:28.2226605Z - `test_report_schema_and_keys` — PASS in both trials
review / pass2	UNKNOWN STEP	2026-08-15T06:10:28.2227279Z - `test_output_sorting` — PASS in both trials
review / pass2	UNKNOWN STEP	2026-08-15T06:10:28.2227710Z - All 22 per-order allocation tests — PASS in both trials
review / pass2	UNKNOWN STEP	2026-08-15T06:10:28.2227903Z 
review / pass2	UNKNOWN STEP	2026-08-15T06:10:28.2228073Z ctrf.json was present and parseable in both trials (25 passed, 0 failed, per 
review / pass2	UNKNOWN STEP	2026-08-15T06:10:28.2228400Z respective summaries).
review / pass2	UNKNOWN STEP	2026-08-15T06:10:28.2228521Z 
review / pass2	UNKNOWN STEP	2026-08-15T06:10:28.2228589Z ---
review / pass2	UNKNOWN STEP	2026-08-15T06:10:28.2228672Z 
review / pass2	UNKNOWN STEP	2026-08-15T06:10:28.2228758Z ## Golden Solution Approach
review / pass2	UNKNOWN STEP	2026-08-15T06:10:28.2228887Z 
review / pass2	UNKNOWN STEP	2026-08-15T06:10:28.2229111Z Consistent description across both trials:
review / pass2	UNKNOWN STEP	2026-08-15T06:10:28.2229275Z 
review / pass2	UNKNOWN STEP	2026-08-15T06:10:28.2229435Z 1. Read SQLite `/app/manufacturing.db` (six tables: orders, BOM, parts, 
review / pass2	UNKNOWN STEP	2026-08-15T06:10:28.2229764Z substitutes, workcenters, inventory)
review / pass2	UNKNOWN STEP	2026-08-15T06:10:28.2230059Z 2. Sort orders by **priority ASC**, **order_id DESC** for ties (stable 
review / pass2	UNKNOWN STEP	2026-08-15T06:10:28.2230363Z sequential allocation)
review / pass2	UNKNOWN STEP	2026-08-15T06:10:28.2230643Z 3. Explode top-down BOM DAG iteratively, netting against available stock
review / pass2	UNKNOWN STEP	2026-08-15T06:10:28.2231076Z 4. Scrap formula: `ceil(build_qty × qty_per × (1 + scrap_pct/100)) + 
review / pass2	UNKNOWN STEP	2026-08-15T06:10:28.2231368Z setup_scrap_qty`
review / pass2	UNKNOWN STEP	2026-08-15T06:10:28.2231649Z 5. Substitute consumption in preference-rank order using **floor-division** 
review / pass2	UNKNOWN STEP	2026-08-15T06:10:28.2231976Z integer conversion
review / pass2	UNKNOWN STEP	2026-08-15T06:10:28.2232252Z 6. Lot rounding via `batch_size`; excess sub-assembly production credited back 
review / pass2	UNKNOWN STEP	2026-08-15T06:10:28.2232572Z to stock
review / pass2	UNKNOWN STEP	2026-08-15T06:10:28.2232859Z 7. Workcenter capacity: `setup_hours + run_hours_per_unit × build_qty`
review / pass2	UNKNOWN STEP	2026-08-15T06:10:28.2233241Z 8. Limiting resource: identified as the resource with the **minimum 
review / pass2	UNKNOWN STEP	2026-08-15T06:10:28.2233680Z available/required ratio** across all leaf components and workcenters, using the
review / pass2	UNKNOWN STEP	2026-08-15T06:10:28.2234024Z initial resource state
review / pass2	UNKNOWN STEP	2026-08-15T06:10:28.2234228Z 9. Output JSON sorted by `order_id` ascending
review / pass2	UNKNOWN STEP	2026-08-15T06:10:28.2234399Z 
review / pass2	UNKNOWN STEP	2026-08-15T06:10:28.2234554Z No discrepancy between trials on the golden approach description.
review / pass2	UNKNOWN STEP	2026-08-15T06:10:28.2234777Z 
review / pass2	UNKNOWN STEP	2026-08-15T06:10:28.2234845Z ---
review / pass2	UNKNOWN STEP	2026-08-15T06:10:28.2234927Z 
review / pass2	UNKNOWN STEP	2026-08-15T06:10:28.2235005Z ## Agent Approach
review / pass2	UNKNOWN STEP	2026-08-15T06:10:28.2235113Z 
review / pass2	UNKNOWN STEP	2026-08-15T06:10:28.2235253Z Both agents independently converged on the same methodology:
review / pass2	UNKNOWN STEP	2026-08-15T06:10:28.2235458Z 
review / pass2	UNKNOWN STEP	2026-08-15T06:10:28.2235623Z - **Toolchain**: Python `sqlite3` module (no CLI sqlite3 available in the 
review / pass2	UNKNOWN STEP	2026-08-15T06:10:28.2236065Z container), `math.ceil`, and — notably in both trials — Python `Decimal` 
review / pass2	UNKNOWN STEP	2026-08-15T06:10:28.2236438Z arithmetic for precision (vs. `float` in the golden solution)
review / pass2	UNKNOWN STEP	2026-08-15T06:10:28.2236837Z - **Schema inspection**: Both agents queried table schemas and dumped full table
review / pass2	UNKNOWN STEP	2026-08-15T06:10:28.2237171Z data before writing a solver
review / pass2	UNKNOWN STEP	2026-08-15T06:10:28.2237469Z - **Core algorithm**: Iterative top-down BOM explosion, scrap formula, 
review / pass2	UNKNOWN STEP	2026-08-15T06:10:28.2237886Z substitute floor-division, lot rounding with excess crediting, workcenter hour 
review / pass2	UNKNOWN STEP	2026-08-15T06:10:28.2238377Z tracking, and limiting-resource ratio minimization — matching the golden 
review / pass2	UNKNOWN STEP	2026-08-15T06:10:28.2238722Z approach in all substantive steps
review / pass2	UNKNOWN STEP	2026-08-15T06:10:28.2239050Z - **Debugging pattern**: Both agents encountered and fixed bugs mid-trajectory 
review / pass2	UNKNOWN STEP	2026-08-15T06:10:28.2239390Z before the final correct output:
review / pass2	UNKNOWN STEP	2026-08-15T06:10:28.2239689Z   - task__qLAaEDV (8 steps): rewrote solver for clarity, then debugged 
review / pass2	UNKNOWN STEP	2026-08-15T06:10:28.2240037Z limiting-resource leaf vs. workcenter distinction
review / pass2	UNKNOWN STEP	2026-08-15T06:10:28.2240353Z   - task__Un9kJTE (10 steps): fixed an undefined variable 
review / pass2	UNKNOWN STEP	2026-08-15T06:10:28.2240726Z (`cur_workcenters_rows`), then ran multi-order diagnostic traces to confirm 
review / pass2	UNKNOWN STEP	2026-08-15T06:10:28.2241040Z correctness
review / pass2	UNKNOWN STEP	2026-08-15T06:10:28.2241138Z 
review / pass2	UNKNOWN STEP	2026-08-15T06:10:28.2241316Z Both trials wrote output to `/app/solve.py` and verified `/app/report.json` 
review / pass2	UNKNOWN STEP	2026-08-15T06:10:28.2241756Z against expected behavior before the timeout fired. Convergence on `Decimal` 
review / pass2	UNKNOWN STEP	2026-08-15T06:10:28.2242392Z arithmetic (independently, across both trials) likely reflects training-data 
review / pass2	UNKNOWN STEP	2026-08-15T06:10:28.2242908Z familiarity with Python MRP or BOM-explosion patterns where rounding precision 
review / pass2	UNKNOWN STEP	2026-08-15T06:10:28.2243247Z is a known concern.
review / pass2	UNKNOWN STEP	2026-08-15T06:10:28.2243392Z 
review / pass2	UNKNOWN STEP	2026-08-15T06:10:28.2243461Z ---
review / pass2	UNKNOWN STEP	2026-08-15T06:10:28.2243545Z 
review / pass2	UNKNOWN STEP	2026-08-15T06:10:28.2243622Z ## Approach Diff
review / pass2	UNKNOWN STEP	2026-08-15T06:10:28.2243731Z 
review / pass2	UNKNOWN STEP	2026-08-15T06:10:28.2243910Z The only meaningful divergence from the golden approach: both agents used 
review / pass2	UNKNOWN STEP	2026-08-15T06:10:28.2244335Z **Python `Decimal`** for arithmetic precision, whereas the golden solution uses 
review / pass2	UNKNOWN STEP	2026-08-15T06:10:28.2244841Z **Python `float`**. This difference produced no observable effect — all 22 
review / pass2	UNKNOWN STEP	2026-08-15T06:10:28.2245253Z orders matched exactly in both trials, confirming that `float` precision is 
review / pass2	UNKNOWN STEP	2026-08-15T06:10:28.2245690Z sufficient for this dataset and the `Decimal` choice was conservative but 
review / pass2	UNKNOWN STEP	2026-08-15T06:10:28.2246018Z harmless.
review / pass2	UNKNOWN STEP	2026-08-15T06:10:28.2246116Z 
review / pass2	UNKNOWN STEP	2026-08-15T06:10:28.2246299Z No algorithmic divergence was identified: the scrap formula, substitute 
review / pass2	UNKNOWN STEP	2026-08-15T06:10:28.2246717Z floor-division, lot-rounding excess crediting, workcenter hour model, and 
review / pass2	UNKNOWN STEP	2026-08-15T06:10:28.2247138Z limiting-resource ratio computation all matched the golden approach. This 
review / pass2	UNKNOWN STEP	2026-08-15T06:10:28.2247495Z divergence did **not** produce any test failures.
review / pass2	UNKNOWN STEP	2026-08-15T06:10:28.2247677Z 
review / pass2	UNKNOWN STEP	2026-08-15T06:10:28.2247748Z ---
review / pass2	UNKNOWN STEP	2026-08-15T06:10:28.2247841Z 
review / pass2	UNKNOWN STEP	2026-08-15T06:10:28.2247932Z ## Validity of Agent Approach
review / pass2	UNKNOWN STEP	2026-08-15T06:10:28.2248070Z 
review / pass2	UNKNOWN STEP	2026-08-15T06:10:28.2248261Z Both trials carry `approach_validity = PASS` or `NA` (applicable only to failing
review / pass2	UNKNOWN STEP	2026-08-15T06:10:28.2248707Z trials). There are no `approach_validity = FAIL` signals anywhere in the data. 
review / pass2	UNKNOWN STEP	2026-08-15T06:10:28.2249132Z The agents' approaches were sound, instruction-compliant, and fully successful.
review / pass2	UNKNOWN STEP	2026-08-15T06:10:28.2249385Z 
review / pass2	UNKNOWN STEP	2026-08-15T06:10:28.2249565Z The task is genuinely complex (multi-level BOM DAG explosion, ceil-based scrap 
review / pass2	UNKNOWN STEP	2026-08-15T06:10:28.2250008Z formula, floor-division substitute consumption, lot-sizing with excess credits, 
review / pass2	UNKNOWN STEP	2026-08-15T06:10:28.2250480Z heterogeneous limiting-resource identification across parts and workcenters), 
review / pass2	UNKNOWN STEP	2026-08-15T06:10:28.2251013Z and both agents navigated that complexity correctly — confirming the difficulty 
review / pass2	UNKNOWN STEP	2026-08-15T06:10:28.2251449Z is real but tractable. There is no evidence of a task or verifier problem; no 
review / pass2	UNKNOWN STEP	2026-08-15T06:10:28.2251799Z sound approach was penalized.
review / pass2	UNKNOWN STEP	2026-08-15T06:10:28.2251941Z 
review / pass2	UNKNOWN STEP	2026-08-15T06:10:28.2252010Z ---
review / pass2	UNKNOWN STEP	2026-08-15T06:10:28.2252103Z 
review / pass2	UNKNOWN STEP	2026-08-15T06:10:28.2252184Z ## Rubric Aggregate
review / pass2	UNKNOWN STEP	2026-08-15T06:10:28.2252294Z 
review / pass2	UNKNOWN STEP	2026-08-15T06:10:28.2252388Z | Criterion | PASS | FAIL | NA | Pattern |
review / pass2	UNKNOWN STEP	2026-08-15T06:10:28.2269525Z |---|---|---|---|---|
review / pass2	UNKNOWN STEP	2026-08-15T06:10:28.2269945Z | task_specification | 2 | 0 | 0 | Specification fully sufficient — agents read 
review / pass2	UNKNOWN STEP	2026-08-15T06:10:28.2270298Z it correctly and passed completely |
review / pass2	UNKNOWN STEP	2026-08-15T06:10:28.2270625Z | reward_hacking | 2 | 0 | 0 | No access to solution/tests directories; both 
review / pass2	UNKNOWN STEP	2026-08-15T06:10:28.2270963Z agents solved legitimately |
review / pass2	UNKNOWN STEP	2026-08-15T06:10:28.2271336Z | difficulty_crux | 0 | 0 | 2 | NA in all trials (both passed) — no failure to 
review / pass2	UNKNOWN STEP	2026-08-15T06:10:28.2271650Z categorize |
review / pass2	UNKNOWN STEP	2026-08-15T06:10:28.2271903Z | near_miss | 2 | 0 | 0 | No near-miss; both trials exact matches on all 22 
review / pass2	UNKNOWN STEP	2026-08-15T06:10:28.2272205Z orders and all structural tests |
review / pass2	UNKNOWN STEP	2026-08-15T06:10:28.2272512Z | refusals | 2 | 0 | 0 | No refusals; agents engaged immediately and throughout 
review / pass2	UNKNOWN STEP	2026-08-15T06:10:28.2272829Z |
review / pass2	UNKNOWN STEP	2026-08-15T06:10:28.2273057Z | low_timeout | 2 | 0 | 0 | Timeouts were strictly post-completion 
review / pass2	UNKNOWN STEP	2026-08-15T06:10:28.2273465Z interruptions; solution was on disk before cutoff in both |
review / pass2	UNKNOWN STEP	2026-08-15T06:10:28.2273843Z | approach_validity | 1 | 0 | 1 | All passes; no sound approach was penalized |
review / pass2	UNKNOWN STEP	2026-08-15T06:10:28.2274090Z 
review / pass2	UNKNOWN STEP	2026-08-15T06:10:28.2274178Z **Notable observations:**
review / pass2	UNKNOWN STEP	2026-08-15T06:10:28.2274477Z - **refusals**: No FAIL in any trial. No apparent sensitivity in task framing; 
review / pass2	UNKNOWN STEP	2026-08-15T06:10:28.2275005Z no reword needed.
review / pass2	UNKNOWN STEP	2026-08-15T06:10:28.2275342Z - **near_miss**: No FAIL in any trial. The task does not appear to be one where 
review / pass2	UNKNOWN STEP	2026-08-15T06:10:28.2275822Z thresholds do the work of difficulty — both agents converged on exactly correct 
review / pass2	UNKNOWN STEP	2026-08-15T06:10:28.2276149Z values.
review / pass2	UNKNOWN STEP	2026-08-15T06:10:28.2276413Z - **low_timeout**: Both trials triggered AgentTimeoutErrors, but both were after
review / pass2	UNKNOWN STEP	2026-08-15T06:10:28.2276845Z the solution was complete and verified. The 600s budget appears tight for this 
review / pass2	UNKNOWN STEP	2026-08-15T06:10:28.2277756Z task's natural trajectory length (~8–10 reasoning steps, each with multi-second 
review / pass2	UNKNOWN STEP	2026-08-15T06:10:28.2278186Z LLM latency), but it did not cut off productive work in either case.
review / pass2	UNKNOWN STEP	2026-08-15T06:10:28.2278571Z - **approach_validity**: No FAILs; no task/verifier fix is indicated.
review / pass2	UNKNOWN STEP	2026-08-15T06:10:28.2278805Z 
review / pass2	UNKNOWN STEP	2026-08-15T06:10:28.2278873Z ---
review / pass2	UNKNOWN STEP	2026-08-15T06:10:28.2278963Z 
review / pass2	UNKNOWN STEP	2026-08-15T06:10:28.2279035Z ## Summary
review / pass2	UNKNOWN STEP	2026-08-15T06:10:28.2279133Z 
review / pass2	UNKNOWN STEP	2026-08-15T06:10:28.2279384Z ANALYSIS COMPLETE — Both trials independently and correctly solved the full MRP 
review / pass2	UNKNOWN STEP	2026-08-15T06:10:28.2279837Z BOM-explosion simulation (all 25 tests passed, all 22 orders exact) by 
review / pass2	UNKNOWN STEP	2026-08-15T06:10:28.2280261Z converging on the same Python-based iterative approach; the specification is 
review / pass2	UNKNOWN STEP	2026-08-15T06:10:28.2280701Z clear, no refusals or reward hacking occurred, and both AgentTimeoutErrors were 
review / pass2	UNKNOWN STEP	2026-08-15T06:10:28.2281096Z post-completion artifacts that did not affect outcomes.
review / pass2	UNKNOWN STEP	2026-08-15T06:10:28.2281316Z 
review / pass2	UNKNOWN STEP	2026-08-15T06:10:28.2281491Z Summary: Outcome: PASS (reward = 1.0). All 25 tests passed. An AgentTimeoutError
review / pass2	UNKNOWN STEP	2026-08-15T06:10:28.2281921Z occurred during the 9th LLM API call, approximately 1m42s after the agent had 
review / pass2	UNKNOWN STEP	2026-08-15T06:10:28.2282348Z already written the correct report.json and verified its contents in step 8.
review / pass2	UNKNOWN STEP	2026-08-15T06:10:28.2282609Z 
review / pass2	UNKNOWN STEP	2026-08-15T06:10:28.2282836Z Failing tests: All passed — ctrf.json reports 25/25 tests passed with zero 
review / pass2	UNKNOWN STEP	2026-08-15T06:10:28.2283251Z failures (test_file_exists_and_not_symlink, test_report_schema_and_keys, 
review / pass2	UNKNOWN STEP	2026-08-15T06:10:28.2283673Z test_output_sorting, and all 22 per-order allocation tests).
review / pass2	UNKNOWN STEP	2026-08-15T06:10:28.2283887Z 
review / pass2	UNKNOWN STEP	2026-08-15T06:10:28.2284072Z Golden vs agent values: All 22 orders match exactly. Representative examples: 
review / pass2	UNKNOWN STEP	2026-08-15T06:10:28.2284545Z O00_A: alloc=0, shortfall=3, limiting="L10" ✓; O01: alloc=12, shortfall=2, 
review / pass2	UNKNOWN STEP	2026-08-15T06:10:28.2285010Z limiting=null ✓; O03: alloc=14, shortfall=1, limiting=null ✓; O02: alloc=0, 
review / pass2	UNKNOWN STEP	2026-08-15T06:10:28.2285471Z shortfall=30, limiting="L5" ✓; O05: alloc=0, shortfall=5, limiting="WC3" ✓. All 
review / pass2	UNKNOWN STEP	2026-08-15T06:10:28.2285857Z values confirmed by ctrf.json and artifacts/app/report.json.
review / pass2	UNKNOWN STEP	2026-08-15T06:10:28.2286069Z 
review / pass2	UNKNOWN STEP	2026-08-15T06:10:28.2286262Z Golden approach: Read SQLite /app/manufacturing.db, simulate sequential priority
review / pass2	UNKNOWN STEP	2026-08-15T06:10:28.2286699Z allocation (ascending priority, descending order_id for ties) by exploding 
review / pass2	UNKNOWN STEP	2026-08-15T06:10:28.2287132Z top-down BOM DAG requirements, enforcing batch_size lot rounding, computing 
review / pass2	UNKNOWN STEP	2026-08-15T06:10:28.2287569Z workcenter hours (setup + per-unit), applying scrap adjustments (ceil(qty_per * 
review / pass2	UNKNOWN STEP	2026-08-15T06:10:28.2287991Z build_qty * (1 + scrap_pct/100)) + setup_scrap_qty), handling substitute 
review / pass2	UNKNOWN STEP	2026-08-15T06:10:28.2288410Z consumption by preference rank with floor-division integer conversion, crediting
review / pass2	UNKNOWN STEP	2026-08-15T06:10:28.2288848Z excess sub-assembly stock, and computing limiting resource as minimum 
review / pass2	UNKNOWN STEP	2026-08-15T06:10:28.2289219Z fulfillment ratio across leaf components and workcenters.
review / pass2	UNKNOWN STEP	2026-08-15T06:10:28.2289426Z 
review / pass2	UNKNOWN STEP	2026-08-15T06:10:28.2289612Z Agent approach: 8 steps over ~8 minutes using Python with sqlite3 module. Step 3
review / pass2	UNKNOWN STEP	2026-08-15T06:10:28.2290051Z inspected schema via Python (sqlite3 CLI was absent). Step 4 dumped all table 
review / pass2	UNKNOWN STEP	2026-08-15T06:10:28.2290487Z data. Step 5 wrote a first-draft solver. Step 6 rewrote a cleaner /app/solve.py 
review / pass2	UNKNOWN STEP	2026-08-15T06:10:28.2290902Z using Python Decimal for precision. Step 7 debugged limiting-resource 
review / pass2	UNKNOWN STEP	2026-08-15T06:10:28.2291462Z computation to handle leaf vs workcenter resources. Step 8 sorted report.json by
review / pass2	UNKNOWN STEP	2026-08-15T06:10:28.2292026Z order_id ascending, printed the full output, and verified results — the correct 
review / pass2	UNKNOWN STEP	2026-08-15T06:10:28.2292454Z report.json was on disk at 06:05:07Z. The timeout hit at ~06:06:49Z during the 
review / pass2	UNKNOWN STEP	2026-08-15T06:10:28.2292772Z 9th LLM call.
review / pass2	UNKNOWN STEP	2026-08-15T06:10:28.2292876Z 
review / pass2	UNKNOWN STEP	2026-08-15T06:10:28.2293111Z Approach diff: None — agent approach was sound and matched the golden algorithm.
review / pass2	UNKNOWN STEP	2026-08-15T06:10:28.2293482Z No divergence.
review / pass2	UNKNOWN STEP	2026-08-15T06:10:28.2293584Z 
review / pass2	UNKNOWN STEP	2026-08-15T06:10:28.2293770Z Artifacts: artifacts/app/report.json present and correct (22 orders, exact match
review / pass2	UNKNOWN STEP	2026-08-15T06:10:28.2294119Z to all expected values).
review / pass2	UNKNOWN STEP	2026-08-15T06:10:28.2294244Z 
review / pass2	UNKNOWN STEP	2026-08-15T06:10:28.2295048Z                               Trial: task__qLAaEDV                              
review / pass2	UNKNOWN STEP	2026-08-15T06:10:28.2295947Z ┏━━━━━━━━━━━━━━━━━━━━━━━━━┳━━━━━━━━━━━━━━━━┳━━━━━━━━━━━━━━━━━━━━━━━━━━━━━━━━━━━┓
review / pass2	UNKNOWN STEP	2026-08-15T06:10:28.2296259Z ┃ Check                   ┃ Outcome        ┃ Explanation                       ┃
review / pass2	UNKNOWN STEP	2026-08-15T06:10:28.2296534Z ┡━━━━━━━━━━━━━━━━━━━━━━━━━╇━━━━━━━━━━━━━━━━╇━━━━━━━━━━━━━━━━━━━━━━━━━━━━━━━━━━━┩
review / pass2	UNKNOWN STEP	2026-08-15T06:10:28.2296791Z │ Task Specification      │ pass           │ instruction.md fully specifies    │
review / pass2	UNKNOWN STEP	2026-08-15T06:10:28.2297034Z │                         │                │ all required behavior: BOM        │
review / pass2	UNKNOWN STEP	2026-08-15T06:10:28.2297244Z │                         │                │ explosion rules, scrap formula    │
review / pass2	UNKNOWN STEP	2026-08-15T06:10:28.2297456Z │                         │                │ (ceil(qty_per * build_qty * (1 +  │
review / pass2	UNKNOWN STEP	2026-08-15T06:10:28.2297659Z │                         │                │ scrap_pct/100)) +                 │
review / pass2	UNKNOWN STEP	2026-08-15T06:10:28.2297867Z │                         │                │ setup_scrap_qty), substitute      │
review / pass2	UNKNOWN STEP	2026-08-15T06:10:28.2298077Z │                         │                │ consumption with floor division,  │
review / pass2	UNKNOWN STEP	2026-08-15T06:10:28.2298286Z │                         │                │ batch_size rounding, workcenter   │
review / pass2	UNKNOWN STEP	2026-08-15T06:10:28.2298525Z │                         │                │ capacity, limiting resource       │
review / pass2	UNKNOWN STEP	2026-08-15T06:10:28.2298801Z │                         │                │ computation using initial         │
review / pass2	UNKNOWN STEP	2026-08-15T06:10:28.2299062Z │                         │                │ resource state, and JSON output   │
review / pass2	UNKNOWN STEP	2026-08-15T06:10:28.2299269Z │                         │                │ format sorted by order_id         │
review / pass2	UNKNOWN STEP	2026-08-15T06:10:28.2299482Z │                         │                │ ascending. The agent passed all   │
review / pass2	UNKNOWN STEP	2026-08-15T06:10:28.2299692Z │                         │                │ 25 tests, confirming the          │
review / pass2	UNKNOWN STEP	2026-08-15T06:10:28.2299904Z │                         │                │ specification was sufficient.     │
review / pass2	UNKNOWN STEP	2026-08-15T06:10:28.2300141Z ├─────────────────────────┼────────────────┼───────────────────────────────────┤
review / pass2	UNKNOWN STEP	2026-08-15T06:10:28.2300384Z │ Reward Hacking          │ pass           │ Checked all 8 trajectory steps    │
review / pass2	UNKNOWN STEP	2026-08-15T06:10:28.2300627Z │                         │                │ for references to 'solution/',    │
review / pass2	UNKNOWN STEP	2026-08-15T06:10:28.2300842Z │                         │                │ 'tests/', 'reward.txt',           │
review / pass2	UNKNOWN STEP	2026-08-15T06:10:28.2301055Z │                         │                │ 'reward.json', '/logs/',          │
review / pass2	UNKNOWN STEP	2026-08-15T06:10:28.2301268Z │                         │                │ 'test_output' — none found. The   │
review / pass2	UNKNOWN STEP	2026-08-15T06:10:28.2301480Z │                         │                │ agent solved the task by writing  │
review / pass2	UNKNOWN STEP	2026-08-15T06:10:28.2301690Z │                         │                │ and iterating on a Python         │
review / pass2	UNKNOWN STEP	2026-08-15T06:10:28.2302040Z │                         │                │ BOM-explosion simulation,         │
review / pass2	UNKNOWN STEP	2026-08-15T06:10:28.2302250Z │                         │                │ querying the database directly,   │
review / pass2	UNKNOWN STEP	2026-08-15T06:10:28.2302461Z │                         │                │ and writing the output to         │
review / pass2	UNKNOWN STEP	2026-08-15T06:10:28.2302939Z │                         │                │ /app/report.json. No cheating     │
review / pass2	UNKNOWN STEP	2026-08-15T06:10:28.2303217Z │                         │                │ detected.                         │
review / pass2	UNKNOWN STEP	2026-08-15T06:10:28.2303511Z ├─────────────────────────┼────────────────┼───────────────────────────────────┤
review / pass2	UNKNOWN STEP	2026-08-15T06:10:28.2303757Z │ Difficulty Crux         │ not_applicable │ The agent succeeded (reward =     │
review / pass2	UNKNOWN STEP	2026-08-15T06:10:28.2303997Z │                         │                │ 1.0, all 25 tests passed). The    │
review / pass2	UNKNOWN STEP	2026-08-15T06:10:28.2304203Z │                         │                │ task author's                     │
review / pass2	UNKNOWN STEP	2026-08-15T06:10:28.2304412Z │                         │                │ difficulty_explanation describes  │
review / pass2	UNKNOWN STEP	2026-08-15T06:10:28.2304621Z │                         │                │ a complex MRP simulation          │
review / pass2	UNKNOWN STEP	2026-08-15T06:10:28.2304831Z │                         │                │ combining BOM DAG explosion,      │
review / pass2	UNKNOWN STEP	2026-08-15T06:10:28.2305041Z │                         │                │ scrap rates, lot rounding,        │
review / pass2	UNKNOWN STEP	2026-08-15T06:10:28.2305257Z │                         │                │ substitute parts, workcenter      │
review / pass2	UNKNOWN STEP	2026-08-15T06:10:28.2305475Z │                         │                │ capacity, and limiting-resource   │
review / pass2	UNKNOWN STEP	2026-08-15T06:10:28.2305690Z │                         │                │ identification. The agent         │
review / pass2	UNKNOWN STEP	2026-08-15T06:10:28.2305903Z │                         │                │ addressed all of these correctly. │
review / pass2	UNKNOWN STEP	2026-08-15T06:10:28.2306113Z │                         │                │ Since the agent succeeded,        │
review / pass2	UNKNOWN STEP	2026-08-15T06:10:28.2306323Z │                         │                │ difficulty_crux is not            │
review / pass2	UNKNOWN STEP	2026-08-15T06:10:28.2306526Z │                         │                │ applicable.                       │
review / pass2	UNKNOWN STEP	2026-08-15T06:10:28.2306759Z ├─────────────────────────┼────────────────┼───────────────────────────────────┤
review / pass2	UNKNOWN STEP	2026-08-15T06:10:28.2306996Z │ Near Miss               │ pass           │ The agent achieved reward = 1.0   │
review / pass2	UNKNOWN STEP	2026-08-15T06:10:28.2307228Z │                         │                │ with all 25 tests passing. There  │
review / pass2	UNKNOWN STEP	2026-08-15T06:10:28.2307444Z │                         │                │ was no near-miss: every           │
review / pass2	UNKNOWN STEP	2026-08-15T06:10:28.2307652Z │                         │                │ allocation quantity, shortfall,   │
review / pass2	UNKNOWN STEP	2026-08-15T06:10:28.2307862Z │                         │                │ and limiting_resource matched     │
review / pass2	UNKNOWN STEP	2026-08-15T06:10:28.2308070Z │                         │                │ exactly. Not applicable as a      │
review / pass2	UNKNOWN STEP	2026-08-15T06:10:28.2308279Z │                         │                │ near-miss scenario.               │
review / pass2	UNKNOWN STEP	2026-08-15T06:10:28.2308509Z ├─────────────────────────┼────────────────┼───────────────────────────────────┤
review / pass2	UNKNOWN STEP	2026-08-15T06:10:28.2308750Z │ Refusals                │ pass           │ The agent engaged fully with the  │
review / pass2	UNKNOWN STEP	2026-08-15T06:10:28.2308974Z │                         │                │ task from step 2 onward,          │
review / pass2	UNKNOWN STEP	2026-08-15T06:10:28.2309256Z │                         │                │ inspecting the database, writing  │
review / pass2	UNKNOWN STEP	2026-08-15T06:10:28.2309530Z │                         │                │ Python code, iterating on the     │
review / pass2	UNKNOWN STEP	2026-08-15T06:10:28.2309739Z │                         │                │ algorithm, and producing correct  │
review / pass2	UNKNOWN STEP	2026-08-15T06:10:28.2309952Z │                         │                │ output. No refusal language or    │
review / pass2	UNKNOWN STEP	2026-08-15T06:10:28.2310162Z │                         │                │ policy-based stopping was         │
review / pass2	UNKNOWN STEP	2026-08-15T06:10:28.2310372Z │                         │                │ observed at any step.             │
review / pass2	UNKNOWN STEP	2026-08-15T06:10:28.2310604Z ├─────────────────────────┼────────────────┼───────────────────────────────────┤
review / pass2	UNKNOWN STEP	2026-08-15T06:10:28.2310838Z │ Low Timeout             │ pass           │ The agent completed all           │
review / pass2	UNKNOWN STEP	2026-08-15T06:10:28.2311061Z │                         │                │ productive work at step 8         │
review / pass2	UNKNOWN STEP	2026-08-15T06:10:28.2311270Z │                         │                │ (06:05:07Z), which sorted and     │
review / pass2	UNKNOWN STEP	2026-08-15T06:10:28.2311486Z │                         │                │ verified the correct report.json. │
review / pass2	UNKNOWN STEP	2026-08-15T06:10:28.2311698Z │                         │                │ The 600s timeout fired at         │
review / pass2	UNKNOWN STEP	2026-08-15T06:10:28.2311910Z │                         │                │ 06:06:49Z, approximately 1m42s    │
review / pass2	UNKNOWN STEP	2026-08-15T06:10:28.2312119Z │                         │                │ later, during the 9th LLM API     │
review / pass2	UNKNOWN STEP	2026-08-15T06:10:28.2312328Z │                         │                │ call — which would have been a    │
review / pass2	UNKNOWN STEP	2026-08-15T06:10:28.2312536Z │                         │                │ declaration of task_complete or   │
review / pass2	UNKNOWN STEP	2026-08-15T06:10:28.2312775Z │                         │                │ final verification. The solution  │
review / pass2	UNKNOWN STEP	2026-08-15T06:10:28.2312992Z │                         │                │ was already complete and correct  │
review / pass2	UNKNOWN STEP	2026-08-15T06:10:28.2313203Z │                         │                │ when the timeout hit. The agent   │
review / pass2	UNKNOWN STEP	2026-08-15T06:10:28.2313459Z │                         │                │ finished well before running out  │
review / pass2	UNKNOWN STEP	2026-08-15T06:10:28.2313671Z │                         │                │ of time on the substantive work;  │
review / pass2	UNKNOWN STEP	2026-08-15T06:10:28.2313883Z │                         │                │ the timeout only interrupted the  │
review / pass2	UNKNOWN STEP	2026-08-15T06:10:28.2314097Z │                         │                │ post-completion wrap-up call.     │
review / pass2	UNKNOWN STEP	2026-08-15T06:10:28.2314311Z │                         │                │ This is a pass, not a             │
review / pass2	UNKNOWN STEP	2026-08-15T06:10:28.2314525Z │                         │                │ productive-cutoff scenario.       │
review / pass2	UNKNOWN STEP	2026-08-15T06:10:28.2314761Z ├─────────────────────────┼────────────────┼───────────────────────────────────┤
review / pass2	UNKNOWN STEP	2026-08-15T06:10:28.2315010Z │ Approach Validity       │ not_applicable │ The agent passed (reward = 1.0).  │
review / pass2	UNKNOWN STEP	2026-08-15T06:10:28.2315251Z │                         │                │ approach_validity is advisory for │
review / pass2	UNKNOWN STEP	2026-08-15T06:10:28.2315471Z │                         │                │ failing trials only.              │
review / pass2	UNKNOWN STEP	2026-08-15T06:10:28.2315709Z ├─────────────────────────┼────────────────┼───────────────────────────────────┤
review / pass2	UNKNOWN STEP	2026-08-15T06:10:28.2315964Z │ Decisive Rule Disclosed │ not_applicable │ The trial passed (reward = 1.0).  │
review / pass2	UNKNOWN STEP	2026-08-15T06:10:28.2316208Z │                         │                │ This criterion applies only to    │
review / pass2	UNKNOWN STEP	2026-08-15T06:10:28.2316420Z │                         │                │ failing trials.                   │
review / pass2	UNKNOWN STEP	2026-08-15T06:10:28.2316654Z ├─────────────────────────┼────────────────┼───────────────────────────────────┤
review / pass2	UNKNOWN STEP	2026-08-15T06:10:28.2316898Z │ Spec Consistency        │ not_applicable │ The trial passed (reward = 1.0).  │
review / pass2	UNKNOWN STEP	2026-08-15T06:10:28.2317138Z │                         │                │ This criterion applies only to    │
review / pass2	UNKNOWN STEP	2026-08-15T06:10:28.2317344Z │                         │                │ failing trials.                   │
review / pass2	UNKNOWN STEP	2026-08-15T06:10:28.2317578Z └─────────────────────────┴────────────────┴───────────────────────────────────┘
review / pass2	UNKNOWN STEP	2026-08-15T06:10:28.2320203Z 
review / pass2	UNKNOWN STEP	2026-08-15T06:10:28.2320659Z Summary: Outcome: PASS. Reward = 1.0. All 25 tests passed per 
review / pass2	UNKNOWN STEP	2026-08-15T06:10:28.2321033Z verifier/ctrf.json.
review / pass2	UNKNOWN STEP	2026-08-15T06:10:28.2321194Z 
review / pass2	UNKNOWN STEP	2026-08-15T06:10:28.2321529Z Failing tests: None — ctrf.json records 25 passed, 0 failed.
review / pass2	UNKNOWN STEP	2026-08-15T06:10:28.2321779Z 
review / pass2	UNKNOWN STEP	2026-08-15T06:10:28.2322349Z Golden vs agent values: Perfect match on all 22 orders. Representative cases 
review / pass2	UNKNOWN STEP	2026-08-15T06:10:28.2322839Z confirmed in artifacts/app/report.json: O00_A (alloc=0, sf=3, limiting=L10), 
review / pass2	UNKNOWN STEP	2026-08-15T06:10:28.2323349Z O00_F (alloc=0, sf=1, limiting=L13), O01 (alloc=12, sf=2, limiting=null), O02 
review / pass2	UNKNOWN STEP	2026-08-15T06:10:28.2323772Z (alloc=0, sf=30, limiting=L5), O03 (alloc=14, sf=1, limiting=null), O05 
review / pass2	UNKNOWN STEP	2026-08-15T06:10:28.2324124Z (alloc=0, sf=5, limiting=WC3).
review / pass2	UNKNOWN STEP	2026-08-15T06:10:28.2324300Z 
review / pass2	UNKNOWN STEP	2026-08-15T06:10:28.2324561Z Golden approach: Reference solve.py uses Python float arithmetic, reads all six 
review / pass2	UNKNOWN STEP	2026-08-15T06:10:28.2325005Z SQLite tables, sorts orders by priority ASC / order_id DESC (stable sort), 
review / pass2	UNKNOWN STEP	2026-08-15T06:10:28.2325487Z performs iterative BOM explosion top-down with stock netting, scrap formula 
review / pass2	UNKNOWN STEP	2026-08-15T06:10:28.2325997Z ceil(build_qty × qty_per × (1 + scrap_pct/100)) + setup_scrap_qty, 
review / pass2	UNKNOWN STEP	2026-08-15T06:10:28.2326450Z floor-division substitute consumption in preference-rank order, workcenter hour 
review / pass2	UNKNOWN STEP	2026-08-15T06:10:28.2326995Z accounting (setup + run × build_qty), lot-rounding with excess crediting, and 
review / pass2	UNKNOWN STEP	2026-08-15T06:10:28.2327491Z limiting-resource identification via minimum available/required ratio across all
review / pass2	UNKNOWN STEP	2026-08-15T06:10:28.2327893Z leaf parts and workcenters.
review / pass2	UNKNOWN STEP	2026-08-15T06:10:28.2328069Z 
review / pass2	UNKNOWN STEP	2026-08-15T06:10:28.2328380Z Agent approach: 10-step trajectory using DeepSeek v4 Pro. Steps 2–4 inspected DB
review / pass2	UNKNOWN STEP	2026-08-15T06:10:28.2328824Z schema and full table data via Python sqlite3. Step 5 wrote an initial solver 
review / pass2	UNKNOWN STEP	2026-08-15T06:10:28.2329301Z using Decimal arithmetic. Step 6 detected a bug (undefined cur_workcenters_rows)
review / pass2	UNKNOWN STEP	2026-08-15T06:10:28.2329785Z and verified syntax. Step 7 rewrote the solver with the bug fixed and ran it. 
review / pass2	UNKNOWN STEP	2026-08-15T06:10:28.2330341Z Step 8 ran diagnostics on O01's null limiting_resource (confirmed correct: all 
review / pass2	UNKNOWN STEP	2026-08-15T06:10:28.2330859Z ratios ≥ 1). Step 9 traced O00_D through O00_F inventory state (SA8 lot-rounding
review / pass2	UNKNOWN STEP	2026-08-15T06:10:28.2331329Z and depletion). Step 10 verified O01/O03/O02 sequential ordering. The report was
review / pass2	UNKNOWN STEP	2026-08-15T06:10:28.2331747Z generated by step 7/8 and subsequently confirmed correct.
review / pass2	UNKNOWN STEP	2026-08-15T06:10:28.2331988Z 
review / pass2	UNKNOWN STEP	2026-08-15T06:10:28.2332305Z Approach diff: The agent used Python Decimal instead of float (as in the golden 
review / pass2	UNKNOWN STEP	2026-08-15T06:10:28.2332774Z solution), but both produced identical results. The core algorithm — BOM 
review / pass2	UNKNOWN STEP	2026-08-15T06:10:28.2333188Z explosion, scrap formula, substitute floor division, lot rounding, limiting 
review / pass2	UNKNOWN STEP	2026-08-15T06:10:28.2333679Z resource ratio minimization — matches the golden approach exactly.
review / pass2	UNKNOWN STEP	2026-08-15T06:10:28.2333908Z 
review / pass2	UNKNOWN STEP	2026-08-15T06:10:28.2334209Z Artifacts: Present at artifacts/app/report.json; all 22 orders with correct 
review / pass2	UNKNOWN STEP	2026-08-15T06:10:28.2334664Z field types and values verified.
review / pass2	UNKNOWN STEP	2026-08-15T06:10:28.2334809Z 
review / pass2	UNKNOWN STEP	2026-08-15T06:10:28.2334994Z Infrastructure note: An AgentTimeoutError fired at 600s, after the report was 
review / pass2	UNKNOWN STEP	2026-08-15T06:10:28.2335419Z already generated and while the agent was running optional post-completion 
review / pass2	UNKNOWN STEP	2026-08-15T06:10:28.2335837Z diagnostics (step 10 was still inside a long LLM API call of ~138s). The 
review / pass2	UNKNOWN STEP	2026-08-15T06:10:28.2336196Z verifier was run post-timeout and awarded reward = 1.0.
review / pass2	UNKNOWN STEP	2026-08-15T06:10:28.2336395Z 
review / pass2	UNKNOWN STEP	2026-08-15T06:10:28.2356105Z                               Trial: task__Un9kJTE                              
review / pass2	UNKNOWN STEP	2026-08-15T06:10:28.2356537Z ┏━━━━━━━━━━━━━━━━━━━━━━━━━┳━━━━━━━━━━━━━━━━┳━━━━━━━━━━━━━━━━━━━━━━━━━━━━━━━━━━━┓
review / pass2	UNKNOWN STEP	2026-08-15T06:10:28.2356923Z ┃ Check                   ┃ Outcome        ┃ Explanation                       ┃
review / pass2	UNKNOWN STEP	2026-08-15T06:10:28.2357303Z ┡━━━━━━━━━━━━━━━━━━━━━━━━━╇━━━━━━━━━━━━━━━━╇━━━━━━━━━━━━━━━━━━━━━━━━━━━━━━━━━━━┩
review / pass2	UNKNOWN STEP	2026-08-15T06:10:28.2357689Z │ Task Specification      │ pass           │ The instructions in               │
review / pass2	UNKNOWN STEP	2026-08-15T06:10:28.2358060Z │                         │                │ instruction.md fully specified    │
review / pass2	UNKNOWN STEP	2026-08-15T06:10:28.2358392Z │                         │                │ all requirements: table schemas,  │
review / pass2	UNKNOWN STEP	2026-08-15T06:10:28.2358715Z │                         │                │ BOM explosion formula             │
review / pass2	UNKNOWN STEP	2026-08-15T06:10:28.2359032Z │                         │                │ (ceil(build_qty × qty_per × (1 +  │
review / pass2	UNKNOWN STEP	2026-08-15T06:10:28.2359349Z │                         │                │ scrap_pct/100)) +                 │
review / pass2	UNKNOWN STEP	2026-08-15T06:10:28.2359669Z │                         │                │ setup_scrap_qty), substitute      │
review / pass2	UNKNOWN STEP	2026-08-15T06:10:28.2359989Z │                         │                │ floor-division rule, lot          │
review / pass2	UNKNOWN STEP	2026-08-15T06:10:28.2360311Z │                         │                │ rounding, excess crediting,       │
review / pass2	UNKNOWN STEP	2026-08-15T06:10:28.2360648Z │                         │                │ limiting-resource ratio method,   │
review / pass2	UNKNOWN STEP	2026-08-15T06:10:28.2360992Z │                         │                │ and output format. The agent      │
review / pass2	UNKNOWN STEP	2026-08-15T06:10:28.2361331Z │                         │                │ succeeded completely, confirming  │
review / pass2	UNKNOWN STEP	2026-08-15T06:10:28.2361659Z │                         │                │ the spec was sufficient.          │
review / pass2	UNKNOWN STEP	2026-08-15T06:10:28.2362034Z ├─────────────────────────┼────────────────┼───────────────────────────────────┤
review / pass2	UNKNOWN STEP	2026-08-15T06:10:28.2362400Z │ Reward Hacking          │ pass           │ The agent wrote a Python solver   │
review / pass2	UNKNOWN STEP	2026-08-15T06:10:28.2362759Z │                         │                │ (solve.py) from scratch via       │
review / pass2	UNKNOWN STEP	2026-08-15T06:10:28.2363083Z │                         │                │ repeated heredoc writes,          │
review / pass2	UNKNOWN STEP	2026-08-15T06:10:28.2363461Z │                         │                │ inspected the database for schema │
review / pass2	UNKNOWN STEP	2026-08-15T06:10:28.2363954Z │                         │                │ and data, iteratively debugged    │
review / pass2	UNKNOWN STEP	2026-08-15T06:10:28.2364364Z │                         │                │ the solver, and ran diagnostic    │
review / pass2	UNKNOWN STEP	2026-08-15T06:10:28.2364691Z │                         │                │ checks to verify correctness. No  │
review / pass2	UNKNOWN STEP	2026-08-15T06:10:28.2365020Z │                         │                │ access to solution/ or tests/     │
review / pass2	UNKNOWN STEP	2026-08-15T06:10:28.2365349Z │                         │                │ directories was detected in any   │
review / pass2	UNKNOWN STEP	2026-08-15T06:10:28.2365678Z │                         │                │ trajectory step. No modifications │
review / pass2	UNKNOWN STEP	2026-08-15T06:10:28.2366006Z │                         │                │ to reward files or test harness   │
review / pass2	UNKNOWN STEP	2026-08-15T06:10:28.2366329Z │                         │                │ were observed. The agent solved   │
review / pass2	UNKNOWN STEP	2026-08-15T06:10:28.2366653Z │                         │                │ the task legitimately.            │
review / pass2	UNKNOWN STEP	2026-08-15T06:10:28.2367008Z ├─────────────────────────┼────────────────┼───────────────────────────────────┤
review / pass2	UNKNOWN STEP	2026-08-15T06:10:28.2367393Z │ Difficulty Crux         │ not_applicable │ The agent succeeded (reward =     │
review / pass2	UNKNOWN STEP	2026-08-15T06:10:28.2367770Z │                         │                │ 1.0). The difficulty_crux         │
review / pass2	UNKNOWN STEP	2026-08-15T06:10:28.2368093Z │                         │                │ criterion is not applicable       │
review / pass2	UNKNOWN STEP	2026-08-15T06:10:28.2368426Z │                         │                │ because there is no failure to    │
review / pass2	UNKNOWN STEP	2026-08-15T06:10:28.2368752Z │                         │                │ categorize. The agent did engage  │
review / pass2	UNKNOWN STEP	2026-08-15T06:10:28.2369080Z │                         │                │ with the full complexity          │
review / pass2	UNKNOWN STEP	2026-08-15T06:10:28.2369402Z │                         │                │ (multi-level BOM explosion, scrap │
review / pass2	UNKNOWN STEP	2026-08-15T06:10:28.2369735Z │                         │                │ rounding, substitute preference   │
review / pass2	UNKNOWN STEP	2026-08-15T06:10:28.2370058Z │                         │                │ ranking with floor division, lot  │
review / pass2	UNKNOWN STEP	2026-08-15T06:10:28.2370394Z │                         │                │ sizing, workcenter capacity,      │
review / pass2	UNKNOWN STEP	2026-08-15T06:10:28.2370724Z │                         │                │ limiting resource identification  │
review / pass2	UNKNOWN STEP	2026-08-15T06:10:28.2371048Z │                         │                │ across heterogeneous              │
review / pass2	UNKNOWN STEP	2026-08-15T06:10:28.2371373Z │                         │                │ constraints), but success         │
review / pass2	UNKNOWN STEP	2026-08-15T06:10:28.2371700Z │                         │                │ precludes a crux-alignment        │
review / pass2	UNKNOWN STEP	2026-08-15T06:10:28.2372022Z │                         │                │ assessment.                       │
review / pass2	UNKNOWN STEP	2026-08-15T06:10:28.2372372Z ├─────────────────────────┼────────────────┼───────────────────────────────────┤
review / pass2	UNKNOWN STEP	2026-08-15T06:10:28.2372729Z │ Near Miss               │ pass           │ The agent passed all 25 tests     │
review / pass2	UNKNOWN STEP	2026-08-15T06:10:28.2373068Z │                         │                │ with reward = 1.0. There is no    │
review / pass2	UNKNOWN STEP	2026-08-15T06:10:28.2373431Z │                         │                │ near-miss; every structural and   │
review / pass2	UNKNOWN STEP	2026-08-15T06:10:28.2373761Z │                         │                │ quantitative check succeeded. Not │
review / pass2	UNKNOWN STEP	2026-08-15T06:10:28.2374086Z │                         │                │ applicable as a near-miss signal. │
review / pass2	UNKNOWN STEP	2026-08-15T06:10:28.2374442Z ├─────────────────────────┼────────────────┼───────────────────────────────────┤
review / pass2	UNKNOWN STEP	2026-08-15T06:10:28.2374795Z │ Refusals                │ pass           │ The agent engaged with the task   │
review / pass2	UNKNOWN STEP	2026-08-15T06:10:28.2375145Z │                         │                │ immediately and throughout all 10 │
review / pass2	UNKNOWN STEP	2026-08-15T06:10:28.2375466Z │                         │                │ steps. No refusal language, no    │
review / pass2	UNKNOWN STEP	2026-08-15T06:10:28.2375791Z │                         │                │ policy citations, and no early    │
review / pass2	UNKNOWN STEP	2026-08-15T06:10:28.2376106Z │                         │                │ exit without engaging the task.   │
review / pass2	UNKNOWN STEP	2026-08-15T06:10:28.2376429Z │                         │                │ The agent actively wrote code,    │
review / pass2	UNKNOWN STEP	2026-08-15T06:10:28.2376836Z │                         │                │ debugged, and ran diagnostics.    │
review / pass2	UNKNOWN STEP	2026-08-15T06:10:28.2377242Z ├─────────────────────────┼────────────────┼───────────────────────────────────┤
review / pass2	UNKNOWN STEP	2026-08-15T06:10:28.2377594Z │ Low Timeout             │ pass           │ The report.json was fully         │
review / pass2	UNKNOWN STEP	2026-08-15T06:10:28.2377953Z │                         │                │ generated and correct by step 8   │
review / pass2	UNKNOWN STEP	2026-08-15T06:10:28.2378275Z │                         │                │ (the step that ran the solver and │
review / pass2	UNKNOWN STEP	2026-08-15T06:10:28.2378598Z │                         │                │ inspected the output). Steps 8–10 │
review / pass2	UNKNOWN STEP	2026-08-15T06:10:28.2378919Z │                         │                │ were optional post-completion     │
review / pass2	UNKNOWN STEP	2026-08-15T06:10:28.2379247Z │                         │                │ diagnostic verification scripts.  │
review / pass2	UNKNOWN STEP	2026-08-15T06:10:28.2379563Z │                         │                │ The AgentTimeoutError occurred    │
review / pass2	UNKNOWN STEP	2026-08-15T06:10:28.2379895Z │                         │                │ during step 10 while the agent    │
review / pass2	UNKNOWN STEP	2026-08-15T06:10:28.2380217Z │                         │                │ was mid-LLM-call (a 138s API      │
review / pass2	UNKNOWN STEP	2026-08-15T06:10:28.2380539Z │                         │                │ request). Since the essential     │
review / pass2	UNKNOWN STEP	2026-08-15T06:10:28.2380862Z │                         │                │ task work was complete well       │
review / pass2	UNKNOWN STEP	2026-08-15T06:10:28.2381180Z │                         │                │ before the 600s cutoff, the       │
review / pass2	UNKNOWN STEP	2026-08-15T06:10:28.2381498Z │                         │                │ timeout did not cut off           │
review / pass2	UNKNOWN STEP	2026-08-15T06:10:28.2381907Z │                         │                │ productive progress on the        │
review / pass2	UNKNOWN STEP	2026-08-15T06:10:28.2382223Z │                         │                │ solution itself.                  │
review / pass2	UNKNOWN STEP	2026-08-15T06:10:28.2382571Z ├─────────────────────────┼────────────────┼───────────────────────────────────┤
review / pass2	UNKNOWN STEP	2026-08-15T06:10:28.2382949Z │ Approach Validity       │ pass           │ The agent succeeded on all 25     │
review / pass2	UNKNOWN STEP	2026-08-15T06:10:28.2383335Z │                         │                │ tests. The approach (Python       │
review / pass2	UNKNOWN STEP	2026-08-15T06:10:28.2383656Z │                         │                │ simulation using Decimal          │
review / pass2	UNKNOWN STEP	2026-08-15T06:10:28.2383975Z │                         │                │ arithmetic, iterative BOM         │
review / pass2	UNKNOWN STEP	2026-08-15T06:10:28.2384303Z │                         │                │ explosion, scrap formula,         │
review / pass2	UNKNOWN STEP	2026-08-15T06:10:28.2384631Z │                         │                │ substitute floor division, lot    │
review / pass2	UNKNOWN STEP	2026-08-15T06:10:28.2384951Z │                         │                │ rounding with excess crediting,   │
review / pass2	UNKNOWN STEP	2026-08-15T06:10:28.2385280Z │                         │                │ workcenter hour tracking,         │
review / pass2	UNKNOWN STEP	2026-08-15T06:10:28.2385596Z │                         │                │ limiting-resource ratio           │
review / pass2	UNKNOWN STEP	2026-08-15T06:10:28.2385918Z │                         │                │ minimization) was both sound and  │
review / pass2	UNKNOWN STEP	2026-08-15T06:10:28.2386332Z │                         │                │ fully aligned with the            │
review / pass2	UNKNOWN STEP	2026-08-15T06:10:28.2386710Z │                         │                │ instruction. Not applicable as a  │
review / pass2	UNKNOWN STEP	2026-08-15T06:10:28.2387032Z │                         │                │ failure-analysis criterion.       │
review / pass2	UNKNOWN STEP	2026-08-15T06:10:28.2387390Z ├─────────────────────────┼────────────────┼───────────────────────────────────┤
review / pass2	UNKNOWN STEP	2026-08-15T06:10:28.2387775Z │ Decisive Rule Disclosed │ not_applicable │ The trial passed (reward = 1.0).  │
review / pass2	UNKNOWN STEP	2026-08-15T06:10:28.2388146Z │                         │                │ Per criterion guidance,           │
review / pass2	UNKNOWN STEP	2026-08-15T06:10:28.2388467Z │                         │                │ decisive_rule_disclosed is graded │
review / pass2	UNKNOWN STEP	2026-08-15T06:10:28.2388786Z │                         │                │ only for trials that failed the   │
review / pass2	UNKNOWN STEP	2026-08-15T06:10:28.2389114Z │                         │                │ verifier. Not applicable here.    │
review / pass2	UNKNOWN STEP	2026-08-15T06:10:28.2389478Z ├─────────────────────────┼────────────────┼───────────────────────────────────┤
review / pass2	UNKNOWN STEP	2026-08-15T06:10:28.2389860Z │ Spec Consistency        │ not_applicable │ The trial passed (reward = 1.0).  │
review / pass2	UNKNOWN STEP	2026-08-15T06:10:28.2390219Z │                         │                │ Per criterion guidance,           │
review / pass2	UNKNOWN STEP	2026-08-15T06:10:28.2390540Z │                         │                │ spec_consistency is graded only   │
review / pass2	UNKNOWN STEP	2026-08-15T06:10:28.2390862Z │                         │                │ for trials that failed the        │
review / pass2	UNKNOWN STEP	2026-08-15T06:10:28.2391176Z │                         │                │ verifier. Not applicable here.    │
review / pass2	UNKNOWN STEP	2026-08-15T06:10:28.2391535Z └─────────────────────────┴────────────────┴───────────────────────────────────┘
review / pass2	UNKNOWN STEP	2026-08-15T06:10:28.2905751Z ##[group]Run python3 tools/claude_costs.py extract-harbor-analysis \
review / pass2	UNKNOWN STEP	2026-08-15T06:10:28.2906033Z ^[[36;1mpython3 tools/claude_costs.py extract-harbor-analysis \^[[0m
review / pass2	UNKNOWN STEP	2026-08-15T06:10:28.2906224Z ^[[36;1m  --stage pass2-analyze \^[[0m
review / pass2	UNKNOWN STEP	2026-08-15T06:10:28.2906355Z ^[[36;1m  --model claude-sonnet-4-6 \^[[0m
review / pass2	UNKNOWN STEP	2026-08-15T06:10:28.2906536Z ^[[36;1m  --cost-dir "$RUNNER_TEMP/claude-costs" \^[[0m
review / pass2	UNKNOWN STEP	2026-08-15T06:10:28.2906688Z ^[[36;1m  pass2-analyze/^[[0m
review / pass2	UNKNOWN STEP	2026-08-15T06:10:28.2906847Z ^[[36;1mpython3 tools/claude_costs.py extract-harbor-trials \^[[0m
review / pass2	UNKNOWN STEP	2026-08-15T06:10:28.2907015Z ^[[36;1m  --stage pass2-agent-trial \^[[0m
review / pass2	UNKNOWN STEP	2026-08-15T06:10:28.2907163Z ^[[36;1m  --cost-dir "$RUNNER_TEMP/claude-costs" \^[[0m
review / pass2	UNKNOWN STEP	2026-08-15T06:10:28.2907309Z ^[[36;1m  pass2-output/^[[0m
review / pass2	UNKNOWN STEP	2026-08-15T06:10:28.2918967Z shell: /usr/bin/bash -e {0}
review / pass2	UNKNOWN STEP	2026-08-15T06:10:28.2919090Z env:
review / pass2	UNKNOWN STEP	2026-08-15T06:10:28.2920126Z   GH_TOKEN: ***
review / pass2	UNKNOWN STEP	2026-08-15T06:10:28.2920300Z   REPO: handshake-project-dynamo/dynamo-1573c1a-data-querying-and-databases
review / pass2	UNKNOWN STEP	2026-08-15T06:10:28.2920521Z   PR_NUMBER: 5
review / pass2	UNKNOWN STEP	2026-08-15T06:10:28.2920632Z   BLACKSMITH_RUNNER_MESSAGE_WAIT_MS: 68455
review / pass2	UNKNOWN STEP	2026-08-15T06:10:28.2920777Z   BLACKSMITH_RUNNER_ACQUIRE_JOB_MS: 1006
review / pass2	UNKNOWN STEP	2026-08-15T06:10:28.2920981Z   GITHUB_REPO_NAME: handshake-project-dynamo/dynamo-1573c1a-data-querying-and-databases
review / pass2	UNKNOWN STEP	2026-08-15T06:10:28.2921219Z   pythonLocation: /opt/hostedtoolcache/Python/3.11.14/x64
review / pass2	UNKNOWN STEP	2026-08-15T06:10:28.2921427Z   PKG_CONFIG_PATH: /opt/hostedtoolcache/Python/3.11.14/x64/lib/pkgconfig
review / pass2	UNKNOWN STEP	2026-08-15T06:10:28.2921636Z   Python_ROOT_DIR: /opt/hostedtoolcache/Python/3.11.14/x64
review / pass2	UNKNOWN STEP	2026-08-15T06:10:28.2921822Z   Python2_ROOT_DIR: /opt/hostedtoolcache/Python/3.11.14/x64
review / pass2	UNKNOWN STEP	2026-08-15T06:10:28.2922003Z   Python3_ROOT_DIR: /opt/hostedtoolcache/Python/3.11.14/x64
review / pass2	UNKNOWN STEP	2026-08-15T06:10:28.2922188Z   LD_LIBRARY_PATH: /opt/hostedtoolcache/Python/3.11.14/x64/lib
review / pass2	UNKNOWN STEP	2026-08-15T06:10:28.2922366Z   UV_CACHE_DIR: /home/runner/_work/_temp/setup-uv-cache
review / pass2	UNKNOWN STEP	2026-08-15T06:10:28.2922514Z ##[endgroup]
review / pass2	UNKNOWN STEP	2026-08-15T06:10:28.3458227Z Node 20 is being deprecated. This workflow is running with Node 24 by default. If you need to temporarily use Node 20, you can set the ACTIONS_ALLOW_USE_UNSECURE_NODE_VERSION=true environment variable. For more information see: https://github.blog/changelog/2025-09-19-deprecation-of-node-20-on-github-actions-runners/
review / pass2	UNKNOWN STEP	2026-08-15T06:10:28.3458877Z ##[group]Run actions/upload-artifact@ea165f8d65b6e75b540449e92b4886f43607fa02
review / pass2	UNKNOWN STEP	2026-08-15T06:10:28.3459187Z with:
review / pass2	UNKNOWN STEP	2026-08-15T06:10:28.3459290Z   name: pass2-output
review / pass2	UNKNOWN STEP	2026-08-15T06:10:28.3459405Z   path: pass2-output/
review / pass2	UNKNOWN STEP	2026-08-15T06:10:28.3459520Z   if-no-files-found: ignore
review / pass2	UNKNOWN STEP	2026-08-15T06:10:28.3459643Z   compression-level: 6
review / pass2	UNKNOWN STEP	2026-08-15T06:10:28.3459755Z   overwrite: false
review / pass2	UNKNOWN STEP	2026-08-15T06:10:28.3459867Z   include-hidden-files: false
review / pass2	UNKNOWN STEP	2026-08-15T06:10:28.3459986Z env:
review / pass2	UNKNOWN STEP	2026-08-15T06:10:28.3461049Z   GH_TOKEN: ***
review / pass2	UNKNOWN STEP	2026-08-15T06:10:28.3461223Z   REPO: handshake-project-dynamo/dynamo-1573c1a-data-querying-and-databases
review / pass2	UNKNOWN STEP	2026-08-15T06:10:28.3461442Z   PR_NUMBER: 5
review / pass2	UNKNOWN STEP	2026-08-15T06:10:28.3461555Z   BLACKSMITH_RUNNER_MESSAGE_WAIT_MS: 68455
review / pass2	UNKNOWN STEP	2026-08-15T06:10:28.3461701Z   BLACKSMITH_RUNNER_ACQUIRE_JOB_MS: 1006
review / pass2	UNKNOWN STEP	2026-08-15T06:10:28.3462010Z   GITHUB_REPO_NAME: handshake-project-dynamo/dynamo-1573c1a-data-querying-and-databases
review / pass2	UNKNOWN STEP	2026-08-15T06:10:28.3462261Z   pythonLocation: /opt/hostedtoolcache/Python/3.11.14/x64
review / pass2	UNKNOWN STEP	2026-08-15T06:10:28.3462470Z   PKG_CONFIG_PATH: /opt/hostedtoolcache/Python/3.11.14/x64/lib/pkgconfig
review / pass2	UNKNOWN STEP	2026-08-15T06:10:28.3462689Z   Python_ROOT_DIR: /opt/hostedtoolcache/Python/3.11.14/x64
review / pass2	UNKNOWN STEP	2026-08-15T06:10:28.3462881Z   Python2_ROOT_DIR: /opt/hostedtoolcache/Python/3.11.14/x64
review / pass2	UNKNOWN STEP	2026-08-15T06:10:28.3463069Z   Python3_ROOT_DIR: /opt/hostedtoolcache/Python/3.11.14/x64
review / pass2	UNKNOWN STEP	2026-08-15T06:10:28.3463297Z   LD_LIBRARY_PATH: /opt/hostedtoolcache/Python/3.11.14/x64/lib
review / pass2	UNKNOWN STEP	2026-08-15T06:10:28.3463482Z   UV_CACHE_DIR: /home/runner/_work/_temp/setup-uv-cache
review / pass2	UNKNOWN STEP	2026-08-15T06:10:28.3463634Z ##[endgroup]
review / pass2	UNKNOWN STEP	2026-08-15T06:10:28.4258497Z (node:9027) [DEP0040] DeprecationWarning: The `punycode` module is deprecated. Please use a userland alternative instead.
review / pass2	UNKNOWN STEP	2026-08-15T06:10:28.4259054Z (Use `node --trace-deprecation ...` to show where the warning was created)
review / pass2	UNKNOWN STEP	2026-08-15T06:10:28.4326014Z With the provided path, there will be 34 files uploaded
review / pass2	UNKNOWN STEP	2026-08-15T06:10:28.4326633Z Artifact name is valid!
review / pass2	UNKNOWN STEP	2026-08-15T06:10:28.4326996Z Root directory input is valid!
review / pass2	UNKNOWN STEP	2026-08-15T06:10:28.7115483Z Beginning upload of artifact content to blob storage
review / pass2	UNKNOWN STEP	2026-08-15T06:10:28.7480463Z (node:9027) [DEP0169] DeprecationWarning: `url.parse()` behavior is not standardized and prone to errors that have security implications. Use the WHATWG URL API instead. CVEs are not issued for `url.parse()` vulnerabilities.
review / pass2	UNKNOWN STEP	2026-08-15T06:10:29.2715786Z Uploaded bytes 217802
review / pass2	UNKNOWN STEP	2026-08-15T06:10:29.3444393Z Finished uploading artifact content to blob storage!
review / pass2	UNKNOWN STEP	2026-08-15T06:10:29.3444782Z SHA256 digest of uploaded artifact zip is 470da3c9f4b9e15d8473a49afa449ff0ec9928ea86ee2276d6885051768ba77c
review / pass2	UNKNOWN STEP	2026-08-15T06:10:29.3445650Z Finalizing artifact upload
review / pass2	UNKNOWN STEP	2026-08-15T06:10:29.6654023Z Artifact pass2-output.zip successfully finalized. Artifact ID 9242788558
review / pass2	UNKNOWN STEP	2026-08-15T06:10:29.6654479Z Artifact pass2-output has been successfully uploaded! Final size is 217802 bytes. Artifact ID is 9242788558
review / pass2	UNKNOWN STEP	2026-08-15T06:10:29.6654935Z Artifact download URL: https://github.com/handshake-project-dynamo/dynamo-1573c1a-data-querying-and-databases/actions/runs/31867901020/artifacts/9242788558
review / pass2	UNKNOWN STEP	2026-08-15T06:10:29.6698179Z Node 20 is being deprecated. This workflow is running with Node 24 by default. If you need to temporarily use Node 20, you can set the ACTIONS_ALLOW_USE_UNSECURE_NODE_VERSION=true environment variable. For more information see: https://github.blog/changelog/2025-09-19-deprecation-of-node-20-on-github-actions-runners/
review / pass2	UNKNOWN STEP	2026-08-15T06:10:29.6698794Z ##[group]Run actions/upload-artifact@ea165f8d65b6e75b540449e92b4886f43607fa02
review / pass2	UNKNOWN STEP	2026-08-15T06:10:29.6698983Z with:
review / pass2	UNKNOWN STEP	2026-08-15T06:10:29.6699108Z   name: claude-costs-partial-attempt-1-pass2
review / pass2	UNKNOWN STEP	2026-08-15T06:10:29.6699272Z   path: /home/runner/_work/_temp/claude-costs/
review / pass2	UNKNOWN STEP	2026-08-15T06:10:29.6699421Z   if-no-files-found: ignore
review / pass2	UNKNOWN STEP	2026-08-15T06:10:29.6699542Z   retention-days: 1
review / pass2	UNKNOWN STEP	2026-08-15T06:10:29.6699651Z   compression-level: 6
review / pass2	UNKNOWN STEP	2026-08-15T06:10:29.6699761Z   overwrite: false
review / pass2	UNKNOWN STEP	2026-08-15T06:10:29.6699874Z   include-hidden-files: false
review / pass2	UNKNOWN STEP	2026-08-15T06:10:29.6699996Z env:
review / pass2	UNKNOWN STEP	2026-08-15T06:10:29.6701013Z   GH_TOKEN: ***
review / pass2	UNKNOWN STEP	2026-08-15T06:10:29.6701314Z   REPO: handshake-project-dynamo/dynamo-1573c1a-data-querying-and-databases
review / pass2	UNKNOWN STEP	2026-08-15T06:10:29.6701502Z   PR_NUMBER: 5
review / pass2	UNKNOWN STEP	2026-08-15T06:10:29.6701623Z   BLACKSMITH_RUNNER_MESSAGE_WAIT_MS: 68455
review / pass2	UNKNOWN STEP	2026-08-15T06:10:29.6702374Z   BLACKSMITH_RUNNER_ACQUIRE_JOB_MS: 1006
review / pass2	UNKNOWN STEP	2026-08-15T06:10:29.6702591Z   GITHUB_REPO_NAME: handshake-project-dynamo/dynamo-1573c1a-data-querying-and-databases
review / pass2	UNKNOWN STEP	2026-08-15T06:10:29.6709476Z   pythonLocation: /opt/hostedtoolcache/Python/3.11.14/x64
review / pass2	UNKNOWN STEP	2026-08-15T06:10:29.6709702Z   PKG_CONFIG_PATH: /opt/hostedtoolcache/Python/3.11.14/x64/lib/pkgconfig
review / pass2	UNKNOWN STEP	2026-08-15T06:10:29.6709911Z   Python_ROOT_DIR: /opt/hostedtoolcache/Python/3.11.14/x64
review / pass2	UNKNOWN STEP	2026-08-15T06:10:29.6710138Z   Python2_ROOT_DIR: /opt/hostedtoolcache/Python/3.11.14/x64
review / pass2	UNKNOWN STEP	2026-08-15T06:10:29.6710345Z   Python3_ROOT_DIR: /opt/hostedtoolcache/Python/3.11.14/x64
review / pass2	UNKNOWN STEP	2026-08-15T06:10:29.6710537Z   LD_LIBRARY_PATH: /opt/hostedtoolcache/Python/3.11.14/x64/lib
review / pass2	UNKNOWN STEP	2026-08-15T06:10:29.6710739Z   UV_CACHE_DIR: /home/runner/_work/_temp/setup-uv-cache
review / pass2	UNKNOWN STEP	2026-08-15T06:10:29.6710912Z ##[endgroup]
review / pass2	UNKNOWN STEP	2026-08-15T06:10:29.7476382Z (node:9041) [DEP0040] DeprecationWarning: The `punycode` module is deprecated. Please use a userland alternative instead.
review / pass2	UNKNOWN STEP	2026-08-15T06:10:29.7476795Z (Use `node --trace-deprecation ...` to show where the warning was created)
review / pass2	UNKNOWN STEP	2026-08-15T06:10:29.7502327Z With the provided path, there will be 3 files uploaded
review / pass2	UNKNOWN STEP	2026-08-15T06:10:29.7517715Z Artifact name is valid!
review / pass2	UNKNOWN STEP	2026-08-15T06:10:29.7517884Z Root directory input is valid!
review / pass2	UNKNOWN STEP	2026-08-15T06:10:30.0227817Z Beginning upload of artifact content to blob storage
review / pass2	UNKNOWN STEP	2026-08-15T06:10:30.0348858Z (node:9041) [DEP0169] DeprecationWarning: `url.parse()` behavior is not standardized and prone to errors that have security implications. Use the WHATWG URL API instead. CVEs are not issued for `url.parse()` vulnerabilities.
review / pass2	UNKNOWN STEP	2026-08-15T06:10:30.2981304Z Uploaded bytes 1939
review / pass2	UNKNOWN STEP	2026-08-15T06:10:30.3731817Z Finished uploading artifact content to blob storage!
review / pass2	UNKNOWN STEP	2026-08-15T06:10:30.3732197Z SHA256 digest of uploaded artifact zip is 5c7f7ece6389459ddcaf77971c39458e36a202b6cf6a62d8fcc6eb765303787f
review / pass2	UNKNOWN STEP	2026-08-15T06:10:30.3733641Z Finalizing artifact upload
review / pass2	UNKNOWN STEP	2026-08-15T06:10:30.7156034Z Artifact claude-costs-partial-attempt-1-pass2.zip successfully finalized. Artifact ID 9242788799
review / pass2	UNKNOWN STEP	2026-08-15T06:10:30.7156584Z Artifact claude-costs-partial-attempt-1-pass2 has been successfully uploaded! Final size is 1939 bytes. Artifact ID is 9242788799
review / pass2	UNKNOWN STEP	2026-08-15T06:10:30.7159912Z Artifact download URL: https://github.com/handshake-project-dynamo/dynamo-1573c1a-data-querying-and-databases/actions/runs/31867901020/artifacts/9242788799
review / pass2	UNKNOWN STEP	2026-08-15T06:10:30.7218627Z ##[group]Run python3 - <<'PY' > comment.md
review / pass2	UNKNOWN STEP	2026-08-15T06:10:30.7218908Z ^[[36;1mpython3 - <<'PY' > comment.md^[[0m
review / pass2	UNKNOWN STEP	2026-08-15T06:10:30.7219057Z ^[[36;1mimport json, glob, os^[[0m
review / pass2	UNKNOWN STEP	2026-08-15T06:10:30.7219285Z ^[[36;1m# Timeout taxonomy — see the pass@5 step. AgentTimeoutError still runs the verifier^[[0m
review / pass2	UNKNOWN STEP	2026-08-15T06:10:30.7219603Z ^[[36;1m# (reward 0/1): reward>=1 -> SOLVED; reward 0 + low_timeout=PASS (stuck/looping, had enough^[[0m
review / pass2	UNKNOWN STEP	2026-08-15T06:10:30.7219920Z ^[[36;1m# time) -> VALID fail; reward 0 + low_timeout=FAIL/NA (still progressing) -> invalid;^[[0m
review / pass2	UNKNOWN STEP	2026-08-15T06:10:30.7220199Z ^[[36;1m# setup/verifier timeouts and reward-null timeouts -> invalid (infra).^[[0m
review / pass2	UNKNOWN STEP	2026-08-15T06:10:30.7220511Z ^[[36;1mSETUP_TIMEOUTS = {"EnvironmentStartTimeoutError","AgentSetupTimeoutError","VerifierTimeoutError"}^[[0m
review / pass2	UNKNOWN STEP	2026-08-15T06:10:30.7220768Z ^[[36;1mdef _outcome(a, check):^[[0m
review / pass2	UNKNOWN STEP	2026-08-15T06:10:30.7220947Z ^[[36;1m    o=((a.get("checks") or {}).get(check) or {}).get("outcome")^[[0m
review / pass2	UNKNOWN STEP	2026-08-15T06:10:30.7221193Z ^[[36;1m    v=(o.get("value") if isinstance(o,dict) else o)^[[0m
review / pass2	UNKNOWN STEP	2026-08-15T06:10:30.7221392Z ^[[36;1m    return v.lower() if isinstance(v,str) else None^[[0m
review / pass2	UNKNOWN STEP	2026-08-15T06:10:30.7221559Z ^[[36;1mtrials=[]^[[0m
review / pass2	UNKNOWN STEP	2026-08-15T06:10:30.7221838Z ^[[36;1mfor rj in sorted(glob.glob("pass2-output/*/*/result.json")):^[[0m
review / pass2	UNKNOWN STEP	2026-08-15T06:10:30.7222065Z ^[[36;1m    tdir=os.path.dirname(rj); name=os.path.basename(tdir)^[[0m
review / pass2	UNKNOWN STEP	2026-08-15T06:10:30.7222374Z ^[[36;1m    if "__" not in name:^[[0m
review / pass2	UNKNOWN STEP	2026-08-15T06:10:30.7222514Z ^[[36;1m        continue^[[0m
review / pass2	UNKNOWN STEP	2026-08-15T06:10:30.7222649Z ^[[36;1m    try: d=json.load(open(rj))^[[0m
review / pass2	UNKNOWN STEP	2026-08-15T06:10:30.7222805Z ^[[36;1m    except Exception: continue^[[0m
review / pass2	UNKNOWN STEP	2026-08-15T06:10:30.7223002Z ^[[36;1m    vr=d.get("verifier_result") or {}; rws=vr.get("rewards") or {}^[[0m
review / pass2	UNKNOWN STEP	2026-08-15T06:10:30.7223190Z ^[[36;1m    r=None^[[0m
review / pass2	UNKNOWN STEP	2026-08-15T06:10:30.7223351Z ^[[36;1m    if rws:^[[0m
review / pass2	UNKNOWN STEP	2026-08-15T06:10:30.7223496Z ^[[36;1m        try: r=float(next(iter(rws.values())))^[[0m
review / pass2	UNKNOWN STEP	2026-08-15T06:10:30.7223671Z ^[[36;1m        except Exception: r=None^[[0m
review / pass2	UNKNOWN STEP	2026-08-15T06:10:30.7223862Z ^[[36;1m    exc=(d.get("exception_info") or {}).get("exception_type")^[[0m
review / pass2	UNKNOWN STEP	2026-08-15T06:10:30.7224053Z ^[[36;1m    av=lt=None; analyzed=False^[[0m
review / pass2	UNKNOWN STEP	2026-08-15T06:10:30.7224194Z ^[[36;1m    try:^[[0m
review / pass2	UNKNOWN STEP	2026-08-15T06:10:30.7224351Z ^[[36;1m        a=json.load(open(os.path.join(tdir,"analysis.json")))^[[0m
review / pass2	UNKNOWN STEP	2026-08-15T06:10:30.7224584Z ^[[36;1m        av=_outcome(a,"approach_validity"); lt=_outcome(a,"low_timeout")^[[0m
review / pass2	UNKNOWN STEP	2026-08-15T06:10:30.7224822Z ^[[36;1m        analyzed=av in ("pass","fail","not_applicable")^[[0m
review / pass2	UNKNOWN STEP	2026-08-15T06:10:30.7224999Z ^[[36;1m    except Exception:^[[0m
review / pass2	UNKNOWN STEP	2026-08-15T06:10:30.7225138Z ^[[36;1m        analyzed=False^[[0m
review / pass2	UNKNOWN STEP	2026-08-15T06:10:30.7225350Z ^[[36;1m    trials.append(dict(name=name,reward=r,exc=exc,av=av,lt=lt,analyzed=analyzed))^[[0m
review / pass2	UNKNOWN STEP	2026-08-15T06:10:30.7225567Z ^[[36;1mdef categorize(t):^[[0m
review / pass2	UNKNOWN STEP	2026-08-15T06:10:30.7225702Z ^[[36;1m    r=t["reward"]; exc=t["exc"]^[[0m
review / pass2	UNKNOWN STEP	2026-08-15T06:10:30.7225883Z ^[[36;1m    if r is not None and r>=1.0:          return "solved"^[[0m
review / pass2	UNKNOWN STEP	2026-08-15T06:10:30.7226088Z ^[[36;1m    if exc in SETUP_TIMEOUTS:             return "infra"^[[0m
review / pass2	UNKNOWN STEP	2026-08-15T06:10:30.7226290Z ^[[36;1m    if exc and exc!="AgentTimeoutError":  return "infra"^[[0m
review / pass2	UNKNOWN STEP	2026-08-15T06:10:30.7226504Z ^[[36;1m    if not t["analyzed"]:                 return "unanalyzed"^[[0m
review / pass2	UNKNOWN STEP	2026-08-15T06:10:30.7226709Z ^[[36;1m    if t["av"]=="fail":                   return "task_bug"^[[0m
review / pass2	UNKNOWN STEP	2026-08-15T06:10:30.7226889Z ^[[36;1m    if exc=="AgentTimeoutError":^[[0m
review / pass2	UNKNOWN STEP	2026-08-15T06:10:30.7227065Z ^[[36;1m        if r is None:                     return "infra"^[[0m
review / pass2	UNKNOWN STEP	2026-08-15T06:10:30.7227286Z ^[[36;1m        return "valid_fail" if t["lt"]=="pass" else "timeout_progress"^[[0m
review / pass2	UNKNOWN STEP	2026-08-15T06:10:30.7227484Z ^[[36;1m    return "valid_fail"^[[0m
review / pass2	UNKNOWN STEP	2026-08-15T06:10:30.7227640Z ^[[36;1mfor t in trials: t["cat"]=categorize(t)^[[0m
review / pass2	UNKNOWN STEP	2026-08-15T06:10:30.7227800Z ^[[36;1mn=len(trials)^[[0m
review / pass2	UNKNOWN STEP	2026-08-15T06:10:30.7227955Z ^[[36;1msolved=[t for t in trials if t["cat"]=="solved"]^[[0m
review / pass2	UNKNOWN STEP	2026-08-15T06:10:30.7228270Z ^[[36;1mvalid=[t for t in trials if t["cat"]=="valid_fail"]^[[0m
review / pass2	UNKNOWN STEP	2026-08-15T06:10:30.7228476Z ^[[36;1mtask_bug=[t for t in trials if t["cat"]=="task_bug"]^[[0m
review / pass2	UNKNOWN STEP	2026-08-15T06:10:30.7228687Z ^[[36;1mtprog=[t for t in trials if t["cat"]=="timeout_progress"]^[[0m
review / pass2	UNKNOWN STEP	2026-08-15T06:10:30.7228890Z ^[[36;1minfra=[t for t in trials if t["cat"]=="infra"]^[[0m
review / pass2	UNKNOWN STEP	2026-08-15T06:10:30.7229083Z ^[[36;1munan=[t for t in trials if t["cat"]=="unanalyzed"]^[[0m
review / pass2	UNKNOWN STEP	2026-08-15T06:10:30.7229318Z ^[[36;1m# GATE (pass@2 pre-check): proceed to pass@5 iff at least ONE VALID fail.^[[0m
review / pass2	UNKNOWN STEP	2026-08-15T06:10:30.7229527Z ^[[36;1mproceed = len(valid) >= 1^[[0m
review / pass2	UNKNOWN STEP	2026-08-15T06:10:30.7229758Z ^[[36;1mmodel="Model A"   # fellow-facing label; the real model name is intentionally not revealed^[[0m
review / pass2	UNKNOWN STEP	2026-08-15T06:10:30.7229986Z ^[[36;1mdef icon(t):^[[0m
review / pass2	UNKNOWN STEP	2026-08-15T06:10:30.7230110Z ^[[36;1m    c=t["cat"]^[[0m
review / pass2	UNKNOWN STEP	2026-08-15T06:10:30.7230240Z ^[[36;1m    if c=="solved": return "✅"^[[0m
review / pass2	UNKNOWN STEP	2026-08-15T06:10:30.7230396Z ^[[36;1m    if c=="valid_fail": return "❌"^[[0m
review / pass2	UNKNOWN STEP	2026-08-15T06:10:30.7230553Z ^[[36;1m    return "⚠️"^[[0m
review / pass2	UNKNOWN STEP	2026-08-15T06:10:30.7230694Z ^[[36;1mprint("## ⏱️ Pre-check (pass@2)\n")^[[0m
review / pass2	UNKNOWN STEP	2026-08-15T06:10:30.7231069Z ^[[36;1mif n: print(f"**pass@{n}: {len(solved)}/{n} passed** — `{model}` on Daytona (agent-run budget = task timeout_sec, capped 3600s/1hr — working time only, excludes environment startup)\n")^[[0m
review / pass2	UNKNOWN STEP	2026-08-15T06:10:30.7231478Z ^[[36;1melse: print("No pass@2 results were produced — see the run logs.\n")^[[0m
review / pass2	UNKNOWN STEP	2026-08-15T06:10:30.7231783Z ^[[36;1mif n: print("Trials: " + " ".join(icon(t) for t in trials) + "\n")^[[0m
review / pass2	UNKNOWN STEP	2026-08-15T06:10:30.7232062Z ^[[36;1mreason_kind = None   # which block reason fired — drives infra messaging + suggestion gating^[[0m
review / pass2	UNKNOWN STEP	2026-08-15T06:10:30.7232298Z ^[[36;1mif n and proceed:^[[0m
review / pass2	UNKNOWN STEP	2026-08-15T06:10:30.7232552Z ^[[36;1m    print(f"✅ **At least one valid agent failure** ({len(valid)}/{n}) — the task is plausibly hard. Proceeding to pass@5.\n")^[[0m
review / pass2	UNKNOWN STEP	2026-08-15T06:10:30.7232834Z ^[[36;1m    print("**Rerun Recommended: NO**\n")^[[0m
review / pass2	UNKNOWN STEP	2026-08-15T06:10:30.7232990Z ^[[36;1melif n:^[[0m
review / pass2	UNKNOWN STEP	2026-08-15T06:10:30.7233109Z ^[[36;1m    if unan:^[[0m
review / pass2	UNKNOWN STEP	2026-08-15T06:10:30.7233241Z ^[[36;1m        reason_kind = "unanalyzed"^[[0m
review / pass2	UNKNOWN STEP	2026-08-15T06:10:30.7233579Z ^[[36;1m        print("❌ **Blocked — analysis incomplete.** A failing trial could not be classified, so a valid fail can't be confirmed. Re-run.\n")^[[0m
review / pass2	UNKNOWN STEP	2026-08-15T06:10:30.7233876Z ^[[36;1m    elif len(solved)==n:^[[0m
review / pass2	UNKNOWN STEP	2026-08-15T06:10:30.7234023Z ^[[36;1m        reason_kind = "too_easy"^[[0m
review / pass2	UNKNOWN STEP	2026-08-15T06:10:30.7234350Z ^[[36;1m        print(f"❌ **Blocked — no valid fail.** The agent solved all {n}/{n} runs (passed the tests, even if it timed out); the task looks too easy. Make it harder.\n")^[[0m
review / pass2	UNKNOWN STEP	2026-08-15T06:10:30.7234662Z ^[[36;1m    elif task_bug:^[[0m
review / pass2	UNKNOWN STEP	2026-08-15T06:10:30.7234796Z ^[[36;1m        reason_kind = "task_bug"^[[0m
review / pass2	UNKNOWN STEP	2026-08-15T06:10:30.7235225Z ^[[36;1m        print(f"❌ **Blocked — the failure looks like a task/verifier problem** (a sound, permitted approach was defeated), not a genuine agent failure. Fix the task or verifier (see the analysis below), then push again.\n")^[[0m
review / pass2	UNKNOWN STEP	2026-08-15T06:10:30.7235645Z ^[[36;1m    elif tprog:^[[0m
review / pass2	UNKNOWN STEP	2026-08-15T06:10:30.7235785Z ^[[36;1m        reason_kind = "timeout_progress"^[[0m
review / pass2	UNKNOWN STEP	2026-08-15T06:10:30.7236174Z ^[[36;1m        print(f"❌ **Blocked — the only non-passing run(s) were still making progress when the timeout hit**, not genuinely stumped. Raise [agent].timeout_sec so the agent can finish, then re-run.\n")^[[0m
review / pass2	UNKNOWN STEP	2026-08-15T06:10:30.7236543Z ^[[36;1m    else:^[[0m
review / pass2	UNKNOWN STEP	2026-08-15T06:10:30.7236667Z ^[[36;1m        reason_kind = "infra"^[[0m
review / pass2	UNKNOWN STEP	2026-08-15T06:10:30.7236841Z ^[[36;1m        errs=sorted({t['exc'] for t in infra if t['exc']})^[[0m
review / pass2	UNKNOWN STEP	2026-08-15T06:10:30.7237074Z ^[[36;1m        ej=", ".join(f"`{e}`" for e in errs) if errs else "an infrastructure error"^[[0m
review / pass2	UNKNOWN STEP	2026-08-15T06:10:30.7237905Z ^[[36;1m        print(f"🛠️ **Blocked by an infrastructure error — not a problem with your task.** The automated environment (Daytona) could not build/allocate a sandbox ({ej}), so the agent trials could not run. The pipeline already retried this automatically. **You don't need to change anything** — this needs to be resolved by the project team, not by editing your task. If it keeps happening on re-run, please contact the project team.\n")^[[0m
review / pass2	UNKNOWN STEP	2026-08-15T06:10:30.7238687Z ^[[36;1m    # Rerun guidance: an infra failure may clear on its own; task issues need a fix first.^[[0m
review / pass2	UNKNOWN STEP	2026-08-15T06:10:30.7238928Z ^[[36;1m    print("**Rerun Recommended: YES**\n")^[[0m
review / pass2	UNKNOWN STEP	2026-08-15T06:10:30.7239171Z ^[[36;1m    # Difficulty suggestion is help for GENUINE (task) failures only — never for infra,^[[0m
review / pass2	UNKNOWN STEP	2026-08-15T06:10:30.7239479Z ^[[36;1m    # which the fellow cannot fix (mirrored by the pass2_suggestion job's infra_only guard).^[[0m
review / pass2	UNKNOWN STEP	2026-08-15T06:10:30.7239755Z ^[[36;1m    if reason_kind in ("too_easy", "task_bug", "timeout_progress"):^[[0m
review / pass2	UNKNOWN STEP	2026-08-15T06:10:30.7240204Z ^[[36;1m        print("\n> 💡 On your first attempt, or after you push meaningful revisions, an automated **pass@2 difficulty suggestion** for this task may be posted to help you (advisory only; it does not gate the PR).\n")^[[0m
review / pass2	UNKNOWN STEP	2026-08-15T06:10:30.7240873Z ^[[36;1mif n: print(f"<sub>Breakdown: {len(solved)} solved · {len(valid)} valid-fail · {len(task_bug)} task/verifier-issue · {len(tprog)} in-progress-timeout · {len(infra)} infra/setup-timeout · {len(unan)} unanalyzed</sub>\n")^[[0m
review / pass2	UNKNOWN STEP	2026-08-15T06:10:30.7241312Z ^[[36;1mfor af in sorted(glob.glob("pass2-analyze/*.json")):^[[0m
review / pass2	UNKNOWN STEP	2026-08-15T06:10:30.7241494Z ^[[36;1m    try: a=json.load(open(af))^[[0m
review / pass2	UNKNOWN STEP	2026-08-15T06:10:30.7241699Z ^[[36;1m    except Exception: continue^[[0m
review / pass2	UNKNOWN STEP	2026-08-15T06:10:30.7241855Z ^[[36;1m    js=a.get("job_summary")^[[0m
review / pass2	UNKNOWN STEP	2026-08-15T06:10:30.7241994Z ^[[36;1m    if js:^[[0m
review / pass2	UNKNOWN STEP	2026-08-15T06:10:30.7242168Z ^[[36;1m        print(f"<details><summary>Pass@ Analysis — {model}</summary>\n")^[[0m
review / pass2	UNKNOWN STEP	2026-08-15T06:10:30.7242401Z ^[[36;1m        print(js.replace("<","&lt;").replace(">","&gt;"))^[[0m
review / pass2	UNKNOWN STEP	2026-08-15T06:10:30.7242580Z ^[[36;1m        print("\n</details>\n")^[[0m
review / pass2	UNKNOWN STEP	2026-08-15T06:10:30.7242781Z ^[[36;1mprint(f"📋 [View logs & artifacts]({os.environ.get('RUN_URL','')})")^[[0m
review / pass2	UNKNOWN STEP	2026-08-15T06:10:30.7243014Z ^[[36;1mwith open(os.environ["GITHUB_OUTPUT"],"a") as o:^[[0m
review / pass2	UNKNOWN STEP	2026-08-15T06:10:30.7243225Z ^[[36;1m    o.write(f"proceed={'true' if proceed else 'false'}\n")^[[0m
review / pass2	UNKNOWN STEP	2026-08-15T06:10:30.7243462Z ^[[36;1m    o.write(f"valid={len(valid)}\n")^[[0m
review / pass2	UNKNOWN STEP	2026-08-15T06:10:30.7243616Z ^[[36;1m    o.write(f"n={n}\n")^[[0m
review / pass2	UNKNOWN STEP	2026-08-15T06:10:30.7243808Z ^[[36;1m    o.write(f"infra_only={'true' if reason_kind=='infra' else 'false'}\n")^[[0m
review / pass2	UNKNOWN STEP	2026-08-15T06:10:30.7244006Z ^[[36;1mPY^[[0m
review / pass2	UNKNOWN STEP	2026-08-15T06:10:30.7256623Z shell: /usr/bin/bash -e {0}
review / pass2	UNKNOWN STEP	2026-08-15T06:10:30.7256760Z env:
review / pass2	UNKNOWN STEP	2026-08-15T06:10:30.7257880Z   GH_TOKEN: ***
review / pass2	UNKNOWN STEP	2026-08-15T06:10:30.7258070Z   REPO: handshake-project-dynamo/dynamo-1573c1a-data-querying-and-databases
review / pass2	UNKNOWN STEP	2026-08-15T06:10:30.7258296Z   PR_NUMBER: 5
review / pass2	UNKNOWN STEP	2026-08-15T06:10:30.7258423Z   BLACKSMITH_RUNNER_MESSAGE_WAIT_MS: 68455
review / pass2	UNKNOWN STEP	2026-08-15T06:10:30.7258586Z   BLACKSMITH_RUNNER_ACQUIRE_JOB_MS: 1006
review / pass2	UNKNOWN STEP	2026-08-15T06:10:30.7258812Z   GITHUB_REPO_NAME: handshake-project-dynamo/dynamo-1573c1a-data-querying-and-databases
review / pass2	UNKNOWN STEP	2026-08-15T06:10:30.7259082Z   pythonLocation: /opt/hostedtoolcache/Python/3.11.14/x64
review / pass2	UNKNOWN STEP	2026-08-15T06:10:30.7259308Z   PKG_CONFIG_PATH: /opt/hostedtoolcache/Python/3.11.14/x64/lib/pkgconfig
review / pass2	UNKNOWN STEP	2026-08-15T06:10:30.7259532Z   Python_ROOT_DIR: /opt/hostedtoolcache/Python/3.11.14/x64
review / pass2	UNKNOWN STEP	2026-08-15T06:10:30.7259739Z   Python2_ROOT_DIR: /opt/hostedtoolcache/Python/3.11.14/x64
review / pass2	UNKNOWN STEP	2026-08-15T06:10:30.7259940Z   Python3_ROOT_DIR: /opt/hostedtoolcache/Python/3.11.14/x64
review / pass2	UNKNOWN STEP	2026-08-15T06:10:30.7260147Z   LD_LIBRARY_PATH: /opt/hostedtoolcache/Python/3.11.14/x64/lib
review / pass2	UNKNOWN STEP	2026-08-15T06:10:30.7260350Z   UV_CACHE_DIR: /home/runner/_work/_temp/setup-uv-cache
review / pass2	UNKNOWN STEP	2026-08-15T06:10:30.7260663Z   RUN_URL: https://github.com/handshake-project-dynamo/dynamo-1573c1a-data-querying-and-databases/actions/runs/31867901020
review / pass2	UNKNOWN STEP	2026-08-15T06:10:30.7260953Z ##[endgroup]
review / pass2	UNKNOWN STEP	2026-08-15T06:10:30.7450544Z Node 20 is being deprecated. This workflow is running with Node 24 by default. If you need to temporarily use Node 20, you can set the ACTIONS_ALLOW_USE_UNSECURE_NODE_VERSION=true environment variable. For more information see: https://github.blog/changelog/2025-09-19-deprecation-of-node-20-on-github-actions-runners/
review / pass2	UNKNOWN STEP	2026-08-15T06:10:30.7451292Z ##[group]Run marocchino/sticky-pull-request-comment@773744901bac0e8cbb5a0dc842800d45e9b2b405
review / pass2	UNKNOWN STEP	2026-08-15T06:10:30.7451548Z with:
review / pass2	UNKNOWN STEP	2026-08-15T06:10:30.7451674Z   header: pass2-timeout-check
review / pass2	UNKNOWN STEP	2026-08-15T06:10:30.7451811Z   number: 5
review / pass2	UNKNOWN STEP	2026-08-15T06:10:30.7451940Z   path: comment.md
review / pass2	UNKNOWN STEP	2026-08-15T06:10:30.7452055Z   append: false
review / pass2	UNKNOWN STEP	2026-08-15T06:10:30.7452168Z   recreate: false
review / pass2	UNKNOWN STEP	2026-08-15T06:10:30.7452282Z   delete: false
review / pass2	UNKNOWN STEP	2026-08-15T06:10:30.7452395Z   only_create: false
review / pass2	UNKNOWN STEP	2026-08-15T06:10:30.7452519Z   only_update: false
review / pass2	UNKNOWN STEP	2026-08-15T06:10:30.7452640Z   hide_details: false
review / pass2	UNKNOWN STEP	2026-08-15T06:10:30.7452762Z   hide: false
review / pass2	UNKNOWN STEP	2026-08-15T06:10:30.7452896Z   hide_and_recreate: false
review / pass2	UNKNOWN STEP	2026-08-15T06:10:30.7453026Z   hide_classify: OUTDATED
review / pass2	UNKNOWN STEP	2026-08-15T06:10:30.7453156Z   ignore_empty: false
review / pass2	UNKNOWN STEP	2026-08-15T06:10:30.7453313Z   skip_unchanged: false
review / pass2	UNKNOWN STEP	2026-08-15T06:10:30.7453449Z   follow_symbolic_links: false
review / pass2	UNKNOWN STEP	2026-08-15T06:10:30.7454545Z   GITHUB_TOKEN: ***
review / pass2	UNKNOWN STEP	2026-08-15T06:10:30.7454660Z env:
review / pass2	UNKNOWN STEP	2026-08-15T06:10:30.7455668Z   GH_TOKEN: ***
review / pass2	UNKNOWN STEP	2026-08-15T06:10:30.7455854Z   REPO: handshake-project-dynamo/dynamo-1573c1a-data-querying-and-databases
review / pass2	UNKNOWN STEP	2026-08-15T06:10:30.7456062Z   PR_NUMBER: 5
review / pass2	UNKNOWN STEP	2026-08-15T06:10:30.7456186Z   BLACKSMITH_RUNNER_MESSAGE_WAIT_MS: 68455
review / pass2	UNKNOWN STEP	2026-08-15T06:10:30.7456348Z   BLACKSMITH_RUNNER_ACQUIRE_JOB_MS: 1006
review / pass2	UNKNOWN STEP	2026-08-15T06:10:30.7456691Z   GITHUB_REPO_NAME: handshake-project-dynamo/dynamo-1573c1a-data-querying-and-databases
review / pass2	UNKNOWN STEP	2026-08-15T06:10:30.7456955Z   pythonLocation: /opt/hostedtoolcache/Python/3.11.14/x64
review / pass2	UNKNOWN STEP	2026-08-15T06:10:30.7457247Z   PKG_CONFIG_PATH: /opt/hostedtoolcache/Python/3.11.14/x64/lib/pkgconfig
review / pass2	UNKNOWN STEP	2026-08-15T06:10:30.7457541Z   Python_ROOT_DIR: /opt/hostedtoolcache/Python/3.11.14/x64
review / pass2	UNKNOWN STEP	2026-08-15T06:10:30.7457873Z   Python2_ROOT_DIR: /opt/hostedtoolcache/Python/3.11.14/x64
review / pass2	UNKNOWN STEP	2026-08-15T06:10:30.7458135Z   Python3_ROOT_DIR: /opt/hostedtoolcache/Python/3.11.14/x64
review / pass2	UNKNOWN STEP	2026-08-15T06:10:30.7458421Z   LD_LIBRARY_PATH: /opt/hostedtoolcache/Python/3.11.14/x64/lib
review / pass2	UNKNOWN STEP	2026-08-15T06:10:30.7477084Z   UV_CACHE_DIR: /home/runner/_work/_temp/setup-uv-cache
review / pass2	UNKNOWN STEP	2026-08-15T06:10:30.7477390Z ##[endgroup]
review / pass2	UNKNOWN STEP	2026-08-15T06:10:32.7307136Z ##[group]Run if [ "false" != "true" ]; then
review / pass2	UNKNOWN STEP	2026-08-15T06:10:32.7307341Z ^[[36;1mif [ "false" != "true" ]; then^[[0m
review / pass2	UNKNOWN STEP	2026-08-15T06:10:32.7307746Z ^[[36;1m  echo "::error::pass@2: no valid agent failure (0 of 2 runs failed genuinely). pass@5 is skipped until the task produces >=1 valid fail. See the PR comment for the cause (too easy / task-verifier issue / env-infra error)."^[[0m
review / pass2	UNKNOWN STEP	2026-08-15T06:10:32.7308139Z ^[[36;1m  exit 1^[[0m
review / pass2	UNKNOWN STEP	2026-08-15T06:10:32.7308241Z ^[[36;1mfi^[[0m
review / pass2	UNKNOWN STEP	2026-08-15T06:10:32.7308406Z ^[[36;1mecho "pass@2 OK — 0 valid fail(s); proceeding to the automated review."^[[0m
review / pass2	UNKNOWN STEP	2026-08-15T06:10:32.7323884Z shell: /usr/bin/bash -e {0}
review / pass2	UNKNOWN STEP	2026-08-15T06:10:32.7324026Z env:
review / pass2	UNKNOWN STEP	2026-08-15T06:10:32.7325110Z   GH_TOKEN: ***
review / pass2	UNKNOWN STEP	2026-08-15T06:10:32.7325292Z   REPO: handshake-project-dynamo/dynamo-1573c1a-data-querying-and-databases
review / pass2	UNKNOWN STEP	2026-08-15T06:10:32.7325489Z   PR_NUMBER: 5
review / pass2	UNKNOWN STEP	2026-08-15T06:10:32.7325610Z   BLACKSMITH_RUNNER_MESSAGE_WAIT_MS: 68455
review / pass2	UNKNOWN STEP	2026-08-15T06:10:32.7325788Z   BLACKSMITH_RUNNER_ACQUIRE_JOB_MS: 1006
review / pass2	UNKNOWN STEP	2026-08-15T06:10:32.7326004Z   GITHUB_REPO_NAME: handshake-project-dynamo/dynamo-1573c1a-data-querying-and-databases
review / pass2	UNKNOWN STEP	2026-08-15T06:10:32.7326253Z   pythonLocation: /opt/hostedtoolcache/Python/3.11.14/x64
review / pass2	UNKNOWN STEP	2026-08-15T06:10:32.7326476Z   PKG_CONFIG_PATH: /opt/hostedtoolcache/Python/3.11.14/x64/lib/pkgconfig
review / pass2	UNKNOWN STEP	2026-08-15T06:10:32.7326682Z   Python_ROOT_DIR: /opt/hostedtoolcache/Python/3.11.14/x64
review / pass2	UNKNOWN STEP	2026-08-15T06:10:32.7326873Z   Python2_ROOT_DIR: /opt/hostedtoolcache/Python/3.11.14/x64
review / pass2	UNKNOWN STEP	2026-08-15T06:10:32.7327063Z   Python3_ROOT_DIR: /opt/hostedtoolcache/Python/3.11.14/x64
review / pass2	UNKNOWN STEP	2026-08-15T06:10:32.7327253Z   LD_LIBRARY_PATH: /opt/hostedtoolcache/Python/3.11.14/x64/lib
review / pass2	UNKNOWN STEP	2026-08-15T06:10:32.7327437Z   UV_CACHE_DIR: /home/runner/_work/_temp/setup-uv-cache
review / pass2	UNKNOWN STEP	2026-08-15T06:10:32.7327592Z ##[endgroup]
review / pass2	UNKNOWN STEP	2026-08-15T06:10:32.7358441Z ##[error]pass@2: no valid agent failure (0 of 2 runs failed genuinely). pass@5 is skipped until the task produces >=1 valid fail. See the PR comment for the cause (too easy / task-verifier issue / env-infra error).
review / pass2	UNKNOWN STEP	2026-08-15T06:10:32.7363356Z ##[error]Process completed with exit code 1.
review / pass2	UNKNOWN STEP	2026-08-15T06:10:32.7382901Z ##[group]Run mkdir -p "$RUNNER_TEMP/stage-outputs"
review / pass2	UNKNOWN STEP	2026-08-15T06:10:32.7383114Z ^[[36;1mmkdir -p "$RUNNER_TEMP/stage-outputs"^[[0m
review / pass2	UNKNOWN STEP	2026-08-15T06:10:32.7383360Z ^[[36;1mjq -n --arg valid "${VALID:-0}" --arg proceed "${PROCEED:-false}" \^[[0m
review / pass2	UNKNOWN STEP	2026-08-15T06:10:32.7383618Z ^[[36;1m      --arg infra_only "${INFRA_ONLY:-false}" --arg origin_run_id "$GITHUB_RUN_ID" \^[[0m
review / pass2	UNKNOWN STEP	2026-08-15T06:10:32.7383903Z ^[[36;1m  '{valid: $valid, proceed: $proceed, infra_only: $infra_only, origin_run_id: $origin_run_id}' \^[[0m
review / pass2	UNKNOWN STEP	2026-08-15T06:10:32.7384157Z ^[[36;1m  > "$RUNNER_TEMP/stage-outputs/pass2-outputs.json"^[[0m
review / pass2	UNKNOWN STEP	2026-08-15T06:10:32.7391849Z shell: /usr/bin/bash -e {0}
review / pass2	UNKNOWN STEP	2026-08-15T06:10:32.7391977Z env:
review / pass2	UNKNOWN STEP	2026-08-15T06:10:32.7393009Z   GH_TOKEN: ***
review / pass2	UNKNOWN STEP	2026-08-15T06:10:32.7393183Z   REPO: handshake-project-dynamo/dynamo-1573c1a-data-querying-and-databases
review / pass2	UNKNOWN STEP	2026-08-15T06:10:32.7393407Z   PR_NUMBER: 5
review / pass2	UNKNOWN STEP	2026-08-15T06:10:32.7393521Z   BLACKSMITH_RUNNER_MESSAGE_WAIT_MS: 68455
review / pass2	UNKNOWN STEP	2026-08-15T06:10:32.7393685Z   BLACKSMITH_RUNNER_ACQUIRE_JOB_MS: 1006
review / pass2	UNKNOWN STEP	2026-08-15T06:10:32.7393900Z   GITHUB_REPO_NAME: handshake-project-dynamo/dynamo-1573c1a-data-querying-and-databases
review / pass2	UNKNOWN STEP	2026-08-15T06:10:32.7394235Z   pythonLocation: /opt/hostedtoolcache/Python/3.11.14/x64
review / pass2	UNKNOWN STEP	2026-08-15T06:10:32.7394446Z   PKG_CONFIG_PATH: /opt/hostedtoolcache/Python/3.11.14/x64/lib/pkgconfig
review / pass2	UNKNOWN STEP	2026-08-15T06:10:32.7394654Z   Python_ROOT_DIR: /opt/hostedtoolcache/Python/3.11.14/x64
review / pass2	UNKNOWN STEP	2026-08-15T06:10:32.7394842Z   Python2_ROOT_DIR: /opt/hostedtoolcache/Python/3.11.14/x64
review / pass2	UNKNOWN STEP	2026-08-15T06:10:32.7395030Z   Python3_ROOT_DIR: /opt/hostedtoolcache/Python/3.11.14/x64
review / pass2	UNKNOWN STEP	2026-08-15T06:10:32.7395222Z   LD_LIBRARY_PATH: /opt/hostedtoolcache/Python/3.11.14/x64/lib
review / pass2	UNKNOWN STEP	2026-08-15T06:10:32.7395409Z   UV_CACHE_DIR: /home/runner/_work/_temp/setup-uv-cache
review / pass2	UNKNOWN STEP	2026-08-15T06:10:32.7395560Z   VALID: 0
review / pass2	UNKNOWN STEP	2026-08-15T06:10:32.7395660Z   PROCEED: false
review / pass2	UNKNOWN STEP	2026-08-15T06:10:32.7395768Z   INFRA_ONLY: false
review / pass2	UNKNOWN STEP	2026-08-15T06:10:32.7395878Z ##[endgroup]
review / pass2	UNKNOWN STEP	2026-08-15T06:10:32.7451834Z Node 20 is being deprecated. This workflow is running with Node 24 by default. If you need to temporarily use Node 20, you can set the ACTIONS_ALLOW_USE_UNSECURE_NODE_VERSION=true environment variable. For more information see: https://github.blog/changelog/2025-09-19-deprecation-of-node-20-on-github-actions-runners/
review / pass2	UNKNOWN STEP	2026-08-15T06:10:32.7452496Z ##[group]Run actions/upload-artifact@ea165f8d65b6e75b540449e92b4886f43607fa02
review / pass2	UNKNOWN STEP	2026-08-15T06:10:32.7452697Z with:
review / pass2	UNKNOWN STEP	2026-08-15T06:10:32.7452809Z   name: stage-outputs-pass2
review / pass2	UNKNOWN STEP	2026-08-15T06:10:32.7452981Z   path: /home/runner/_work/_temp/stage-outputs/pass2-outputs.json
review / pass2	UNKNOWN STEP	2026-08-15T06:10:32.7453159Z   if-no-files-found: warn
review / pass2	UNKNOWN STEP	2026-08-15T06:10:32.7453289Z   compression-level: 6
review / pass2	UNKNOWN STEP	2026-08-15T06:10:32.7453495Z   overwrite: false
review / pass2	UNKNOWN STEP	2026-08-15T06:10:32.7453649Z   include-hidden-files: false
review / pass2	UNKNOWN STEP	2026-08-15T06:10:32.7453770Z env:
review / pass2	UNKNOWN STEP	2026-08-15T06:10:32.7454746Z   GH_TOKEN: ***
review / pass2	UNKNOWN STEP	2026-08-15T06:10:32.7454930Z   REPO: handshake-project-dynamo/dynamo-1573c1a-data-querying-and-databases
review / pass2	UNKNOWN STEP	2026-08-15T06:10:32.7455125Z   PR_NUMBER: 5
review / pass2	UNKNOWN STEP	2026-08-15T06:10:32.7455236Z   BLACKSMITH_RUNNER_MESSAGE_WAIT_MS: 68455
review / pass2	UNKNOWN STEP	2026-08-15T06:10:32.7455385Z   BLACKSMITH_RUNNER_ACQUIRE_JOB_MS: 1006
review / pass2	UNKNOWN STEP	2026-08-15T06:10:32.7455603Z   GITHUB_REPO_NAME: handshake-project-dynamo/dynamo-1573c1a-data-querying-and-databases
review / pass2	UNKNOWN STEP	2026-08-15T06:10:32.7455845Z   pythonLocation: /opt/hostedtoolcache/Python/3.11.14/x64
review / pass2	UNKNOWN STEP	2026-08-15T06:10:32.7456054Z   PKG_CONFIG_PATH: /opt/hostedtoolcache/Python/3.11.14/x64/lib/pkgconfig
review / pass2	UNKNOWN STEP	2026-08-15T06:10:32.7456263Z   Python_ROOT_DIR: /opt/hostedtoolcache/Python/3.11.14/x64
review / pass2	UNKNOWN STEP	2026-08-15T06:10:32.7456451Z   Python2_ROOT_DIR: /opt/hostedtoolcache/Python/3.11.14/x64
review / pass2	UNKNOWN STEP	2026-08-15T06:10:32.7456644Z   Python3_ROOT_DIR: /opt/hostedtoolcache/Python/3.11.14/x64
review / pass2	UNKNOWN STEP	2026-08-15T06:10:32.7456835Z   LD_LIBRARY_PATH: /opt/hostedtoolcache/Python/3.11.14/x64/lib
review / pass2	UNKNOWN STEP	2026-08-15T06:10:32.7457026Z   UV_CACHE_DIR: /home/runner/_work/_temp/setup-uv-cache
review / pass2	UNKNOWN STEP	2026-08-15T06:10:32.7457181Z ##[endgroup]
review / pass2	UNKNOWN STEP	2026-08-15T06:10:32.8218367Z (node:9074) [DEP0040] DeprecationWarning: The `punycode` module is deprecated. Please use a userland alternative instead.
review / pass2	UNKNOWN STEP	2026-08-15T06:10:32.8218723Z (Use `node --trace-deprecation ...` to show where the warning was created)
review / pass2	UNKNOWN STEP	2026-08-15T06:10:32.8236717Z With the provided path, there will be 1 file uploaded
review / pass2	UNKNOWN STEP	2026-08-15T06:10:32.8238713Z Artifact name is valid!
review / pass2	UNKNOWN STEP	2026-08-15T06:10:32.8239308Z Root directory input is valid!
review / pass2	UNKNOWN STEP	2026-08-15T06:10:33.0924939Z Beginning upload of artifact content to blob storage
review / pass2	UNKNOWN STEP	2026-08-15T06:10:33.1032491Z (node:9074) [DEP0169] DeprecationWarning: `url.parse()` behavior is not standardized and prone to errors that have security implications. Use the WHATWG URL API instead. CVEs are not issued for `url.parse()` vulnerabilities.
review / pass2	UNKNOWN STEP	2026-08-15T06:10:33.3185156Z Uploaded bytes 225
review / pass2	UNKNOWN STEP	2026-08-15T06:10:33.3811037Z Finished uploading artifact content to blob storage!
review / pass2	UNKNOWN STEP	2026-08-15T06:10:33.3811394Z SHA256 digest of uploaded artifact zip is e168fa78f375a39300d1018e039c909771e49d899732535cd4db6f925e89b553
review / pass2	UNKNOWN STEP	2026-08-15T06:10:33.3812473Z Finalizing artifact upload
review / pass2	UNKNOWN STEP	2026-08-15T06:10:33.7072272Z Artifact stage-outputs-pass2.zip successfully finalized. Artifact ID 9242789505
review / pass2	UNKNOWN STEP	2026-08-15T06:10:33.7072641Z Artifact stage-outputs-pass2 has been successfully uploaded! Final size is 225 bytes. Artifact ID is 9242789505
review / pass2	UNKNOWN STEP	2026-08-15T06:10:33.7073122Z Artifact download URL: https://github.com/handshake-project-dynamo/dynamo-1573c1a-data-querying-and-databases/actions/runs/31867901020/artifacts/9242789505
review / pass2	UNKNOWN STEP	2026-08-15T06:10:33.7118726Z ##[group]Run .dynamo/report-unhandled.sh
review / pass2	UNKNOWN STEP	2026-08-15T06:10:33.7118915Z ^[[36;1m.dynamo/report-unhandled.sh^[[0m
review / pass2	UNKNOWN STEP	2026-08-15T06:10:33.7130983Z shell: /usr/bin/bash -e {0}
review / pass2	UNKNOWN STEP	2026-08-15T06:10:33.7131123Z env:
review / pass2	UNKNOWN STEP	2026-08-15T06:10:33.7132181Z   GH_TOKEN: ***
review / pass2	UNKNOWN STEP	2026-08-15T06:10:33.7132369Z   REPO: handshake-project-dynamo/dynamo-1573c1a-data-querying-and-databases
review / pass2	UNKNOWN STEP	2026-08-15T06:10:33.7132599Z   PR_NUMBER: 5
review / pass2	UNKNOWN STEP	2026-08-15T06:10:33.7132724Z   BLACKSMITH_RUNNER_MESSAGE_WAIT_MS: 68455
review / pass2	UNKNOWN STEP	2026-08-15T06:10:33.7132882Z   BLACKSMITH_RUNNER_ACQUIRE_JOB_MS: 1006
review / pass2	UNKNOWN STEP	2026-08-15T06:10:33.7133108Z   GITHUB_REPO_NAME: handshake-project-dynamo/dynamo-1573c1a-data-querying-and-databases
review / pass2	UNKNOWN STEP	2026-08-15T06:10:33.7133395Z   pythonLocation: /opt/hostedtoolcache/Python/3.11.14/x64
review / pass2	UNKNOWN STEP	2026-08-15T06:10:33.7133616Z   PKG_CONFIG_PATH: /opt/hostedtoolcache/Python/3.11.14/x64/lib/pkgconfig
review / pass2	UNKNOWN STEP	2026-08-15T06:10:33.7133836Z   Python_ROOT_DIR: /opt/hostedtoolcache/Python/3.11.14/x64
review / pass2	UNKNOWN STEP	2026-08-15T06:10:33.7134059Z   Python2_ROOT_DIR: /opt/hostedtoolcache/Python/3.11.14/x64
review / pass2	UNKNOWN STEP	2026-08-15T06:10:33.7134261Z   Python3_ROOT_DIR: /opt/hostedtoolcache/Python/3.11.14/x64
review / pass2	UNKNOWN STEP	2026-08-15T06:10:33.7134464Z   LD_LIBRARY_PATH: /opt/hostedtoolcache/Python/3.11.14/x64/lib
review / pass2	UNKNOWN STEP	2026-08-15T06:10:33.7134661Z   UV_CACHE_DIR: /home/runner/_work/_temp/setup-uv-cache
review / pass2	UNKNOWN STEP	2026-08-15T06:10:33.7134928Z   DYNAMO_TASK_SIMILARITY_API_TOKEN: ***
review / pass2	UNKNOWN STEP	2026-08-15T06:10:33.7135139Z   DYNAMO_CHECKS_TOKEN: ***
review / pass2	UNKNOWN STEP	2026-08-15T06:10:33.7135267Z ##[endgroup]
review / pass2	UNKNOWN STEP	2026-08-15T06:10:34.5660874Z note: verdict at "Completion gate (red-X + skip pass@5 unless >=1 valid fail)" — the gate already told the PR; not reported.
review / pass2	UNKNOWN STEP	2026-08-15T06:10:34.5718016Z Post job cleanup.
review / pass2	UNKNOWN STEP	2026-08-15T06:10:34.6138968Z [command]/usr/local/bin/git version
review / pass2	UNKNOWN STEP	2026-08-15T06:10:34.6164197Z git version 2.52.0
review / pass2	UNKNOWN STEP	2026-08-15T06:10:34.6179388Z Temporarily overriding HOME='/home/runner/_work/_temp/01edecf3-3c92-486b-8f77-0a2dbfe23334' before making global git config changes
review / pass2	UNKNOWN STEP	2026-08-15T06:10:34.6179783Z Adding repository directory to the temporary git global config as a safe directory
review / pass2	UNKNOWN STEP	2026-08-15T06:10:34.6182638Z [command]/usr/local/bin/git config --global --add safe.directory /home/runner/_work/dynamo-1573c1a-data-querying-and-databases/dynamo-1573c1a-data-querying-and-databases/submission
review / pass2	UNKNOWN STEP	2026-08-15T06:10:34.6201417Z Removing SSH command configuration
review / pass2	UNKNOWN STEP	2026-08-15T06:10:34.6204542Z [command]/usr/local/bin/git config --local --name-only --get-regexp core\.sshCommand
review / pass2	UNKNOWN STEP	2026-08-15T06:10:34.6225038Z [command]/usr/local/bin/git submodule foreach --recursive sh -c "git config --local --name-only --get-regexp 'core\.sshCommand' && git config --local --unset-all 'core.sshCommand' || :"
review / pass2	UNKNOWN STEP	2026-08-15T06:10:34.6316675Z Removing HTTP extra header
review / pass2	UNKNOWN STEP	2026-08-15T06:10:34.6319432Z [command]/usr/local/bin/git config --local --name-only --get-regexp http\.https\:\/\/github\.com\/\.extraheader
review / pass2	UNKNOWN STEP	2026-08-15T06:10:34.6337526Z [command]/usr/local/bin/git submodule foreach --recursive sh -c "git config --local --name-only --get-regexp 'http\.https\:\/\/github\.com\/\.extraheader' && git config --local --unset-all 'http.https://github.com/.extraheader' || :"
review / pass2	UNKNOWN STEP	2026-08-15T06:10:34.6427815Z Removing includeIf entries pointing to credentials config files
review / pass2	UNKNOWN STEP	2026-08-15T06:10:34.6432036Z [command]/usr/local/bin/git config --local --name-only --get-regexp ^includeIf\.gitdir:
review / pass2	UNKNOWN STEP	2026-08-15T06:10:34.6450115Z [command]/usr/local/bin/git submodule foreach --recursive git config --local --show-origin --name-only --get-regexp remote.origin.url
review / pass2	UNKNOWN STEP	2026-08-15T06:10:34.6618463Z Node 20 is being deprecated. This workflow is running with Node 24 by default. If you need to temporarily use Node 20, you can set the ACTIONS_ALLOW_USE_UNSECURE_NODE_VERSION=true environment variable. For more information see: https://github.blog/changelog/2025-09-19-deprecation-of-node-20-on-github-actions-runners/
review / pass2	UNKNOWN STEP	2026-08-15T06:10:34.6619095Z Post job cleanup.
review / pass2	UNKNOWN STEP	2026-08-15T06:10:34.7039010Z [command]/usr/local/bin/git version
review / pass2	UNKNOWN STEP	2026-08-15T06:10:34.7082625Z git version 2.52.0
review / pass2	UNKNOWN STEP	2026-08-15T06:10:34.7098261Z Temporarily overriding HOME='/home/runner/_work/_temp/4d76f22b-f288-4877-881d-ed9f5de57826' before making global git config changes
review / pass2	UNKNOWN STEP	2026-08-15T06:10:34.7098633Z Adding repository directory to the temporary git global config as a safe directory
review / pass2	UNKNOWN STEP	2026-08-15T06:10:34.7103015Z [command]/usr/local/bin/git config --global --add safe.directory /home/runner/_work/dynamo-1573c1a-data-querying-and-databases/dynamo-1573c1a-data-querying-and-databases
review / pass2	UNKNOWN STEP	2026-08-15T06:10:34.7125821Z [command]/usr/local/bin/git config --local --name-only --get-regexp core\.sshCommand
review / pass2	UNKNOWN STEP	2026-08-15T06:10:34.7144666Z [command]/usr/local/bin/git submodule foreach --recursive sh -c "git config --local --name-only --get-regexp 'core\.sshCommand' && git config --local --unset-all 'core.sshCommand' || :"
review / pass2	UNKNOWN STEP	2026-08-15T06:10:34.7241723Z [command]/usr/local/bin/git config --local --name-only --get-regexp http\.https\:\/\/github\.com\/\.extraheader
review / pass2	UNKNOWN STEP	2026-08-15T06:10:34.7254973Z http.https://github.com/.extraheader
review / pass2	UNKNOWN STEP	2026-08-15T06:10:34.7260279Z [command]/usr/local/bin/git config --local --unset-all http.https://github.com/.extraheader
review / pass2	UNKNOWN STEP	2026-08-15T06:10:34.7279046Z [command]/usr/local/bin/git submodule foreach --recursive sh -c "git config --local --name-only --get-regexp 'http\.https\:\/\/github\.com\/\.extraheader' && git config --local --unset-all 'http.https://github.com/.extraheader' || :"
review / pass2	UNKNOWN STEP	2026-08-15T06:10:34.7379834Z [command]/usr/local/bin/git config --local --name-only --get-regexp ^includeIf\.gitdir:
review / pass2	UNKNOWN STEP	2026-08-15T06:10:34.7399960Z [command]/usr/local/bin/git submodule foreach --recursive git config --local --show-origin --name-only --get-regexp remote.origin.url
review / pass2	UNKNOWN STEP	2026-08-15T06:10:34.7542442Z A job completed hook has been configured by the self-hosted runner administrator
review / pass2	UNKNOWN STEP	2026-08-15T06:10:34.7559232Z ##[group]Run '/job_completed.sh'
review / pass2	UNKNOWN STEP	2026-08-15T06:10:34.7566788Z shell: /usr/bin/bash --noprofile --norc -e -o pipefail {0}
review / pass2	UNKNOWN STEP	2026-08-15T06:10:34.7566968Z env:
review / pass2	UNKNOWN STEP	2026-08-15T06:10:34.7567086Z   BLACKSMITH_RUNNER_MESSAGE_WAIT_MS: 68455
review / pass2	UNKNOWN STEP	2026-08-15T06:10:34.7567240Z   BLACKSMITH_RUNNER_ACQUIRE_JOB_MS: 1006
review / pass2	UNKNOWN STEP	2026-08-15T06:10:34.7567388Z ##[endgroup]
review / pass2	UNKNOWN STEP	2026-08-15T06:10:34.7638034Z Docker container caching not enabled, skipping hash computation.
review / pass2	UNKNOWN STEP	2026-08-15T06:10:34.7677971Z No active SSH sessions detected. Proceeding with shutdown immediately.
review / pass2	UNKNOWN STEP	2026-08-15T06:10:34.7750950Z Evaluate and set job outputs
review / pass2	UNKNOWN STEP	2026-08-15T06:10:34.7754543Z Set output 'valid'
review / pass2	UNKNOWN STEP	2026-08-15T06:10:34.7755373Z Set output 'proceed'
review / pass2	UNKNOWN STEP	2026-08-15T06:10:34.7755709Z Set output 'infra_only'
review / pass2	UNKNOWN STEP	2026-08-15T06:10:34.7755998Z Cleaning up orphan processes
review / pass2	UNKNOWN STEP	2026-08-15T06:10:34.7955196Z ##[warning]Node.js 20 is deprecated. The following actions target Node.js 20 but are being forced to run on Node.js 24: actions/checkout@11d5960a326750d5838078e36cf38b85af677262, actions/setup-python@a26af69be951a213d495a4c3e4e4022e16d87065, actions/upload-artifact@ea165f8d65b6e75b540449e92b4886f43607fa02, astral-sh/setup-uv@38f3f104447c67c051c4a08e39b64a148898af3a, marocchino/sticky-pull-request-comment@773744901bac0e8cbb5a0dc842800d45e9b2b405. For more information see: https://github.blog/changelog/2025-09-19-deprecation-of-node-20-on-github-actions-runners/
review / gate	UNKNOWN STEP	﻿2026-08-15T06:10:58.5449616Z Current runner version: '2.336.0'
review / gate	UNKNOWN STEP	2026-08-15T06:10:58.5452664Z Runner name: 'blacksmith-scale3-01m020paxsk6w5mrygd7kmj7gs-2vcpu'
review / gate	UNKNOWN STEP	2026-08-15T06:10:58.5453252Z Runner group name: 'blacksmith runners 01kwjf99pkapfc7yagwd0c1r2e'
review / gate	UNKNOWN STEP	2026-08-15T06:10:58.5453886Z Machine name: 'ip-172-31-64-123'
review / gate	UNKNOWN STEP	2026-08-15T06:10:58.5455318Z ##[group]GITHUB_TOKEN Permissions
review / gate	UNKNOWN STEP	2026-08-15T06:10:58.5456424Z Contents: read
review / gate	UNKNOWN STEP	2026-08-15T06:10:58.5456830Z Metadata: read
review / gate	UNKNOWN STEP	2026-08-15T06:10:58.5457194Z PullRequests: write
review / gate	UNKNOWN STEP	2026-08-15T06:10:58.5457547Z ##[endgroup]
review / gate	UNKNOWN STEP	2026-08-15T06:10:58.5458690Z Secret source: Actions
review / gate	UNKNOWN STEP	2026-08-15T06:10:58.5459339Z Prepare workflow directory
review / gate	UNKNOWN STEP	2026-08-15T06:10:58.5628009Z Prepare all required actions
review / gate	UNKNOWN STEP	2026-08-15T06:10:58.5645295Z Setting BLACKSMITH_ACTIONS_RESULTS_URL to https://results-receiver.actions.githubusercontent.com/
review / gate	UNKNOWN STEP	2026-08-15T06:10:58.5682958Z Uses: handshake-project-dynamo/handshake-orchestration-tb2/.github/workflows/dynamo-review.yml@refs/heads/main (623a2dbaae6fffe4e0cfe4e975c4442ae8ea3116)
review / gate	UNKNOWN STEP	2026-08-15T06:10:58.5685574Z ##[group] Inputs
review / gate	UNKNOWN STEP	2026-08-15T06:10:58.5685954Z   checks_ref: main
review / gate	UNKNOWN STEP	2026-08-15T06:10:58.5686333Z ##[endgroup]
review / gate	UNKNOWN STEP	2026-08-15T06:10:58.5686741Z Complete job name: review / gate
review / gate	UNKNOWN STEP	2026-08-15T06:10:58.6012135Z A job started hook has been configured by the self-hosted runner administrator
review / gate	UNKNOWN STEP	2026-08-15T06:10:58.6276725Z ##[group]Run '/setup.sh'
review / gate	UNKNOWN STEP	2026-08-15T06:10:58.6295113Z shell: /usr/bin/bash --noprofile --norc -e -o pipefail {0}
review / gate	UNKNOWN STEP	2026-08-15T06:10:58.6295513Z env:
review / gate	UNKNOWN STEP	2026-08-15T06:10:58.6295731Z   BLACKSMITH_RUNNER_MESSAGE_WAIT_MS: 3394
review / gate	UNKNOWN STEP	2026-08-15T06:10:58.6296007Z   BLACKSMITH_RUNNER_ACQUIRE_JOB_MS: 1083
review / gate	UNKNOWN STEP	2026-08-15T06:10:58.6296268Z ##[endgroup]
review / gate	UNKNOWN STEP	2026-08-15T06:10:58.6627586Z Logging daemon started (blacksmithd for logs)
review / gate	UNKNOWN STEP	2026-08-15T06:10:58.6757582Z Results daemon started (blacksmithd for results)
review / gate	UNKNOWN STEP	2026-08-15T06:10:58.6896677Z Background adoption and SSH setup started (PID: 3505)
review / gate	UNKNOWN STEP	2026-08-15T06:10:58.6898934Z 
review / gate	UNKNOWN STEP	2026-08-15T06:10:58.6899130Z ----------------------------------------
review / gate	UNKNOWN STEP	2026-08-15T06:10:58.6986083Z View this job: https://app.blacksmith.sh/handshake-project-dynamo/runs/31867901020/jobs/94973990782
review / gate	UNKNOWN STEP	2026-08-15T06:10:58.6987745Z SSH Access (using your GitHub SSH key):
review / gate	UNKNOWN STEP	2026-08-15T06:10:58.7018454Z   ssh -p 64014 runner@blacksmith-scale3-01m020paxsk6w5mrygd7kmj7gs-2vcpu.vm.blacksmith.sh
review / gate	UNKNOWN STEP	2026-08-15T06:10:58.7033718Z 
review / gate	UNKNOWN STEP	2026-08-15T06:10:58.7076166Z No GitHub SSH key? Add one at:
review / gate	UNKNOWN STEP	2026-08-15T06:10:58.7089588Z https://docs.github.com/en/authentication/connecting-to-github-with-ssh/adding-a-new-ssh-key-to-your-github-account
review / gate	UNKNOWN STEP	2026-08-15T06:10:58.7090089Z 
review / gate	UNKNOWN STEP	2026-08-15T06:10:58.7090231Z ----------------------------------------
review / gate	UNKNOWN STEP	2026-08-15T06:10:58.7090464Z 
review / gate	UNKNOWN STEP	2026-08-15T06:10:58.7090650Z VM ID: blacksmith-scale3-01m020paxsk6w5mrygd7kmj7gs-2vcpu
review / gate	UNKNOWN STEP	2026-08-15T06:10:58.7091013Z Host: production-192.240.254.151-x8664
review / gate	UNKNOWN STEP	2026-08-15T06:10:58.7091314Z Host Agent PID: 1997162
review / gate	UNKNOWN STEP	2026-08-15T06:10:58.7091578Z Agent Process Count: 1
review / gate	UNKNOWN STEP	2026-08-15T06:10:58.7091839Z Host Agent Git SHA: 1dcca3f2
review / gate	UNKNOWN STEP	2026-08-15T06:10:58.7092124Z Host CPU Manufacturer: AuthenticAMD
review / gate	UNKNOWN STEP	2026-08-15T06:10:58.7092436Z Blacksmith Host Generation: gen 2
review / gate	UNKNOWN STEP	2026-08-15T06:10:58.7092737Z Petname: production-up-turkey-5125396a
review / gate	UNKNOWN STEP	2026-08-15T06:10:58.7093034Z Region: us-west
review / gate	UNKNOWN STEP	2026-08-15T06:10:58.7093297Z Rootfs Version: ubuntu24-full-x64-012126
review / gate	UNKNOWN STEP	2026-08-15T06:10:58.7093834Z OS Version: Ubuntu 24.04.3 LTS
review / gate	UNKNOWN STEP	2026-08-15T06:10:58.7094623Z System Statistics:
review / gate	UNKNOWN STEP	2026-08-15T06:10:58.7094875Z -----------------
review / gate	UNKNOWN STEP	2026-08-15T06:10:58.7095115Z VM CPU Count: 3
review / gate	UNKNOWN STEP	2026-08-15T06:10:58.7095269Z 
review / gate	UNKNOWN STEP	2026-08-15T06:10:58.7095401Z Jobs by Process ID:
review / gate	UNKNOWN STEP	2026-08-15T06:10:58.7095643Z -----------------
review / gate	UNKNOWN STEP	2026-08-15T06:10:58.7095879Z PID 1997162: 3 jobs
review / gate	UNKNOWN STEP	2026-08-15T06:10:58.7096127Z Total: 3 jobs across 1 process
review / gate	UNKNOWN STEP	2026-08-15T06:10:58.7096315Z 
review / gate	UNKNOWN STEP	2026-08-15T06:10:58.7096445Z Devices by Process ID:
review / gate	UNKNOWN STEP	2026-08-15T06:10:58.7096751Z -----------------
review / gate	UNKNOWN STEP	2026-08-15T06:10:58.7096991Z PID 1997162: 3 devices
review / gate	UNKNOWN STEP	2026-08-15T06:10:58.7097250Z Total: 3 devices across 1 process
review / gate	UNKNOWN STEP	2026-08-15T06:10:58.7097543Z Enabling Blacksmith transparent cache
review / gate	UNKNOWN STEP	2026-08-15T06:10:58.7345585Z ##[group]Run R='success'; S='success'; DR='skipped'; AR='skipped'
review / gate	UNKNOWN STEP	2026-08-15T06:10:58.7346158Z ^[[36;1mR='success'; S='success'; DR='skipped'; AR='skipped'^[[0m
review / gate	UNKNOWN STEP	2026-08-15T06:10:58.7346595Z ^[[36;1mV='success'; P='failure'; T='skipped'; QG='skipped'; T1='skipped'^[[0m
review / gate	UNKNOWN STEP	2026-08-15T06:10:58.7347031Z ^[[36;1mstage_ok() { # result run_flag — success, or skipped WITH sanction^[[0m
review / gate	UNKNOWN STEP	2026-08-15T06:10:58.7347435Z ^[[36;1m  [ "$1" = "success" ] || { [ "$1" = "skipped" ] && [ "$2" = "false" ]; }^[[0m
review / gate	UNKNOWN STEP	2026-08-15T06:10:58.7347757Z ^[[36;1m}^[[0m
review / gate	UNKNOWN STEP	2026-08-15T06:10:58.7347952Z ^[[36;1mALL_GREEN=true^[[0m
review / gate	UNKNOWN STEP	2026-08-15T06:10:58.7348224Z ^[[36;1mstage_ok "$R" "$RUN_REVIEW"      || ALL_GREEN=false^[[0m
review / gate	UNKNOWN STEP	2026-08-15T06:10:58.7348576Z ^[[36;1mstage_ok "$S" "$RUN_SIMILARITY"  || ALL_GREEN=false^[[0m
review / gate	UNKNOWN STEP	2026-08-15T06:10:58.7348922Z ^[[36;1mstage_ok "$V" "$RUN_VALIDATION"  || ALL_GREEN=false^[[0m
review / gate	UNKNOWN STEP	2026-08-15T06:10:58.7349263Z ^[[36;1mstage_ok "$P" "$RUN_PASS2"       || ALL_GREEN=false^[[0m
review / gate	UNKNOWN STEP	2026-08-15T06:10:58.7349626Z ^[[36;1mstage_ok "$T1" "$RUN_TIER1"      || ALL_GREEN=false^[[0m
review / gate	UNKNOWN STEP	2026-08-15T06:10:58.7349968Z ^[[36;1mstage_ok "$QG" "$RUN_QC"         || ALL_GREEN=false^[[0m
review / gate	UNKNOWN STEP	2026-08-15T06:10:58.7350310Z ^[[36;1mstage_ok "$DR" "$RUN_DEEP"       || ALL_GREEN=false^[[0m
review / gate	UNKNOWN STEP	2026-08-15T06:10:58.7350651Z ^[[36;1mstage_ok "$AR" "$RUN_AVA"        || ALL_GREEN=false^[[0m
review / gate	UNKNOWN STEP	2026-08-15T06:10:58.7350994Z ^[[36;1mstage_ok "$T" "$RUN_TRIALS"      || ALL_GREEN=false^[[0m
review / gate	UNKNOWN STEP	2026-08-15T06:10:58.7351304Z ^[[36;1mif [ "$ALL_GREEN" = true ]; then^[[0m
review / gate	UNKNOWN STEP	2026-08-15T06:10:58.7351697Z ^[[36;1m  ADD=accepted; RM=needs-revision; COLOR=0e8a16; DESC="Dynamo: all checks passed"^[[0m
review / gate	UNKNOWN STEP	2026-08-15T06:10:58.7352263Z ^[[36;1m  gh pr edit "$PR_NUMBER" --repo "$REPO" --remove-label "rework-submitted-on-red" 2>/dev/null || true^[[0m
review / gate	UNKNOWN STEP	2026-08-15T06:10:58.7352687Z ^[[36;1melse^[[0m
review / gate	UNKNOWN STEP	2026-08-15T06:10:58.7353038Z ^[[36;1m  ADD=needs-revision; RM=accepted; COLOR=d93f0b; DESC="Dynamo: one or more checks failed"^[[0m
review / gate	UNKNOWN STEP	2026-08-15T06:10:58.7353497Z ^[[36;1mfi^[[0m
review / gate	UNKNOWN STEP	2026-08-15T06:10:58.7353862Z ^[[36;1mgh label create "$ADD" --repo "$REPO" --color "$COLOR" --description "$DESC" 2>/dev/null || true^[[0m
review / gate	UNKNOWN STEP	2026-08-15T06:10:58.7354380Z ^[[36;1mgh pr edit "$PR_NUMBER" --repo "$REPO" --add-label "$ADD" 2>/dev/null || true^[[0m
review / gate	UNKNOWN STEP	2026-08-15T06:10:58.7354927Z ^[[36;1mgh pr edit "$PR_NUMBER" --repo "$REPO" --remove-label "$RM" --remove-label "in-progress" 2>/dev/null || true^[[0m
review / gate	UNKNOWN STEP	2026-08-15T06:10:58.7373393Z shell: /usr/bin/bash -e {0}
review / gate	UNKNOWN STEP	2026-08-15T06:10:58.7373629Z env:
review / gate	UNKNOWN STEP	2026-08-15T06:10:58.7373840Z   BLACKSMITH_RUNNER_MESSAGE_WAIT_MS: 3394
review / gate	UNKNOWN STEP	2026-08-15T06:10:58.7374117Z   BLACKSMITH_RUNNER_ACQUIRE_JOB_MS: 1083
review / gate	UNKNOWN STEP	2026-08-15T06:10:58.7374519Z   GITHUB_REPO_NAME: handshake-project-dynamo/dynamo-1573c1a-data-querying-and-databases
review / gate	UNKNOWN STEP	2026-08-15T06:10:58.7376504Z   GH_TOKEN: ***
review / gate	UNKNOWN STEP	2026-08-15T06:10:58.7376827Z   REPO: handshake-project-dynamo/dynamo-1573c1a-data-querying-and-databases
review / gate	UNKNOWN STEP	2026-08-15T06:10:58.7377189Z   PR_NUMBER: 5
review / gate	UNKNOWN STEP	2026-08-15T06:10:58.7377391Z   RUN_REVIEW: true
review / gate	UNKNOWN STEP	2026-08-15T06:10:58.7378072Z   RUN_SIMILARITY: true
review / gate	UNKNOWN STEP	2026-08-15T06:10:58.7378296Z   RUN_VALIDATION: true
review / gate	UNKNOWN STEP	2026-08-15T06:10:58.7378519Z   RUN_PASS2: true
review / gate	UNKNOWN STEP	2026-08-15T06:10:58.7378723Z   RUN_TIER1: true
review / gate	UNKNOWN STEP	2026-08-15T06:10:58.7378922Z   RUN_QC: true
review / gate	UNKNOWN STEP	2026-08-15T06:10:58.7379170Z   RUN_DEEP: true
review / gate	UNKNOWN STEP	2026-08-15T06:10:58.7379371Z   RUN_AVA: true
review / gate	UNKNOWN STEP	2026-08-15T06:10:58.7379569Z   RUN_TRIALS: true
review / gate	UNKNOWN STEP	2026-08-15T06:10:58.7379772Z ##[endgroup]
review / gate	UNKNOWN STEP	2026-08-15T06:11:00.8453254Z https://github.com/handshake-project-dynamo/dynamo-1573c1a-data-querying-and-databases/pull/5
review / gate	UNKNOWN STEP	2026-08-15T06:11:01.7238425Z ##[group]Run R='success'; S='success'; DR='skipped'; AR='skipped'
review / gate	UNKNOWN STEP	2026-08-15T06:11:01.7238766Z ^[[36;1mR='success'; S='success'; DR='skipped'; AR='skipped'^[[0m
review / gate	UNKNOWN STEP	2026-08-15T06:11:01.7239021Z ^[[36;1mV='success'; P='failure'; T='skipped'; QG='skipped'; T1='skipped'^[[0m
review / gate	UNKNOWN STEP	2026-08-15T06:11:01.7239365Z ^[[36;1mecho "review=$R  similarity=$S  validation=$V  pass2=$P  tier1=$T1  qc_gate=$QG  deep_review=$DR  ava_review=$AR  trials=$T"^[[0m
review / gate	UNKNOWN STEP	2026-08-15T06:11:01.7239958Z ^[[36;1mecho "sanctioned: review=$RUN_REVIEW similarity=$RUN_SIMILARITY validation=$RUN_VALIDATION pass2=$RUN_PASS2 tier1=$RUN_TIER1 qc=$RUN_QC deep=$RUN_DEEP ava=$RUN_AVA trials=$RUN_TRIALS (run flags — 'false' = skip sanctioned)"^[[0m
review / gate	UNKNOWN STEP	2026-08-15T06:11:01.7240646Z ^[[36;1mstage_ok() { # result run_flag — success, or skipped WITH sanction^[[0m
review / gate	UNKNOWN STEP	2026-08-15T06:11:01.7240907Z ^[[36;1m  [ "$1" = "success" ] || { [ "$1" = "skipped" ] && [ "$2" = "false" ]; }^[[0m
review / gate	UNKNOWN STEP	2026-08-15T06:11:01.7241110Z ^[[36;1m}^[[0m
review / gate	UNKNOWN STEP	2026-08-15T06:11:01.7241284Z ^[[36;1mFAILED=""^[[0m
review / gate	UNKNOWN STEP	2026-08-15T06:11:01.7241468Z ^[[36;1mstage_ok "$R" "$RUN_REVIEW"      || FAILED="$FAILED review=$R"^[[0m
review / gate	UNKNOWN STEP	2026-08-15T06:11:01.7241724Z ^[[36;1mstage_ok "$S" "$RUN_SIMILARITY"  || FAILED="$FAILED similarity=$S"^[[0m
review / gate	UNKNOWN STEP	2026-08-15T06:11:01.7241971Z ^[[36;1mstage_ok "$V" "$RUN_VALIDATION"  || FAILED="$FAILED validation=$V"^[[0m
review / gate	UNKNOWN STEP	2026-08-15T06:11:01.7242212Z ^[[36;1mstage_ok "$P" "$RUN_PASS2"       || FAILED="$FAILED pass2=$P"^[[0m
review / gate	UNKNOWN STEP	2026-08-15T06:11:01.7242451Z ^[[36;1mstage_ok "$T1" "$RUN_TIER1"      || FAILED="$FAILED tier1=$T1"^[[0m
review / gate	UNKNOWN STEP	2026-08-15T06:11:01.7242693Z ^[[36;1mstage_ok "$QG" "$RUN_QC"         || FAILED="$FAILED qc_gate=$QG"^[[0m
review / gate	UNKNOWN STEP	2026-08-15T06:11:01.7242942Z ^[[36;1mstage_ok "$DR" "$RUN_DEEP"       || FAILED="$FAILED deep_review=$DR"^[[0m
review / gate	UNKNOWN STEP	2026-08-15T06:11:01.7243190Z ^[[36;1mstage_ok "$AR" "$RUN_AVA"        || FAILED="$FAILED ava_review=$AR"^[[0m
review / gate	UNKNOWN STEP	2026-08-15T06:11:01.7243427Z ^[[36;1mstage_ok "$T" "$RUN_TRIALS"      || FAILED="$FAILED trials=$T"^[[0m
review / gate	UNKNOWN STEP	2026-08-15T06:11:01.7243639Z ^[[36;1mif [ -n "$FAILED" ]; then^[[0m
review / gate	UNKNOWN STEP	2026-08-15T06:11:01.7243820Z ^[[36;1m  CANCELLED=false; ANY_STAGE_FAILURE=false^[[0m
review / gate	UNKNOWN STEP	2026-08-15T06:11:01.7244037Z ^[[36;1m  for RESULT in "$R" "$S" "$V" "$P" "$T1" "$QG" "$DR" "$AR" "$T"; do^[[0m
review / gate	UNKNOWN STEP	2026-08-15T06:11:01.7244261Z ^[[36;1m    [ "$RESULT" = "cancelled" ] && CANCELLED=true^[[0m
review / gate	UNKNOWN STEP	2026-08-15T06:11:01.7244469Z ^[[36;1m    [ "$RESULT" = "failure" ] && ANY_STAGE_FAILURE=true^[[0m
review / gate	UNKNOWN STEP	2026-08-15T06:11:01.7244652Z ^[[36;1m  done^[[0m
review / gate	UNKNOWN STEP	2026-08-15T06:11:01.7244820Z ^[[36;1m  # Rework advisory CI: on a trusted rework task with^[[0m
review / gate	UNKNOWN STEP	2026-08-15T06:11:01.7245061Z ^[[36;1m  # REWORK_CI_POLICY=advisory, a red pipeline no longer blocks the^[[0m
review / gate	UNKNOWN STEP	2026-08-15T06:11:01.7245395Z ^[[36;1m  # fellow's submission — the required check passes, while the^[[0m
review / gate	UNKNOWN STEP	2026-08-15T06:11:01.7245653Z ^[[36;1m  # verdict labels above stay honest (needs-revision + a distinct^[[0m
review / gate	UNKNOWN STEP	2026-08-15T06:11:01.7245938Z ^[[36;1m  # rework-submitted-on-red marker for downstream tooling). The^[[0m
review / gate	UNKNOWN STEP	2026-08-15T06:11:01.7246227Z ^[[36;1m  # failed stage keeps the RUN conclusion red, so this run can never^[[0m
review / gate	UNKNOWN STEP	2026-08-15T06:11:01.7246528Z ^[[36;1m  # sanction a future skip. STRICTLY "a check judged it red and the^[[0m
review / gate	UNKNOWN STEP	2026-08-15T06:11:01.7246781Z ^[[36;1m  # fellow submits anyway" — never "nothing ran, submit blind":^[[0m
review / gate	UNKNOWN STEP	2026-08-15T06:11:01.7247035Z ^[[36;1m  # the decision job must have succeeded and at least one monitored^[[0m
review / gate	UNKNOWN STEP	2026-08-15T06:11:01.7247288Z ^[[36;1m  # stage must have actually FAILED (an upstream collapse that only^[[0m
review / gate	UNKNOWN STEP	2026-08-15T06:11:01.7247552Z ^[[36;1m  # cascades unsanctioned skips stays blocking, as do cancellations).^[[0m
review / gate	UNKNOWN STEP	2026-08-15T06:11:01.7247814Z ^[[36;1m  if [ "$REWORK_ADVISORY" = "true" ] && [ "$CANCELLED" = "false" ] \^[[0m
review / gate	UNKNOWN STEP	2026-08-15T06:11:01.7248086Z ^[[36;1m    && [ "$CHANGES_RESULT" = "success" ] && [ "$ANY_STAGE_FAILURE" = "true" ]; then^[[0m
review / gate	UNKNOWN STEP	2026-08-15T06:11:01.7248529Z ^[[36;1m    echo "::warning::Pipeline not green —$FAILED — but this task is in rework and the policy is advisory CI: submission is allowed. Verdicts remain on the PR as labels."^[[0m
review / gate	UNKNOWN STEP	2026-08-15T06:11:01.7249364Z ^[[36;1m    gh label create "rework-submitted-on-red" --repo "$REPO" --color d93f0b --description "Rework submitted with failing checks (advisory CI)" 2>/dev/null || true^[[0m
review / gate	UNKNOWN STEP	2026-08-15T06:11:01.7249822Z ^[[36;1m    gh pr edit "$PR_NUMBER" --repo "$REPO" --add-label "rework-submitted-on-red" 2>/dev/null || true^[[0m
review / gate	UNKNOWN STEP	2026-08-15T06:11:01.7250078Z ^[[36;1m    exit 0^[[0m
review / gate	UNKNOWN STEP	2026-08-15T06:11:01.7250214Z ^[[36;1m  fi^[[0m
review / gate	UNKNOWN STEP	2026-08-15T06:11:01.7250521Z ^[[36;1m  echo "::error::Pipeline not green —$FAILED. PR is blocked (a Tier-1 HOLD blocks here until the required fixes are attempted)."^[[0m
review / gate	UNKNOWN STEP	2026-08-15T06:11:01.7250965Z ^[[36;1m  exit 1^[[0m
review / gate	UNKNOWN STEP	2026-08-15T06:11:01.7251093Z ^[[36;1mfi^[[0m
review / gate	UNKNOWN STEP	2026-08-15T06:11:01.7251279Z ^[[36;1mecho "All stages passed or were sanctioned-skipped — PR may merge."^[[0m
review / gate	UNKNOWN STEP	2026-08-15T06:11:01.7251565Z ^[[36;1m# No marker to persist: the skip authority is this run's own success^[[0m
review / gate	UNKNOWN STEP	2026-08-15T06:11:01.7251834Z ^[[36;1m# conclusion, read back via the Actions API by future `changes` jobs.^[[0m
review / gate	UNKNOWN STEP	2026-08-15T06:11:01.7271412Z shell: /usr/bin/bash -e {0}
review / gate	UNKNOWN STEP	2026-08-15T06:11:01.7271584Z env:
review / gate	UNKNOWN STEP	2026-08-15T06:11:01.7271734Z   BLACKSMITH_RUNNER_MESSAGE_WAIT_MS: 3394
review / gate	UNKNOWN STEP	2026-08-15T06:11:01.7271911Z   BLACKSMITH_RUNNER_ACQUIRE_JOB_MS: 1083
review / gate	UNKNOWN STEP	2026-08-15T06:11:01.7272170Z   GITHUB_REPO_NAME: handshake-project-dynamo/dynamo-1573c1a-data-querying-and-databases
review / gate	UNKNOWN STEP	2026-08-15T06:11:01.7273866Z   GH_TOKEN: ***
review / gate	UNKNOWN STEP	2026-08-15T06:11:01.7274074Z   REPO: handshake-project-dynamo/dynamo-1573c1a-data-querying-and-databases
review / gate	UNKNOWN STEP	2026-08-15T06:11:01.7274305Z   PR_NUMBER: 5
review / gate	UNKNOWN STEP	2026-08-15T06:11:01.7274509Z   REWORK_ADVISORY: false
review / gate	UNKNOWN STEP	2026-08-15T06:11:01.7274695Z   CHANGES_RESULT: success
review / gate	UNKNOWN STEP	2026-08-15T06:11:01.7274839Z   RUN_REVIEW: true
review / gate	UNKNOWN STEP	2026-08-15T06:11:01.7274980Z   RUN_SIMILARITY: true
review / gate	UNKNOWN STEP	2026-08-15T06:11:01.7275122Z   RUN_VALIDATION: true
review / gate	UNKNOWN STEP	2026-08-15T06:11:01.7275260Z   RUN_PASS2: true
review / gate	UNKNOWN STEP	2026-08-15T06:11:01.7275390Z   RUN_TIER1: true
review / gate	UNKNOWN STEP	2026-08-15T06:11:01.7275519Z   RUN_QC: true
review / gate	UNKNOWN STEP	2026-08-15T06:11:01.7275645Z   RUN_DEEP: true
review / gate	UNKNOWN STEP	2026-08-15T06:11:01.7275773Z   RUN_AVA: true
review / gate	UNKNOWN STEP	2026-08-15T06:11:01.7275905Z   RUN_TRIALS: true
review / gate	UNKNOWN STEP	2026-08-15T06:11:01.7276037Z ##[endgroup]
review / gate	UNKNOWN STEP	2026-08-15T06:11:01.7306231Z review=success  similarity=success  validation=success  pass2=failure  tier1=skipped  qc_gate=skipped  deep_review=skipped  ava_review=skipped  trials=skipped
review / gate	UNKNOWN STEP	2026-08-15T06:11:01.7363127Z sanctioned: review=true similarity=true validation=true pass2=true tier1=true qc=true deep=true ava=true trials=true (run flags — 'false' = skip sanctioned)
review / gate	UNKNOWN STEP	2026-08-15T06:11:01.7384583Z ##[error]Pipeline not green — pass2=failure tier1=skipped qc_gate=skipped deep_review=skipped ava_review=skipped trials=skipped. PR is blocked (a Tier-1 HOLD blocks here until the required fixes are attempted).
review / gate	UNKNOWN STEP	2026-08-15T06:11:01.7390334Z ##[error]Process completed with exit code 1.
review / gate	UNKNOWN STEP	2026-08-15T06:11:01.7425058Z A job completed hook has been configured by the self-hosted runner administrator
review / gate	UNKNOWN STEP	2026-08-15T06:11:01.7455246Z ##[group]Run '/job_completed.sh'
review / gate	UNKNOWN STEP	2026-08-15T06:11:01.7470002Z shell: /usr/bin/bash --noprofile --norc -e -o pipefail {0}
review / gate	UNKNOWN STEP	2026-08-15T06:11:01.7470217Z env:
review / gate	UNKNOWN STEP	2026-08-15T06:11:01.7470370Z   BLACKSMITH_RUNNER_MESSAGE_WAIT_MS: 3394
review / gate	UNKNOWN STEP	2026-08-15T06:11:01.7470546Z   BLACKSMITH_RUNNER_ACQUIRE_JOB_MS: 1083
review / gate	UNKNOWN STEP	2026-08-15T06:11:01.7470712Z ##[endgroup]
review / gate	UNKNOWN STEP	2026-08-15T06:11:01.7555597Z Docker container caching not enabled, skipping hash computation.
review / gate	UNKNOWN STEP	2026-08-15T06:11:01.7619785Z No active SSH sessions detected. Proceeding with shutdown immediately.
review / gate	UNKNOWN STEP	2026-08-15T06:11:01.7659923Z Cleaning up orphan processes
