review / validation	UNKNOWN STEP	﻿2026-08-15T07:59:48.9228331Z Current runner version: '2.336.0'
review / validation	UNKNOWN STEP	2026-08-15T07:59:48.9232050Z Runner name: 'blacksmith-scale3-01m026x1j538amfqz92d2gn18f-4vcpu'
review / validation	UNKNOWN STEP	2026-08-15T07:59:48.9232786Z Runner group name: 'blacksmith runners 01kxzhx6bc7fnrmw1kcfxms5ah'
review / validation	UNKNOWN STEP	2026-08-15T07:59:48.9233622Z Machine name: 'ip-172-31-64-123'
review / validation	UNKNOWN STEP	2026-08-15T07:59:48.9235513Z ##[group]GITHUB_TOKEN Permissions
review / validation	UNKNOWN STEP	2026-08-15T07:59:48.9236885Z Contents: read
review / validation	UNKNOWN STEP	2026-08-15T07:59:48.9237562Z Metadata: read
review / validation	UNKNOWN STEP	2026-08-15T07:59:48.9237979Z PullRequests: write
review / validation	UNKNOWN STEP	2026-08-15T07:59:48.9238365Z ##[endgroup]
review / validation	UNKNOWN STEP	2026-08-15T07:59:48.9239974Z Secret source: Actions
review / validation	UNKNOWN STEP	2026-08-15T07:59:48.9240711Z Prepare workflow directory
review / validation	UNKNOWN STEP	2026-08-15T07:59:48.9532307Z Prepare all required actions
review / validation	UNKNOWN STEP	2026-08-15T07:59:48.9560943Z Getting action download info
review / validation	UNKNOWN STEP	2026-08-15T07:59:49.3158573Z Download action repository 'actions/checkout@11d5960a326750d5838078e36cf38b85af677262' (SHA:11d5960a326750d5838078e36cf38b85af677262)
review / validation	UNKNOWN STEP	2026-08-15T07:59:49.8183405Z Download action repository 'actions/checkout@3d3c42e5aac5ba805825da76410c181273ba90b1' (SHA:3d3c42e5aac5ba805825da76410c181273ba90b1)
review / validation	UNKNOWN STEP	2026-08-15T07:59:50.2692584Z Download action repository 'marocchino/sticky-pull-request-comment@773744901bac0e8cbb5a0dc842800d45e9b2b405' (SHA:773744901bac0e8cbb5a0dc842800d45e9b2b405)
review / validation	UNKNOWN STEP	2026-08-15T07:59:50.7896614Z Download action repository 'actions/setup-python@a26af69be951a213d495a4c3e4e4022e16d87065' (SHA:a26af69be951a213d495a4c3e4e4022e16d87065)
review / validation	UNKNOWN STEP	2026-08-15T07:59:50.8339936Z Download action repository 'astral-sh/setup-uv@38f3f104447c67c051c4a08e39b64a148898af3a' (SHA:38f3f104447c67c051c4a08e39b64a148898af3a)
review / validation	UNKNOWN STEP	2026-08-15T07:59:51.4462977Z Download action repository 'actions/upload-artifact@ea165f8d65b6e75b540449e92b4886f43607fa02' (SHA:ea165f8d65b6e75b540449e92b4886f43607fa02)
review / validation	UNKNOWN STEP	2026-08-15T07:59:51.5562730Z Setting BLACKSMITH_ACTIONS_RESULTS_URL to https://results-receiver.actions.githubusercontent.com/
review / validation	UNKNOWN STEP	2026-08-15T07:59:51.5585604Z Uses: handshake-project-dynamo/handshake-orchestration-tb2/.github/workflows/dynamo-review.yml@refs/heads/main (623a2dbaae6fffe4e0cfe4e975c4442ae8ea3116)
review / validation	UNKNOWN STEP	2026-08-15T07:59:51.5587880Z ##[group] Inputs
review / validation	UNKNOWN STEP	2026-08-15T07:59:51.5588026Z   checks_ref: main
review / validation	UNKNOWN STEP	2026-08-15T07:59:51.5588146Z ##[endgroup]
review / validation	UNKNOWN STEP	2026-08-15T07:59:51.5588264Z Complete job name: review / validation
review / validation	UNKNOWN STEP	2026-08-15T07:59:51.5951949Z A job started hook has been configured by the self-hosted runner administrator
review / validation	UNKNOWN STEP	2026-08-15T07:59:51.6029074Z ##[group]Run '/setup.sh'
review / validation	UNKNOWN STEP	2026-08-15T07:59:51.6043984Z shell: /usr/bin/bash --noprofile --norc -e -o pipefail {0}
review / validation	UNKNOWN STEP	2026-08-15T07:59:51.6044264Z env:
review / validation	UNKNOWN STEP	2026-08-15T07:59:51.6044395Z   BLACKSMITH_RUNNER_MESSAGE_WAIT_MS: 1226
review / validation	UNKNOWN STEP	2026-08-15T07:59:51.6044543Z   BLACKSMITH_RUNNER_ACQUIRE_JOB_MS: 1159
review / validation	UNKNOWN STEP	2026-08-15T07:59:51.6044680Z ##[endgroup]
review / validation	UNKNOWN STEP	2026-08-15T07:59:51.6263627Z Logging daemon started (blacksmithd for logs)
review / validation	UNKNOWN STEP	2026-08-15T07:59:51.6346550Z Results daemon started (blacksmithd for results)
review / validation	UNKNOWN STEP	2026-08-15T07:59:51.6460320Z Background adoption and SSH setup started (PID: 3670)
review / validation	UNKNOWN STEP	2026-08-15T07:59:51.6461052Z 
review / validation	UNKNOWN STEP	2026-08-15T07:59:51.6461118Z ----------------------------------------
review / validation	UNKNOWN STEP	2026-08-15T07:59:51.6496584Z View this job: https://app.blacksmith.sh/handshake-project-dynamo/runs/31873024542/jobs/94985173307
review / validation	UNKNOWN STEP	2026-08-15T07:59:51.6497153Z SSH Access (using your GitHub SSH key):
review / validation	UNKNOWN STEP	2026-08-15T07:59:51.6497752Z   ssh -p 64007 runner@blacksmith-scale3-01m026x1j538amfqz92d2gn18f-4vcpu.vm.blacksmith.sh
review / validation	UNKNOWN STEP	2026-08-15T07:59:51.6497958Z 
review / validation	UNKNOWN STEP	2026-08-15T07:59:51.6498081Z No GitHub SSH key? Add one at:
review / validation	UNKNOWN STEP	2026-08-15T07:59:51.6498390Z https://docs.github.com/en/authentication/connecting-to-github-with-ssh/adding-a-new-ssh-key-to-your-github-account
review / validation	UNKNOWN STEP	2026-08-15T07:59:51.6498639Z 
review / validation	UNKNOWN STEP	2026-08-15T07:59:51.6498707Z ----------------------------------------
review / validation	UNKNOWN STEP	2026-08-15T07:59:51.6498797Z 
review / validation	UNKNOWN STEP	2026-08-15T07:59:51.6498883Z VM ID: blacksmith-scale3-01m026x1j538amfqz92d2gn18f-4vcpu
review / validation	UNKNOWN STEP	2026-08-15T07:59:51.6499056Z Host: production-192.240.253.211-x8664
review / validation	UNKNOWN STEP	2026-08-15T07:59:51.6499202Z Host Agent PID: 2944965
review / validation	UNKNOWN STEP	2026-08-15T07:59:51.6499317Z Agent Process Count: 1
review / validation	UNKNOWN STEP	2026-08-15T07:59:51.6499435Z Host Agent Git SHA: 1dcca3f2
review / validation	UNKNOWN STEP	2026-08-15T07:59:51.6499923Z Host CPU Manufacturer: AuthenticAMD
review / validation	UNKNOWN STEP	2026-08-15T07:59:51.6500060Z Blacksmith Host Generation: gen 2
review / validation	UNKNOWN STEP	2026-08-15T07:59:51.6500204Z Petname: production-welcome-oyster-922d51d1
review / validation	UNKNOWN STEP	2026-08-15T07:59:51.6500358Z Region: us-west
review / validation	UNKNOWN STEP	2026-08-15T07:59:51.6500688Z Rootfs Version: ubuntu24-full-x64-012126
review / validation	UNKNOWN STEP	2026-08-15T07:59:51.6508494Z OS Version: Ubuntu 24.04.3 LTS
review / validation	UNKNOWN STEP	2026-08-15T07:59:51.6513819Z System Statistics:
review / validation	UNKNOWN STEP	2026-08-15T07:59:51.6513991Z -----------------
review / validation	UNKNOWN STEP	2026-08-15T07:59:51.6514176Z VM CPU Count: 6
review / validation	UNKNOWN STEP	2026-08-15T07:59:51.6514309Z 
review / validation	UNKNOWN STEP	2026-08-15T07:59:51.6514584Z Jobs by Process ID:
review / validation	UNKNOWN STEP	2026-08-15T07:59:51.6514842Z -----------------
review / validation	UNKNOWN STEP	2026-08-15T07:59:51.6515056Z PID 2944965: 3 jobs
review / validation	UNKNOWN STEP	2026-08-15T07:59:51.6515288Z Total: 3 jobs across 1 process
review / validation	UNKNOWN STEP	2026-08-15T07:59:51.6515473Z 
review / validation	UNKNOWN STEP	2026-08-15T07:59:51.6515822Z Devices by Process ID:
review / validation	UNKNOWN STEP	2026-08-15T07:59:51.6516110Z -----------------
review / validation	UNKNOWN STEP	2026-08-15T07:59:51.6516365Z PID 2944965: 3 devices
review / validation	UNKNOWN STEP	2026-08-15T07:59:51.6516628Z Total: 3 devices across 1 process
review / validation	UNKNOWN STEP	2026-08-15T07:59:51.6516869Z Enabling Blacksmith transparent cache
review / validation	UNKNOWN STEP	2026-08-15T07:59:51.6721811Z Node 20 is being deprecated. This workflow is running with Node 24 by default. If you need to temporarily use Node 20, you can set the ACTIONS_ALLOW_USE_UNSECURE_NODE_VERSION=true environment variable. For more information see: https://github.blog/changelog/2025-09-19-deprecation-of-node-20-on-github-actions-runners/
review / validation	UNKNOWN STEP	2026-08-15T07:59:51.6725282Z ##[group]Run actions/checkout@11d5960a326750d5838078e36cf38b85af677262
review / validation	UNKNOWN STEP	2026-08-15T07:59:51.6725462Z with:
review / validation	UNKNOWN STEP	2026-08-15T07:59:51.6725623Z   repository: handshake-project-dynamo/handshake-orchestration-tb2
review / validation	UNKNOWN STEP	2026-08-15T07:59:51.6725800Z   ref: main
review / validation	UNKNOWN STEP	2026-08-15T07:59:51.6726152Z   token: ***
review / validation	UNKNOWN STEP	2026-08-15T07:59:51.6726251Z   ssh-strict: true
review / validation	UNKNOWN STEP	2026-08-15T07:59:51.6726360Z   ssh-user: git
review / validation	UNKNOWN STEP	2026-08-15T07:59:51.6726478Z   persist-credentials: true
review / validation	UNKNOWN STEP	2026-08-15T07:59:51.6726596Z   clean: true
review / validation	UNKNOWN STEP	2026-08-15T07:59:51.6726713Z   sparse-checkout-cone-mode: true
review / validation	UNKNOWN STEP	2026-08-15T07:59:51.6726844Z   fetch-depth: 1
review / validation	UNKNOWN STEP	2026-08-15T07:59:51.6726945Z   fetch-tags: false
review / validation	UNKNOWN STEP	2026-08-15T07:59:51.6727097Z   show-progress: true
review / validation	UNKNOWN STEP	2026-08-15T07:59:51.6727205Z   lfs: false
review / validation	UNKNOWN STEP	2026-08-15T07:59:51.6727303Z   submodules: false
review / validation	UNKNOWN STEP	2026-08-15T07:59:51.6727409Z   set-safe-directory: true
review / validation	UNKNOWN STEP	2026-08-15T07:59:51.6727537Z   allow-unsafe-pr-checkout: false
review / validation	UNKNOWN STEP	2026-08-15T07:59:51.6727663Z env:
review / validation	UNKNOWN STEP	2026-08-15T07:59:51.6728972Z   GH_TOKEN: ***
review / validation	UNKNOWN STEP	2026-08-15T07:59:51.6729173Z   REPO: handshake-project-dynamo/dynamo-1573c1a-data-querying-and-databases
review / validation	UNKNOWN STEP	2026-08-15T07:59:51.6729368Z   PR_NUMBER: 5
review / validation	UNKNOWN STEP	2026-08-15T07:59:51.6729478Z   BLACKSMITH_RUNNER_MESSAGE_WAIT_MS: 1226
review / validation	UNKNOWN STEP	2026-08-15T07:59:51.6729629Z   BLACKSMITH_RUNNER_ACQUIRE_JOB_MS: 1159
review / validation	UNKNOWN STEP	2026-08-15T07:59:51.6729842Z   GITHUB_REPO_NAME: handshake-project-dynamo/dynamo-1573c1a-data-querying-and-databases
review / validation	UNKNOWN STEP	2026-08-15T07:59:51.6730336Z ##[endgroup]
review / validation	UNKNOWN STEP	2026-08-15T07:59:51.7697254Z Syncing repository: handshake-project-dynamo/handshake-orchestration-tb2
review / validation	UNKNOWN STEP	2026-08-15T07:59:51.7698060Z ##[group]Getting Git version info
review / validation	UNKNOWN STEP	2026-08-15T07:59:51.7698394Z Working directory is '/home/runner/_work/dynamo-1573c1a-data-querying-and-databases/dynamo-1573c1a-data-querying-and-databases'
review / validation	UNKNOWN STEP	2026-08-15T07:59:51.7698805Z [command]/usr/local/bin/git version
review / validation	UNKNOWN STEP	2026-08-15T07:59:51.7748020Z git version 2.52.0
review / validation	UNKNOWN STEP	2026-08-15T07:59:51.7758442Z ##[endgroup]
review / validation	UNKNOWN STEP	2026-08-15T07:59:51.7768598Z Temporarily overriding HOME='/home/runner/_work/_temp/37f34c2d-e9fa-4857-9cce-93debb005a7e' before making global git config changes
review / validation	UNKNOWN STEP	2026-08-15T07:59:51.7769009Z Adding repository directory to the temporary git global config as a safe directory
review / validation	UNKNOWN STEP	2026-08-15T07:59:51.7772398Z [command]/usr/local/bin/git config --global --add safe.directory /home/runner/_work/dynamo-1573c1a-data-querying-and-databases/dynamo-1573c1a-data-querying-and-databases
review / validation	UNKNOWN STEP	2026-08-15T07:59:51.7803602Z Deleting the contents of '/home/runner/_work/dynamo-1573c1a-data-querying-and-databases/dynamo-1573c1a-data-querying-and-databases'
review / validation	UNKNOWN STEP	2026-08-15T07:59:51.7805195Z ##[group]Initializing the repository
review / validation	UNKNOWN STEP	2026-08-15T07:59:51.7809300Z [command]/usr/local/bin/git init /home/runner/_work/dynamo-1573c1a-data-querying-and-databases/dynamo-1573c1a-data-querying-and-databases
review / validation	UNKNOWN STEP	2026-08-15T07:59:51.7842455Z hint: Using 'master' as the name for the initial branch. This default branch name
review / validation	UNKNOWN STEP	2026-08-15T07:59:51.7842730Z hint: will change to "main" in Git 3.0. To configure the initial branch name
review / validation	UNKNOWN STEP	2026-08-15T07:59:51.7842986Z hint: to use in all of your new repositories, which will suppress this warning,
review / validation	UNKNOWN STEP	2026-08-15T07:59:51.7843180Z hint: call:
review / validation	UNKNOWN STEP	2026-08-15T07:59:51.7843282Z hint:
review / validation	UNKNOWN STEP	2026-08-15T07:59:51.7843447Z hint: 	git config --global init.defaultBranch <name>
review / validation	UNKNOWN STEP	2026-08-15T07:59:51.7843608Z hint:
review / validation	UNKNOWN STEP	2026-08-15T07:59:51.7843763Z hint: Names commonly chosen instead of 'master' are 'main', 'trunk' and
review / validation	UNKNOWN STEP	2026-08-15T07:59:51.7844013Z hint: 'development'. The just-created branch can be renamed via this command:
review / validation	UNKNOWN STEP	2026-08-15T07:59:51.7844204Z hint:
review / validation	UNKNOWN STEP	2026-08-15T07:59:51.7844310Z hint: 	git branch -m <name>
review / validation	UNKNOWN STEP	2026-08-15T07:59:51.7844434Z hint:
review / validation	UNKNOWN STEP	2026-08-15T07:59:51.7844819Z hint: Disable this message with "git config set advice.defaultBranchName false"
review / validation	UNKNOWN STEP	2026-08-15T07:59:51.7845226Z Initialized empty Git repository in /home/runner/_work/dynamo-1573c1a-data-querying-and-databases/dynamo-1573c1a-data-querying-and-databases/.git/
review / validation	UNKNOWN STEP	2026-08-15T07:59:51.7848023Z [command]/usr/local/bin/git remote add origin https://github.com/handshake-project-dynamo/handshake-orchestration-tb2
review / validation	UNKNOWN STEP	2026-08-15T07:59:51.7871776Z ##[endgroup]
review / validation	UNKNOWN STEP	2026-08-15T07:59:51.7872580Z ##[group]Disabling automatic garbage collection
review / validation	UNKNOWN STEP	2026-08-15T07:59:51.7875479Z [command]/usr/local/bin/git config --local gc.auto 0
review / validation	UNKNOWN STEP	2026-08-15T07:59:51.7894347Z ##[endgroup]
review / validation	UNKNOWN STEP	2026-08-15T07:59:51.7894535Z ##[group]Setting up auth
review / validation	UNKNOWN STEP	2026-08-15T07:59:51.7899129Z [command]/usr/local/bin/git config --local --name-only --get-regexp core\.sshCommand
review / validation	UNKNOWN STEP	2026-08-15T07:59:51.7919699Z [command]/usr/local/bin/git submodule foreach --recursive sh -c "git config --local --name-only --get-regexp 'core\.sshCommand' && git config --local --unset-all 'core.sshCommand' || :"
review / validation	UNKNOWN STEP	2026-08-15T07:59:51.8054305Z [command]/usr/local/bin/git config --local --name-only --get-regexp http\.https\:\/\/github\.com\/\.extraheader
review / validation	UNKNOWN STEP	2026-08-15T07:59:51.8074565Z [command]/usr/local/bin/git submodule foreach --recursive sh -c "git config --local --name-only --get-regexp 'http\.https\:\/\/github\.com\/\.extraheader' && git config --local --unset-all 'http.https://github.com/.extraheader' || :"
review / validation	UNKNOWN STEP	2026-08-15T07:59:51.8174892Z [command]/usr/local/bin/git config --local --name-only --get-regexp ^includeIf\.gitdir:
review / validation	UNKNOWN STEP	2026-08-15T07:59:51.8199593Z [command]/usr/local/bin/git submodule foreach --recursive git config --local --show-origin --name-only --get-regexp remote.origin.url
review / validation	UNKNOWN STEP	2026-08-15T07:59:51.8304967Z [command]/usr/local/bin/git config --local http.https://github.com/.extraheader AUTHORIZATION: basic ***
review / validation	UNKNOWN STEP	2026-08-15T07:59:51.8351052Z ##[endgroup]
review / validation	UNKNOWN STEP	2026-08-15T07:59:51.8355138Z ##[group]Fetching the repository
review / validation	UNKNOWN STEP	2026-08-15T07:59:51.8355593Z [command]/usr/local/bin/git -c protocol.version=2 fetch --no-tags --prune --no-recurse-submodules --depth=1 origin +refs/heads/main*:refs/remotes/origin/main* +refs/tags/main*:refs/tags/main*
review / validation	UNKNOWN STEP	2026-08-15T07:59:52.8332536Z From https://github.com/handshake-project-dynamo/handshake-orchestration-tb2
review / validation	UNKNOWN STEP	2026-08-15T07:59:52.8332895Z  * [new branch]      main       -> origin/main
review / validation	UNKNOWN STEP	2026-08-15T07:59:52.8350577Z ##[endgroup]
review / validation	UNKNOWN STEP	2026-08-15T07:59:52.8350819Z ##[group]Determining the checkout info
review / validation	UNKNOWN STEP	2026-08-15T07:59:52.8356437Z [command]/usr/local/bin/git branch --list --remote origin/main
review / validation	UNKNOWN STEP	2026-08-15T07:59:52.8377035Z   origin/main
review / validation	UNKNOWN STEP	2026-08-15T07:59:52.8380251Z ##[endgroup]
review / validation	UNKNOWN STEP	2026-08-15T07:59:52.8382789Z [command]/usr/local/bin/git sparse-checkout disable
review / validation	UNKNOWN STEP	2026-08-15T07:59:52.8408799Z [command]/usr/local/bin/git config --local --unset-all extensions.worktreeConfig
review / validation	UNKNOWN STEP	2026-08-15T07:59:52.8428969Z ##[group]Checking out the ref
review / validation	UNKNOWN STEP	2026-08-15T07:59:52.8431366Z [command]/usr/local/bin/git checkout --progress --force -B main refs/remotes/origin/main
review / validation	UNKNOWN STEP	2026-08-15T07:59:52.8541084Z Switched to a new branch 'main'
review / validation	UNKNOWN STEP	2026-08-15T07:59:52.8542713Z branch 'main' set up to track 'origin/main'.
review / validation	UNKNOWN STEP	2026-08-15T07:59:52.8573564Z ##[endgroup]
review / validation	UNKNOWN STEP	2026-08-15T07:59:52.8576497Z [command]/usr/local/bin/git log -1 --format=%H
review / validation	UNKNOWN STEP	2026-08-15T07:59:52.8594648Z 623a2dbaae6fffe4e0cfe4e975c4442ae8ea3116
review / validation	UNKNOWN STEP	2026-08-15T07:59:52.8739920Z ##[group]Run actions/checkout@3d3c42e5aac5ba805825da76410c181273ba90b1
review / validation	UNKNOWN STEP	2026-08-15T07:59:52.8740195Z with:
review / validation	UNKNOWN STEP	2026-08-15T07:59:52.8740320Z   ref: 12ba6b39c0af9a6d56e9e81963a3e5b56d59a7d6
review / validation	UNKNOWN STEP	2026-08-15T07:59:52.8740473Z   path: submission
review / validation	UNKNOWN STEP	2026-08-15T07:59:52.8740592Z   persist-credentials: false
review / validation	UNKNOWN STEP	2026-08-15T07:59:52.8740728Z   allow-unsafe-pr-checkout: true
review / validation	UNKNOWN STEP	2026-08-15T07:59:52.8740940Z   repository: handshake-project-dynamo/dynamo-1573c1a-data-querying-and-databases
review / validation	UNKNOWN STEP	2026-08-15T07:59:52.8742330Z   token: ***
review / validation	UNKNOWN STEP	2026-08-15T07:59:52.8742435Z   ssh-strict: true
review / validation	UNKNOWN STEP	2026-08-15T07:59:52.8742546Z   ssh-user: git
review / validation	UNKNOWN STEP	2026-08-15T07:59:52.8742650Z   clean: true
review / validation	UNKNOWN STEP	2026-08-15T07:59:52.8742764Z   sparse-checkout-cone-mode: true
review / validation	UNKNOWN STEP	2026-08-15T07:59:52.8742900Z   fetch-depth: 1
review / validation	UNKNOWN STEP	2026-08-15T07:59:52.8743000Z   fetch-tags: false
review / validation	UNKNOWN STEP	2026-08-15T07:59:52.8743120Z   show-progress: true
review / validation	UNKNOWN STEP	2026-08-15T07:59:52.8743224Z   lfs: false
review / validation	UNKNOWN STEP	2026-08-15T07:59:52.8743320Z   submodules: false
review / validation	UNKNOWN STEP	2026-08-15T07:59:52.8743506Z   set-safe-directory: true
review / validation	UNKNOWN STEP	2026-08-15T07:59:52.8743633Z env:
review / validation	UNKNOWN STEP	2026-08-15T07:59:52.8744763Z   GH_TOKEN: ***
review / validation	UNKNOWN STEP	2026-08-15T07:59:52.8744940Z   REPO: handshake-project-dynamo/dynamo-1573c1a-data-querying-and-databases
review / validation	UNKNOWN STEP	2026-08-15T07:59:52.8745138Z   PR_NUMBER: 5
review / validation	UNKNOWN STEP	2026-08-15T07:59:52.8745252Z   BLACKSMITH_RUNNER_MESSAGE_WAIT_MS: 1226
review / validation	UNKNOWN STEP	2026-08-15T07:59:52.8745404Z   BLACKSMITH_RUNNER_ACQUIRE_JOB_MS: 1159
review / validation	UNKNOWN STEP	2026-08-15T07:59:52.8745630Z   GITHUB_REPO_NAME: handshake-project-dynamo/dynamo-1573c1a-data-querying-and-databases
review / validation	UNKNOWN STEP	2026-08-15T07:59:52.8745847Z ##[endgroup]
review / validation	UNKNOWN STEP	2026-08-15T07:59:52.9200434Z Syncing repository: handshake-project-dynamo/dynamo-1573c1a-data-querying-and-databases
review / validation	UNKNOWN STEP	2026-08-15T07:59:52.9201385Z ##[group]Getting Git version info
review / validation	UNKNOWN STEP	2026-08-15T07:59:52.9201718Z Working directory is '/home/runner/_work/dynamo-1573c1a-data-querying-and-databases/dynamo-1573c1a-data-querying-and-databases/submission'
review / validation	UNKNOWN STEP	2026-08-15T07:59:52.9219410Z [command]/usr/local/bin/git version
review / validation	UNKNOWN STEP	2026-08-15T07:59:52.9244780Z git version 2.52.0
review / validation	UNKNOWN STEP	2026-08-15T07:59:52.9252932Z ##[endgroup]
review / validation	UNKNOWN STEP	2026-08-15T07:59:52.9256735Z Temporarily overriding HOME='/home/runner/_work/_temp/bcb49313-5313-4f7e-8daf-10cab2e9af49' before making global git config changes
review / validation	UNKNOWN STEP	2026-08-15T07:59:52.9257096Z Adding repository directory to the temporary git global config as a safe directory
review / validation	UNKNOWN STEP	2026-08-15T07:59:52.9260219Z [command]/usr/local/bin/git config --global --add safe.directory /home/runner/_work/dynamo-1573c1a-data-querying-and-databases/dynamo-1573c1a-data-querying-and-databases/submission
review / validation	UNKNOWN STEP	2026-08-15T07:59:52.9280112Z ##[group]Determining repository object format
review / validation	UNKNOWN STEP	2026-08-15T07:59:52.9280933Z ##[endgroup]
review / validation	UNKNOWN STEP	2026-08-15T07:59:52.9281123Z ##[group]Initializing the repository
review / validation	UNKNOWN STEP	2026-08-15T07:59:52.9283418Z [command]/usr/local/bin/git init /home/runner/_work/dynamo-1573c1a-data-querying-and-databases/dynamo-1573c1a-data-querying-and-databases/submission
review / validation	UNKNOWN STEP	2026-08-15T07:59:52.9304646Z hint: Using 'master' as the name for the initial branch. This default branch name
review / validation	UNKNOWN STEP	2026-08-15T07:59:52.9304968Z hint: will change to "main" in Git 3.0. To configure the initial branch name
review / validation	UNKNOWN STEP	2026-08-15T07:59:52.9305232Z hint: to use in all of your new repositories, which will suppress this warning,
review / validation	UNKNOWN STEP	2026-08-15T07:59:52.9305419Z hint: call:
review / validation	UNKNOWN STEP	2026-08-15T07:59:52.9305516Z hint:
review / validation	UNKNOWN STEP	2026-08-15T07:59:52.9305662Z hint: 	git config --global init.defaultBranch <name>
review / validation	UNKNOWN STEP	2026-08-15T07:59:52.9305811Z hint:
review / validation	UNKNOWN STEP	2026-08-15T07:59:52.9305971Z hint: Names commonly chosen instead of 'master' are 'main', 'trunk' and
review / validation	UNKNOWN STEP	2026-08-15T07:59:52.9306224Z hint: 'development'. The just-created branch can be renamed via this command:
review / validation	UNKNOWN STEP	2026-08-15T07:59:52.9306413Z hint:
review / validation	UNKNOWN STEP	2026-08-15T07:59:52.9306560Z hint: 	git branch -m <name>
review / validation	UNKNOWN STEP	2026-08-15T07:59:52.9306674Z hint:
review / validation	UNKNOWN STEP	2026-08-15T07:59:52.9306844Z hint: Disable this message with "git config set advice.defaultBranchName false"
review / validation	UNKNOWN STEP	2026-08-15T07:59:52.9307475Z Initialized empty Git repository in /home/runner/_work/dynamo-1573c1a-data-querying-and-databases/dynamo-1573c1a-data-querying-and-databases/submission/.git/
review / validation	UNKNOWN STEP	2026-08-15T07:59:52.9309566Z [command]/usr/local/bin/git remote add origin https://github.com/handshake-project-dynamo/dynamo-1573c1a-data-querying-and-databases
review / validation	UNKNOWN STEP	2026-08-15T07:59:52.9328081Z ##[endgroup]
review / validation	UNKNOWN STEP	2026-08-15T07:59:52.9328290Z ##[group]Disabling automatic garbage collection
review / validation	UNKNOWN STEP	2026-08-15T07:59:52.9330051Z [command]/usr/local/bin/git config --local gc.auto 0
review / validation	UNKNOWN STEP	2026-08-15T07:59:52.9348125Z ##[endgroup]
review / validation	UNKNOWN STEP	2026-08-15T07:59:52.9348310Z ##[group]Setting up auth
review / validation	UNKNOWN STEP	2026-08-15T07:59:52.9348464Z Removing SSH command configuration
review / validation	UNKNOWN STEP	2026-08-15T07:59:52.9351358Z [command]/usr/local/bin/git config --local --name-only --get-regexp core\.sshCommand
review / validation	UNKNOWN STEP	2026-08-15T07:59:52.9371137Z [command]/usr/local/bin/git submodule foreach --recursive sh -c "git config --local --name-only --get-regexp 'core\.sshCommand' && git config --local --unset-all 'core.sshCommand' || :"
review / validation	UNKNOWN STEP	2026-08-15T07:59:52.9472083Z Removing HTTP extra header
review / validation	UNKNOWN STEP	2026-08-15T07:59:52.9474496Z [command]/usr/local/bin/git config --local --name-only --get-regexp http\.https\:\/\/github\.com\/\.extraheader
review / validation	UNKNOWN STEP	2026-08-15T07:59:52.9494532Z [command]/usr/local/bin/git submodule foreach --recursive sh -c "git config --local --name-only --get-regexp 'http\.https\:\/\/github\.com\/\.extraheader' && git config --local --unset-all 'http.https://github.com/.extraheader' || :"
review / validation	UNKNOWN STEP	2026-08-15T07:59:52.9595226Z Removing includeIf entries pointing to credentials config files
review / validation	UNKNOWN STEP	2026-08-15T07:59:52.9599730Z [command]/usr/local/bin/git config --local --name-only --get-regexp ^includeIf\.gitdir:
review / validation	UNKNOWN STEP	2026-08-15T07:59:52.9619130Z [command]/usr/local/bin/git submodule foreach --recursive git config --local --show-origin --name-only --get-regexp remote.origin.url
review / validation	UNKNOWN STEP	2026-08-15T07:59:52.9721824Z [command]/usr/local/bin/git config --file /home/runner/_work/_temp/git-credentials-9f420bea-cc75-46cd-b733-ba0065a39047.config http.https://github.com/.extraheader AUTHORIZATION: basic ***
review / validation	UNKNOWN STEP	2026-08-15T07:59:52.9747672Z [command]/usr/local/bin/git config --local includeIf.gitdir:/home/runner/_work/dynamo-1573c1a-data-querying-and-databases/dynamo-1573c1a-data-querying-and-databases/submission/.git.path /home/runner/_work/_temp/git-credentials-9f420bea-cc75-46cd-b733-ba0065a39047.config
review / validation	UNKNOWN STEP	2026-08-15T07:59:52.9767576Z [command]/usr/local/bin/git config --local includeIf.gitdir:/home/runner/_work/dynamo-1573c1a-data-querying-and-databases/dynamo-1573c1a-data-querying-and-databases/submission/.git/worktrees/*.path /home/runner/_work/_temp/git-credentials-9f420bea-cc75-46cd-b733-ba0065a39047.config
review / validation	UNKNOWN STEP	2026-08-15T07:59:52.9788992Z [command]/usr/local/bin/git config --local includeIf.gitdir:/github/workspace/submission/.git.path /github/runner_temp/git-credentials-9f420bea-cc75-46cd-b733-ba0065a39047.config
review / validation	UNKNOWN STEP	2026-08-15T07:59:52.9808752Z [command]/usr/local/bin/git config --local includeIf.gitdir:/github/workspace/submission/.git/worktrees/*.path /github/runner_temp/git-credentials-9f420bea-cc75-46cd-b733-ba0065a39047.config
review / validation	UNKNOWN STEP	2026-08-15T07:59:52.9825741Z ##[endgroup]
review / validation	UNKNOWN STEP	2026-08-15T07:59:52.9825942Z ##[group]Fetching the repository
review / validation	UNKNOWN STEP	2026-08-15T07:59:52.9829905Z [command]/usr/local/bin/git -c protocol.version=2 fetch --no-tags --prune --no-recurse-submodules --depth=1 origin 12ba6b39c0af9a6d56e9e81963a3e5b56d59a7d6
review / validation	UNKNOWN STEP	2026-08-15T07:59:53.8927603Z From https://github.com/handshake-project-dynamo/dynamo-1573c1a-data-querying-and-databases
review / validation	UNKNOWN STEP	2026-08-15T07:59:53.8927979Z  * branch            12ba6b39c0af9a6d56e9e81963a3e5b56d59a7d6 -> FETCH_HEAD
review / validation	UNKNOWN STEP	2026-08-15T07:59:53.8942222Z [command]/usr/local/bin/git rev-parse --verify --quiet 12ba6b39c0af9a6d56e9e81963a3e5b56d59a7d6^{object}
review / validation	UNKNOWN STEP	2026-08-15T07:59:53.8960465Z 12ba6b39c0af9a6d56e9e81963a3e5b56d59a7d6
review / validation	UNKNOWN STEP	2026-08-15T07:59:53.8962598Z ##[endgroup]
review / validation	UNKNOWN STEP	2026-08-15T07:59:53.8962814Z ##[group]Determining the checkout info
review / validation	UNKNOWN STEP	2026-08-15T07:59:53.8963095Z ##[endgroup]
review / validation	UNKNOWN STEP	2026-08-15T07:59:53.8965605Z [command]/usr/local/bin/git sparse-checkout disable
review / validation	UNKNOWN STEP	2026-08-15T07:59:53.8987310Z [command]/usr/local/bin/git config --local --unset-all extensions.worktreeConfig
review / validation	UNKNOWN STEP	2026-08-15T07:59:53.9004674Z ##[group]Checking out the ref
review / validation	UNKNOWN STEP	2026-08-15T07:59:53.9007638Z [command]/usr/local/bin/git checkout --progress --force 12ba6b39c0af9a6d56e9e81963a3e5b56d59a7d6
review / validation	UNKNOWN STEP	2026-08-15T07:59:53.9155702Z Note: switching to '12ba6b39c0af9a6d56e9e81963a3e5b56d59a7d6'.
review / validation	UNKNOWN STEP	2026-08-15T07:59:53.9155879Z 
review / validation	UNKNOWN STEP	2026-08-15T07:59:53.9156001Z You are in 'detached HEAD' state. You can look around, make experimental
review / validation	UNKNOWN STEP	2026-08-15T07:59:53.9156246Z changes and commit them, and you can discard any commits you make in this
review / validation	UNKNOWN STEP	2026-08-15T07:59:53.9156549Z state without impacting any branches by switching back to a branch.
review / validation	UNKNOWN STEP	2026-08-15T07:59:53.9156685Z 
review / validation	UNKNOWN STEP	2026-08-15T07:59:53.9156787Z If you want to create a new branch to retain commits you create, you may
review / validation	UNKNOWN STEP	2026-08-15T07:59:53.9157003Z do so (now or later) by using -c with the switch command. Example:
review / validation	UNKNOWN STEP	2026-08-15T07:59:53.9157223Z 
review / validation	UNKNOWN STEP	2026-08-15T07:59:53.9157289Z   git switch -c <new-branch-name>
review / validation	UNKNOWN STEP	2026-08-15T07:59:53.9157524Z 
review / validation	UNKNOWN STEP	2026-08-15T07:59:53.9157584Z Or undo this operation with:
review / validation	UNKNOWN STEP	2026-08-15T07:59:53.9157669Z 
review / validation	UNKNOWN STEP	2026-08-15T07:59:53.9157729Z   git switch -
review / validation	UNKNOWN STEP	2026-08-15T07:59:53.9157795Z 
review / validation	UNKNOWN STEP	2026-08-15T07:59:53.9157911Z Turn off this advice by setting config variable advice.detachedHead to false
review / validation	UNKNOWN STEP	2026-08-15T07:59:53.9158060Z 
review / validation	UNKNOWN STEP	2026-08-15T07:59:53.9158182Z HEAD is now at 12ba6b3 fix(instruction): disambiguate substitute conversion in Step 5
review / validation	UNKNOWN STEP	2026-08-15T07:59:53.9160235Z ##[endgroup]
review / validation	UNKNOWN STEP	2026-08-15T07:59:53.9188960Z [command]/usr/local/bin/git log -1 --format=%H
review / validation	UNKNOWN STEP	2026-08-15T07:59:53.9206483Z 12ba6b39c0af9a6d56e9e81963a3e5b56d59a7d6
review / validation	UNKNOWN STEP	2026-08-15T07:59:53.9212523Z ##[group]Removing auth
review / validation	UNKNOWN STEP	2026-08-15T07:59:53.9212707Z Removing SSH command configuration
review / validation	UNKNOWN STEP	2026-08-15T07:59:53.9214901Z [command]/usr/local/bin/git config --local --name-only --get-regexp core\.sshCommand
review / validation	UNKNOWN STEP	2026-08-15T07:59:53.9242171Z [command]/usr/local/bin/git submodule foreach --recursive sh -c "git config --local --name-only --get-regexp 'core\.sshCommand' && git config --local --unset-all 'core.sshCommand' || :"
review / validation	UNKNOWN STEP	2026-08-15T07:59:53.9343961Z Removing HTTP extra header
review / validation	UNKNOWN STEP	2026-08-15T07:59:53.9346010Z [command]/usr/local/bin/git config --local --name-only --get-regexp http\.https\:\/\/github\.com\/\.extraheader
review / validation	UNKNOWN STEP	2026-08-15T07:59:53.9369212Z [command]/usr/local/bin/git submodule foreach --recursive sh -c "git config --local --name-only --get-regexp 'http\.https\:\/\/github\.com\/\.extraheader' && git config --local --unset-all 'http.https://github.com/.extraheader' || :"
review / validation	UNKNOWN STEP	2026-08-15T07:59:53.9474397Z Removing includeIf entries pointing to credentials config files
review / validation	UNKNOWN STEP	2026-08-15T07:59:53.9476616Z [command]/usr/local/bin/git config --local --name-only --get-regexp ^includeIf\.gitdir:
review / validation	UNKNOWN STEP	2026-08-15T07:59:53.9494126Z includeif.gitdir:/home/runner/_work/dynamo-1573c1a-data-querying-and-databases/dynamo-1573c1a-data-querying-and-databases/submission/.git.path
review / validation	UNKNOWN STEP	2026-08-15T07:59:53.9494955Z includeif.gitdir:/home/runner/_work/dynamo-1573c1a-data-querying-and-databases/dynamo-1573c1a-data-querying-and-databases/submission/.git/worktrees/*.path
review / validation	UNKNOWN STEP	2026-08-15T07:59:53.9495572Z includeif.gitdir:/github/workspace/submission/.git.path
review / validation	UNKNOWN STEP	2026-08-15T07:59:53.9495922Z includeif.gitdir:/github/workspace/submission/.git/worktrees/*.path
review / validation	UNKNOWN STEP	2026-08-15T07:59:53.9499498Z [command]/usr/local/bin/git config --local --get-all includeif.gitdir:/home/runner/_work/dynamo-1573c1a-data-querying-and-databases/dynamo-1573c1a-data-querying-and-databases/submission/.git.path
review / validation	UNKNOWN STEP	2026-08-15T07:59:53.9532650Z /home/runner/_work/_temp/git-credentials-9f420bea-cc75-46cd-b733-ba0065a39047.config
review / validation	UNKNOWN STEP	2026-08-15T07:59:53.9535207Z [command]/usr/local/bin/git config --local --unset includeif.gitdir:/home/runner/_work/dynamo-1573c1a-data-querying-and-databases/dynamo-1573c1a-data-querying-and-databases/submission/.git.path \/home\/runner\/_work\/_temp\/git\-credentials\-9f420bea\-cc75\-46cd\-b733\-ba0065a39047\.config
review / validation	UNKNOWN STEP	2026-08-15T07:59:53.9560093Z [command]/usr/local/bin/git config --local --get-all includeif.gitdir:/home/runner/_work/dynamo-1573c1a-data-querying-and-databases/dynamo-1573c1a-data-querying-and-databases/submission/.git/worktrees/*.path
review / validation	UNKNOWN STEP	2026-08-15T07:59:53.9575279Z /home/runner/_work/_temp/git-credentials-9f420bea-cc75-46cd-b733-ba0065a39047.config
review / validation	UNKNOWN STEP	2026-08-15T07:59:53.9580285Z [command]/usr/local/bin/git config --local --unset includeif.gitdir:/home/runner/_work/dynamo-1573c1a-data-querying-and-databases/dynamo-1573c1a-data-querying-and-databases/submission/.git/worktrees/*.path \/home\/runner\/_work\/_temp\/git\-credentials\-9f420bea\-cc75\-46cd\-b733\-ba0065a39047\.config
review / validation	UNKNOWN STEP	2026-08-15T07:59:53.9601706Z [command]/usr/local/bin/git config --local --get-all includeif.gitdir:/github/workspace/submission/.git.path
review / validation	UNKNOWN STEP	2026-08-15T07:59:53.9615511Z /github/runner_temp/git-credentials-9f420bea-cc75-46cd-b733-ba0065a39047.config
review / validation	UNKNOWN STEP	2026-08-15T07:59:53.9618998Z [command]/usr/local/bin/git config --local --unset includeif.gitdir:/github/workspace/submission/.git.path \/github\/runner_temp\/git\-credentials\-9f420bea\-cc75\-46cd\-b733\-ba0065a39047\.config
review / validation	UNKNOWN STEP	2026-08-15T07:59:53.9640314Z [command]/usr/local/bin/git config --local --get-all includeif.gitdir:/github/workspace/submission/.git/worktrees/*.path
review / validation	UNKNOWN STEP	2026-08-15T07:59:53.9654875Z /github/runner_temp/git-credentials-9f420bea-cc75-46cd-b733-ba0065a39047.config
review / validation	UNKNOWN STEP	2026-08-15T07:59:53.9657952Z [command]/usr/local/bin/git config --local --unset includeif.gitdir:/github/workspace/submission/.git/worktrees/*.path \/github\/runner_temp\/git\-credentials\-9f420bea\-cc75\-46cd\-b733\-ba0065a39047\.config
review / validation	UNKNOWN STEP	2026-08-15T07:59:53.9678146Z [command]/usr/local/bin/git submodule foreach --recursive git config --local --show-origin --name-only --get-regexp remote.origin.url
review / validation	UNKNOWN STEP	2026-08-15T07:59:53.9773126Z Removing credentials config '/home/runner/_work/_temp/git-credentials-9f420bea-cc75-46cd-b733-ba0065a39047.config'
review / validation	UNKNOWN STEP	2026-08-15T07:59:53.9778718Z ##[endgroup]
review / validation	UNKNOWN STEP	2026-08-15T07:59:53.9887084Z Node 20 is being deprecated. This workflow is running with Node 24 by default. If you need to temporarily use Node 20, you can set the ACTIONS_ALLOW_USE_UNSECURE_NODE_VERSION=true environment variable. For more information see: https://github.blog/changelog/2025-09-19-deprecation-of-node-20-on-github-actions-runners/
review / validation	UNKNOWN STEP	2026-08-15T07:59:53.9887755Z ##[group]Run marocchino/sticky-pull-request-comment@773744901bac0e8cbb5a0dc842800d45e9b2b405
review / validation	UNKNOWN STEP	2026-08-15T07:59:53.9887970Z with:
review / validation	UNKNOWN STEP	2026-08-15T07:59:53.9888076Z   header: task-validation
review / validation	UNKNOWN STEP	2026-08-15T07:59:53.9888191Z   number: 5
review / validation	UNKNOWN STEP	2026-08-15T07:59:53.9888408Z   message: ### Task Validation ⏳
review / validation	UNKNOWN STEP	Static checks + rubric review passed — running Docker build, oracle, and nop...
review / validation	UNKNOWN STEP	
review / validation	UNKNOWN STEP	2026-08-15T07:59:53.9888649Z   append: false
review / validation	UNKNOWN STEP	2026-08-15T07:59:53.9888752Z   recreate: false
review / validation	UNKNOWN STEP	2026-08-15T07:59:53.9888850Z   delete: false
review / validation	UNKNOWN STEP	2026-08-15T07:59:53.9888949Z   only_create: false
review / validation	UNKNOWN STEP	2026-08-15T07:59:53.9889053Z   only_update: false
review / validation	UNKNOWN STEP	2026-08-15T07:59:53.9889189Z   hide_details: false
review / validation	UNKNOWN STEP	2026-08-15T07:59:53.9889296Z   hide: false
review / validation	UNKNOWN STEP	2026-08-15T07:59:53.9889395Z   hide_and_recreate: false
review / validation	UNKNOWN STEP	2026-08-15T07:59:53.9889510Z   hide_classify: OUTDATED
review / validation	UNKNOWN STEP	2026-08-15T07:59:53.9889623Z   ignore_empty: false
review / validation	UNKNOWN STEP	2026-08-15T07:59:53.9889728Z   skip_unchanged: false
review / validation	UNKNOWN STEP	2026-08-15T07:59:53.9889957Z   follow_symbolic_links: false
review / validation	UNKNOWN STEP	2026-08-15T07:59:53.9891100Z   GITHUB_TOKEN: ***
review / validation	UNKNOWN STEP	2026-08-15T07:59:53.9891204Z env:
review / validation	UNKNOWN STEP	2026-08-15T07:59:53.9892284Z   GH_TOKEN: ***
review / validation	UNKNOWN STEP	2026-08-15T07:59:53.9892450Z   REPO: handshake-project-dynamo/dynamo-1573c1a-data-querying-and-databases
review / validation	UNKNOWN STEP	2026-08-15T07:59:53.9892643Z   PR_NUMBER: 5
review / validation	UNKNOWN STEP	2026-08-15T07:59:53.9892759Z   BLACKSMITH_RUNNER_MESSAGE_WAIT_MS: 1226
review / validation	UNKNOWN STEP	2026-08-15T07:59:53.9892903Z   BLACKSMITH_RUNNER_ACQUIRE_JOB_MS: 1159
review / validation	UNKNOWN STEP	2026-08-15T07:59:53.9893112Z   GITHUB_REPO_NAME: handshake-project-dynamo/dynamo-1573c1a-data-querying-and-databases
review / validation	UNKNOWN STEP	2026-08-15T07:59:53.9893317Z ##[endgroup]
review / validation	UNKNOWN STEP	2026-08-15T07:59:55.6534441Z ##[group]Run ENV_BACKEND="docker"
review / validation	UNKNOWN STEP	2026-08-15T07:59:55.6534641Z ^[[36;1mENV_BACKEND="docker"^[[0m
review / validation	UNKNOWN STEP	2026-08-15T07:59:55.6534815Z ^[[36;1mif [ -f .harbor/harbor-run-defaults.yml ]; then^[[0m
review / validation	UNKNOWN STEP	2026-08-15T07:59:55.6535110Z ^[[36;1m  sudo wget -qO /usr/local/bin/yq https://github.com/mikefarah/yq/releases/latest/download/yq_linux_amd64^[[0m
review / validation	UNKNOWN STEP	2026-08-15T07:59:55.6535380Z ^[[36;1m  sudo chmod +x /usr/local/bin/yq^[[0m
review / validation	UNKNOWN STEP	2026-08-15T07:59:55.6535580Z ^[[36;1m  ENV_BACKEND=$(yq '.validate_env // "docker"' .harbor/harbor-run-defaults.yml)^[[0m
review / validation	UNKNOWN STEP	2026-08-15T07:59:55.6535773Z ^[[36;1mfi^[[0m
review / validation	UNKNOWN STEP	2026-08-15T07:59:55.6535904Z ^[[36;1mecho "env_backend=$ENV_BACKEND" >> $GITHUB_OUTPUT^[[0m
review / validation	UNKNOWN STEP	2026-08-15T07:59:55.6554201Z shell: /usr/bin/bash -e {0}
review / validation	UNKNOWN STEP	2026-08-15T07:59:55.6554327Z env:
review / validation	UNKNOWN STEP	2026-08-15T07:59:55.6555778Z   GH_TOKEN: ***
review / validation	UNKNOWN STEP	2026-08-15T07:59:55.6555953Z   REPO: handshake-project-dynamo/dynamo-1573c1a-data-querying-and-databases
review / validation	UNKNOWN STEP	2026-08-15T07:59:55.6556149Z   PR_NUMBER: 5
review / validation	UNKNOWN STEP	2026-08-15T07:59:55.6556291Z   BLACKSMITH_RUNNER_MESSAGE_WAIT_MS: 1226
review / validation	UNKNOWN STEP	2026-08-15T07:59:55.6556435Z   BLACKSMITH_RUNNER_ACQUIRE_JOB_MS: 1159
review / validation	UNKNOWN STEP	2026-08-15T07:59:55.6556644Z   GITHUB_REPO_NAME: handshake-project-dynamo/dynamo-1573c1a-data-querying-and-databases
review / validation	UNKNOWN STEP	2026-08-15T07:59:55.6556856Z ##[endgroup]
review / validation	UNKNOWN STEP	2026-08-15T07:59:56.0140838Z Node 20 is being deprecated. This workflow is running with Node 24 by default. If you need to temporarily use Node 20, you can set the ACTIONS_ALLOW_USE_UNSECURE_NODE_VERSION=true environment variable. For more information see: https://github.blog/changelog/2025-09-19-deprecation-of-node-20-on-github-actions-runners/
review / validation	UNKNOWN STEP	2026-08-15T07:59:56.0141467Z ##[group]Run actions/setup-python@a26af69be951a213d495a4c3e4e4022e16d87065
review / validation	UNKNOWN STEP	2026-08-15T07:59:56.0141650Z with:
review / validation	UNKNOWN STEP	2026-08-15T07:59:56.0141751Z   python-version: 3.11
review / validation	UNKNOWN STEP	2026-08-15T07:59:56.0141868Z   check-latest: false
review / validation	UNKNOWN STEP	2026-08-15T07:59:56.0142998Z   token: ***
review / validation	UNKNOWN STEP	2026-08-15T07:59:56.0143102Z   update-environment: true
review / validation	UNKNOWN STEP	2026-08-15T07:59:56.0143225Z   allow-prereleases: false
review / validation	UNKNOWN STEP	2026-08-15T07:59:56.0143340Z   freethreaded: false
review / validation	UNKNOWN STEP	2026-08-15T07:59:56.0143444Z env:
review / validation	UNKNOWN STEP	2026-08-15T07:59:56.0144508Z   GH_TOKEN: ***
review / validation	UNKNOWN STEP	2026-08-15T07:59:56.0144677Z   REPO: handshake-project-dynamo/dynamo-1573c1a-data-querying-and-databases
review / validation	UNKNOWN STEP	2026-08-15T07:59:56.0144869Z   PR_NUMBER: 5
review / validation	UNKNOWN STEP	2026-08-15T07:59:56.0145001Z   BLACKSMITH_RUNNER_MESSAGE_WAIT_MS: 1226
review / validation	UNKNOWN STEP	2026-08-15T07:59:56.0145145Z   BLACKSMITH_RUNNER_ACQUIRE_JOB_MS: 1159
review / validation	UNKNOWN STEP	2026-08-15T07:59:56.0145466Z   GITHUB_REPO_NAME: handshake-project-dynamo/dynamo-1573c1a-data-querying-and-databases
review / validation	UNKNOWN STEP	2026-08-15T07:59:56.0145677Z ##[endgroup]
review / validation	UNKNOWN STEP	2026-08-15T07:59:56.0780361Z ##[group]Installed versions
review / validation	UNKNOWN STEP	2026-08-15T07:59:56.0823202Z (node:4410) [DEP0040] DeprecationWarning: The `punycode` module is deprecated. Please use a userland alternative instead.
review / validation	UNKNOWN STEP	2026-08-15T07:59:56.0823563Z (Use `node --trace-deprecation ...` to show where the warning was created)
review / validation	UNKNOWN STEP	2026-08-15T07:59:56.0823850Z Successfully set up CPython (3.11.14)
review / validation	UNKNOWN STEP	2026-08-15T07:59:56.0824094Z ##[endgroup]
review / validation	UNKNOWN STEP	2026-08-15T07:59:56.0898956Z Node 20 is being deprecated. This workflow is running with Node 24 by default. If you need to temporarily use Node 20, you can set the ACTIONS_ALLOW_USE_UNSECURE_NODE_VERSION=true environment variable. For more information see: https://github.blog/changelog/2025-09-19-deprecation-of-node-20-on-github-actions-runners/
review / validation	UNKNOWN STEP	2026-08-15T07:59:56.0899610Z ##[group]Run astral-sh/setup-uv@38f3f104447c67c051c4a08e39b64a148898af3a
review / validation	UNKNOWN STEP	2026-08-15T07:59:56.0899811Z with:
review / validation	UNKNOWN STEP	2026-08-15T07:59:56.0899912Z   version: latest
review / validation	UNKNOWN STEP	2026-08-15T07:59:56.0901108Z   github-token: ***
review / validation	UNKNOWN STEP	2026-08-15T07:59:56.0901224Z   enable-cache: false
review / validation	UNKNOWN STEP	2026-08-15T07:59:56.0901352Z   cache-dependency-glob: **/uv.lock
review / validation	UNKNOWN STEP	2026-08-15T07:59:56.0901494Z   prune-cache: true
review / validation	UNKNOWN STEP	2026-08-15T07:59:56.0901613Z   ignore-nothing-to-cache: false
review / validation	UNKNOWN STEP	2026-08-15T07:59:56.0901744Z env:
review / validation	UNKNOWN STEP	2026-08-15T07:59:56.0902905Z   GH_TOKEN: ***
review / validation	UNKNOWN STEP	2026-08-15T07:59:56.0903083Z   REPO: handshake-project-dynamo/dynamo-1573c1a-data-querying-and-databases
review / validation	UNKNOWN STEP	2026-08-15T07:59:56.0903310Z   PR_NUMBER: 5
review / validation	UNKNOWN STEP	2026-08-15T07:59:56.0903428Z   BLACKSMITH_RUNNER_MESSAGE_WAIT_MS: 1226
review / validation	UNKNOWN STEP	2026-08-15T07:59:56.0903578Z   BLACKSMITH_RUNNER_ACQUIRE_JOB_MS: 1159
review / validation	UNKNOWN STEP	2026-08-15T07:59:56.0903803Z   GITHUB_REPO_NAME: handshake-project-dynamo/dynamo-1573c1a-data-querying-and-databases
review / validation	UNKNOWN STEP	2026-08-15T07:59:56.0904061Z   pythonLocation: /opt/hostedtoolcache/Python/3.11.14/x64
review / validation	UNKNOWN STEP	2026-08-15T07:59:56.0904288Z   PKG_CONFIG_PATH: /opt/hostedtoolcache/Python/3.11.14/x64/lib/pkgconfig
review / validation	UNKNOWN STEP	2026-08-15T07:59:56.0904511Z   Python_ROOT_DIR: /opt/hostedtoolcache/Python/3.11.14/x64
review / validation	UNKNOWN STEP	2026-08-15T07:59:56.0904705Z   Python2_ROOT_DIR: /opt/hostedtoolcache/Python/3.11.14/x64
review / validation	UNKNOWN STEP	2026-08-15T07:59:56.0904902Z   Python3_ROOT_DIR: /opt/hostedtoolcache/Python/3.11.14/x64
review / validation	UNKNOWN STEP	2026-08-15T07:59:56.0905103Z   LD_LIBRARY_PATH: /opt/hostedtoolcache/Python/3.11.14/x64/lib
review / validation	UNKNOWN STEP	2026-08-15T07:59:56.0905275Z ##[endgroup]
review / validation	UNKNOWN STEP	2026-08-15T07:59:56.1530678Z (node:4418) [DEP0040] DeprecationWarning: The `punycode` module is deprecated. Please use a userland alternative instead.
review / validation	UNKNOWN STEP	2026-08-15T07:59:56.1531047Z (Use `node --trace-deprecation ...` to show where the warning was created)
review / validation	UNKNOWN STEP	2026-08-15T07:59:56.5270234Z Downloading uv from "https://github.com/astral-sh/uv/releases/download/0.12.5/uv-x86_64-unknown-linux-gnu.tar.gz" ...
review / validation	UNKNOWN STEP	2026-08-15T07:59:56.8129941Z [command]/usr/bin/tar xz --warning=no-unknown-keyword --overwrite -C /home/runner/_work/_temp/11202846-2ad5-42eb-bb55-85006977da93 -f /home/runner/_work/_temp/3b54713a-8b2b-4a23-93f8-338736869e7a
review / validation	UNKNOWN STEP	2026-08-15T07:59:57.1059507Z Added /opt/hostedtoolcache/uv/0.12.5/x86_64 to the path
review / validation	UNKNOWN STEP	2026-08-15T07:59:57.1059808Z Added /home/runner/.local/bin to the path
review / validation	UNKNOWN STEP	2026-08-15T07:59:57.1066240Z Set UV_CACHE_DIR to /home/runner/_work/_temp/setup-uv-cache
review / validation	UNKNOWN STEP	2026-08-15T07:59:57.1066437Z Successfully installed uv version 0.12.5
review / validation	UNKNOWN STEP	2026-08-15T07:59:57.1113528Z ##[group]Run if [ "$ENV_BACKEND" = "docker" ]; then
review / validation	UNKNOWN STEP	2026-08-15T07:59:57.1113734Z ^[[36;1mif [ "$ENV_BACKEND" = "docker" ]; then^[[0m
review / validation	UNKNOWN STEP	2026-08-15T07:59:57.1113885Z ^[[36;1m  uv tool install harbor==0.14.0^[[0m
review / validation	UNKNOWN STEP	2026-08-15T07:59:57.1114017Z ^[[36;1melse^[[0m
review / validation	UNKNOWN STEP	2026-08-15T07:59:57.1114173Z ^[[36;1m  uv tool install --python 3.12 "harbor[$ENV_BACKEND]==0.14.0"^[[0m
review / validation	UNKNOWN STEP	2026-08-15T07:59:57.1114343Z ^[[36;1mfi^[[0m
review / validation	UNKNOWN STEP	2026-08-15T07:59:57.1132203Z shell: /usr/bin/bash -e {0}
review / validation	UNKNOWN STEP	2026-08-15T07:59:57.1132328Z env:
review / validation	UNKNOWN STEP	2026-08-15T07:59:57.1133495Z   GH_TOKEN: ***
review / validation	UNKNOWN STEP	2026-08-15T07:59:57.1133668Z   REPO: handshake-project-dynamo/dynamo-1573c1a-data-querying-and-databases
review / validation	UNKNOWN STEP	2026-08-15T07:59:57.1134024Z   PR_NUMBER: 5
review / validation	UNKNOWN STEP	2026-08-15T07:59:57.1134135Z   BLACKSMITH_RUNNER_MESSAGE_WAIT_MS: 1226
review / validation	UNKNOWN STEP	2026-08-15T07:59:57.1134279Z   BLACKSMITH_RUNNER_ACQUIRE_JOB_MS: 1159
review / validation	UNKNOWN STEP	2026-08-15T07:59:57.1134490Z   GITHUB_REPO_NAME: handshake-project-dynamo/dynamo-1573c1a-data-querying-and-databases
review / validation	UNKNOWN STEP	2026-08-15T07:59:57.1134751Z   pythonLocation: /opt/hostedtoolcache/Python/3.11.14/x64
review / validation	UNKNOWN STEP	2026-08-15T07:59:57.1134956Z   PKG_CONFIG_PATH: /opt/hostedtoolcache/Python/3.11.14/x64/lib/pkgconfig
review / validation	UNKNOWN STEP	2026-08-15T07:59:57.1135161Z   Python_ROOT_DIR: /opt/hostedtoolcache/Python/3.11.14/x64
review / validation	UNKNOWN STEP	2026-08-15T07:59:57.1135351Z   Python2_ROOT_DIR: /opt/hostedtoolcache/Python/3.11.14/x64
review / validation	UNKNOWN STEP	2026-08-15T07:59:57.1135535Z   Python3_ROOT_DIR: /opt/hostedtoolcache/Python/3.11.14/x64
review / validation	UNKNOWN STEP	2026-08-15T07:59:57.1135720Z   LD_LIBRARY_PATH: /opt/hostedtoolcache/Python/3.11.14/x64/lib
review / validation	UNKNOWN STEP	2026-08-15T07:59:57.1135902Z   UV_CACHE_DIR: /home/runner/_work/_temp/setup-uv-cache
review / validation	UNKNOWN STEP	2026-08-15T07:59:57.1136049Z   ENV_BACKEND: docker
review / validation	UNKNOWN STEP	2026-08-15T07:59:57.1136162Z ##[endgroup]
review / validation	UNKNOWN STEP	2026-08-15T07:59:57.5688677Z Resolved 96 packages in 327ms
review / validation	UNKNOWN STEP	2026-08-15T07:59:57.5826096Z Downloading cryptography (4.5MiB)
review / validation	UNKNOWN STEP	2026-08-15T07:59:57.5826467Z Downloading pydantic-core (2.0MiB)
review / validation	UNKNOWN STEP	2026-08-15T07:59:57.5826642Z Downloading openai (1.6MiB)
review / validation	UNKNOWN STEP	2026-08-15T07:59:57.5826924Z Downloading pygments (1.2MiB)
review / validation	UNKNOWN STEP	2026-08-15T07:59:57.5827491Z Downloading tiktoken (1.1MiB)
review / validation	UNKNOWN STEP	2026-08-15T07:59:57.5858512Z Downloading numpy (15.9MiB)
review / validation	UNKNOWN STEP	2026-08-15T07:59:57.5859151Z Downloading pandas (10.5MiB)
review / validation	UNKNOWN STEP	2026-08-15T07:59:57.5859639Z Downloading pyarrow (47.8MiB)
review / validation	UNKNOWN STEP	2026-08-15T07:59:57.5860706Z Downloading hf-xet (4.3MiB)
review / validation	UNKNOWN STEP	2026-08-15T07:59:57.5861682Z Downloading tokenizers (3.2MiB)
review / validation	UNKNOWN STEP	2026-08-15T07:59:57.5862309Z Downloading aiohttp (1.7MiB)
review / validation	UNKNOWN STEP	2026-08-15T07:59:57.5863086Z Downloading harbor (1.3MiB)
review / validation	UNKNOWN STEP	2026-08-15T07:59:57.5863815Z Downloading claude-agent-sdk (93.8MiB)
review / validation	UNKNOWN STEP	2026-08-15T07:59:57.5866523Z Downloading litellm (23.1MiB)
review / validation	UNKNOWN STEP	2026-08-15T07:59:57.7481402Z  Downloaded tiktoken
review / validation	UNKNOWN STEP	2026-08-15T07:59:57.8006002Z  Downloaded aiohttp
review / validation	UNKNOWN STEP	2026-08-15T07:59:57.8112988Z  Downloaded pydantic-core
review / validation	UNKNOWN STEP	2026-08-15T07:59:57.8616286Z  Downloaded tokenizers
review / validation	UNKNOWN STEP	2026-08-15T07:59:57.8941545Z  Downloaded hf-xet
review / validation	UNKNOWN STEP	2026-08-15T07:59:57.9143075Z  Downloaded pygments
review / validation	UNKNOWN STEP	2026-08-15T07:59:57.9263304Z  Downloaded cryptography
review / validation	UNKNOWN STEP	2026-08-15T07:59:57.9366334Z  Downloaded harbor
review / validation	UNKNOWN STEP	2026-08-15T07:59:58.2600139Z  Downloaded numpy
review / validation	UNKNOWN STEP	2026-08-15T07:59:58.4965427Z  Downloaded openai
review / validation	UNKNOWN STEP	2026-08-15T07:59:58.8039584Z  Downloaded claude-agent-sdk
review / validation	UNKNOWN STEP	2026-08-15T07:59:58.8181146Z  Downloaded pandas
review / validation	UNKNOWN STEP	2026-08-15T07:59:58.8337010Z  Downloaded pyarrow
review / validation	UNKNOWN STEP	2026-08-15T07:59:58.9789394Z  Downloaded litellm
review / validation	UNKNOWN STEP	2026-08-15T07:59:58.9790280Z Prepared 96 packages in 1.40s
review / validation	UNKNOWN STEP	2026-08-15T07:59:59.0226551Z Installed 96 packages in 43ms
review / validation	UNKNOWN STEP	2026-08-15T07:59:59.0226741Z  + aiohappyeyeballs==2.7.1
review / validation	UNKNOWN STEP	2026-08-15T07:59:59.0226872Z  + aiohttp==3.14.3
review / validation	UNKNOWN STEP	2026-08-15T07:59:59.0226981Z  + aiosignal==1.4.0
review / validation	UNKNOWN STEP	2026-08-15T07:59:59.0227134Z  + annotated-doc==0.0.5
review / validation	UNKNOWN STEP	2026-08-15T07:59:59.0227258Z  + annotated-types==0.8.0
review / validation	UNKNOWN STEP	2026-08-15T07:59:59.0227380Z  + anyio==4.14.2
review / validation	UNKNOWN STEP	2026-08-15T07:59:59.0227484Z  + attrs==26.1.0
review / validation	UNKNOWN STEP	2026-08-15T07:59:59.0227584Z  + certifi==2026.7.22
review / validation	UNKNOWN STEP	2026-08-15T07:59:59.0227687Z  + cffi==2.1.1
review / validation	UNKNOWN STEP	2026-08-15T07:59:59.0227791Z  + charset-normalizer==3.5.0
review / validation	UNKNOWN STEP	2026-08-15T07:59:59.0227929Z  + claude-agent-sdk==0.2.139
review / validation	UNKNOWN STEP	2026-08-15T07:59:59.0228043Z  + click==8.4.2
review / validation	UNKNOWN STEP	2026-08-15T07:59:59.0228145Z  + cryptography==50.0.0
review / validation	UNKNOWN STEP	2026-08-15T07:59:59.0228496Z  + datasets==5.0.1
review / validation	UNKNOWN STEP	2026-08-15T07:59:59.0228598Z  + deprecation==2.1.0
review / validation	UNKNOWN STEP	2026-08-15T07:59:59.0228701Z  + dill==0.4.1
review / validation	UNKNOWN STEP	2026-08-15T07:59:59.0228801Z  + dirhash==0.5.0
review / validation	UNKNOWN STEP	2026-08-15T07:59:59.0228897Z  + distro==1.9.0
review / validation	UNKNOWN STEP	2026-08-15T07:59:59.0228992Z  + fastapi==0.141.1
review / validation	UNKNOWN STEP	2026-08-15T07:59:59.0229091Z  + fastuuid==0.14.0
review / validation	UNKNOWN STEP	2026-08-15T07:59:59.0229193Z  + filelock==3.32.3
review / validation	UNKNOWN STEP	2026-08-15T07:59:59.0229295Z  + frozenlist==1.8.0
review / validation	UNKNOWN STEP	2026-08-15T07:59:59.0229396Z  + fsspec==2026.6.0
review / validation	UNKNOWN STEP	2026-08-15T07:59:59.0229490Z  + h11==0.16.0
review / validation	UNKNOWN STEP	2026-08-15T07:59:59.0229580Z  + h2==4.4.1
review / validation	UNKNOWN STEP	2026-08-15T07:59:59.0229677Z  + harbor==0.14.0
review / validation	UNKNOWN STEP	2026-08-15T07:59:59.0229772Z  + hf-xet==1.6.0
review / validation	UNKNOWN STEP	2026-08-15T07:59:59.0229865Z  + hpack==4.2.0
review / validation	UNKNOWN STEP	2026-08-15T07:59:59.0229964Z  + httpcore==1.0.9
review / validation	UNKNOWN STEP	2026-08-15T07:59:59.0230059Z  + httpx==0.28.1
review / validation	UNKNOWN STEP	2026-08-15T07:59:59.0230153Z  + httpx-sse==0.4.3
review / validation	UNKNOWN STEP	2026-08-15T07:59:59.0230258Z  + huggingface-hub==1.27.0
review / validation	UNKNOWN STEP	2026-08-15T07:59:59.0230381Z  + hyperframe==6.1.0
review / validation	UNKNOWN STEP	2026-08-15T07:59:59.0230487Z  + idna==3.18
review / validation	UNKNOWN STEP	2026-08-15T07:59:59.0230592Z  + importlib-metadata==8.9.0
review / validation	UNKNOWN STEP	2026-08-15T07:59:59.0230706Z  + jinja2==3.1.6
review / validation	UNKNOWN STEP	2026-08-15T07:59:59.0230803Z  + jiter==0.16.0
review / validation	UNKNOWN STEP	2026-08-15T07:59:59.0230898Z  + jsonschema==4.26.0
review / validation	UNKNOWN STEP	2026-08-15T07:59:59.0231021Z  + jsonschema-specifications==2025.9.1
review / validation	UNKNOWN STEP	2026-08-15T07:59:59.0231152Z  + litellm==1.96.2
review / validation	UNKNOWN STEP	2026-08-15T07:59:59.0231265Z  + markdown-it-py==4.2.0
review / validation	UNKNOWN STEP	2026-08-15T07:59:59.0231382Z  + markupsafe==3.0.3
review / validation	UNKNOWN STEP	2026-08-15T07:59:59.0231483Z  + mcp==1.29.0
review / validation	UNKNOWN STEP	2026-08-15T07:59:59.0231575Z  + mdurl==0.1.2
review / validation	UNKNOWN STEP	2026-08-15T07:59:59.0231675Z  + multidict==6.7.1
review / validation	UNKNOWN STEP	2026-08-15T07:59:59.0231781Z  + multiprocess==0.70.19
review / validation	UNKNOWN STEP	2026-08-15T07:59:59.0231888Z  + numpy==2.5.2
review / validation	UNKNOWN STEP	2026-08-15T07:59:59.0231984Z  + openai==2.54.0
review / validation	UNKNOWN STEP	2026-08-15T07:59:59.0232085Z  + packaging==26.3
review / validation	UNKNOWN STEP	2026-08-15T07:59:59.0232184Z  + pandas==3.0.5
review / validation	UNKNOWN STEP	2026-08-15T07:59:59.0232279Z  + pathspec==1.1.1
review / validation	UNKNOWN STEP	2026-08-15T07:59:59.0232379Z  + postgrest==2.31.0
review / validation	UNKNOWN STEP	2026-08-15T07:59:59.0232481Z  + propcache==0.5.2
review / validation	UNKNOWN STEP	2026-08-15T07:59:59.0232578Z  + pyarrow==25.0.1
review / validation	UNKNOWN STEP	2026-08-15T07:59:59.0232672Z  + pycparser==3.0
review / validation	UNKNOWN STEP	2026-08-15T07:59:59.0232775Z  + pydantic==2.13.4
review / validation	UNKNOWN STEP	2026-08-15T07:59:59.0232878Z  + pydantic-core==2.46.4
review / validation	UNKNOWN STEP	2026-08-15T07:59:59.0232994Z  + pydantic-settings==2.15.0
review / validation	UNKNOWN STEP	2026-08-15T07:59:59.0233110Z  + pygments==2.20.0
review / validation	UNKNOWN STEP	2026-08-15T07:59:59.0233215Z  + pyjwt==2.13.0
review / validation	UNKNOWN STEP	2026-08-15T07:59:59.0233329Z  + python-dateutil==2.9.0.post0
review / validation	UNKNOWN STEP	2026-08-15T07:59:59.0233455Z  + python-dotenv==1.2.2
review / validation	UNKNOWN STEP	2026-08-15T07:59:59.0233573Z  + python-multipart==0.0.32
review / validation	UNKNOWN STEP	2026-08-15T07:59:59.0233686Z  + pyyaml==6.0.3
review / validation	UNKNOWN STEP	2026-08-15T07:59:59.0233781Z  + realtime==2.31.0
review / validation	UNKNOWN STEP	2026-08-15T07:59:59.0233881Z  + referencing==0.37.0
review / validation	UNKNOWN STEP	2026-08-15T07:59:59.0233992Z  + regex==2026.7.19
review / validation	UNKNOWN STEP	2026-08-15T07:59:59.0234089Z  + requests==2.34.2
review / validation	UNKNOWN STEP	2026-08-15T07:59:59.0234186Z  + rich==15.0.0
review / validation	UNKNOWN STEP	2026-08-15T07:59:59.0234283Z  + rpds-py==2026.6.3
review / validation	UNKNOWN STEP	2026-08-15T07:59:59.0234388Z  + scantree==0.0.4
review / validation	UNKNOWN STEP	2026-08-15T07:59:59.0234486Z  + shellingham==1.5.4
review / validation	UNKNOWN STEP	2026-08-15T07:59:59.0234596Z  + shortuuid==1.0.13
review / validation	UNKNOWN STEP	2026-08-15T07:59:59.0234698Z  + six==1.17.0
review / validation	UNKNOWN STEP	2026-08-15T07:59:59.0234799Z  + sniffio==1.3.1
review / validation	UNKNOWN STEP	2026-08-15T07:59:59.0234905Z  + sse-starlette==3.4.8
review / validation	UNKNOWN STEP	2026-08-15T07:59:59.0235009Z  + starlette==1.6.0
review / validation	UNKNOWN STEP	2026-08-15T07:59:59.0235105Z  + storage3==2.31.0
review / validation	UNKNOWN STEP	2026-08-15T07:59:59.0235203Z  + strenum==0.4.15
review / validation	UNKNOWN STEP	2026-08-15T07:59:59.0235299Z  + supabase==2.31.0
review / validation	UNKNOWN STEP	2026-08-15T07:59:59.0235401Z  + supabase-auth==2.31.0
review / validation	UNKNOWN STEP	2026-08-15T07:59:59.0235519Z  + supabase-functions==2.31.0
review / validation	UNKNOWN STEP	2026-08-15T07:59:59.0235637Z  + tenacity==9.1.4
review / validation	UNKNOWN STEP	2026-08-15T07:59:59.0235736Z  + tiktoken==0.13.0
review / validation	UNKNOWN STEP	2026-08-15T07:59:59.0235833Z  + tokenizers==0.23.1
review / validation	UNKNOWN STEP	2026-08-15T07:59:59.0235936Z  + toml==0.10.2
review / validation	UNKNOWN STEP	2026-08-15T07:59:59.0236042Z  + tqdm==4.70.0
review / validation	UNKNOWN STEP	2026-08-15T07:59:59.0236137Z  + typer==0.27.1
review / validation	UNKNOWN STEP	2026-08-15T07:59:59.0236240Z  + typing-extensions==4.16.0
review / validation	UNKNOWN STEP	2026-08-15T07:59:59.0236366Z  + typing-inspection==0.4.4
review / validation	UNKNOWN STEP	2026-08-15T07:59:59.0236480Z  + urllib3==2.7.0
review / validation	UNKNOWN STEP	2026-08-15T07:59:59.0236575Z  + uvicorn==0.52.3
review / validation	UNKNOWN STEP	2026-08-15T07:59:59.0236672Z  + websockets==15.0.1
review / validation	UNKNOWN STEP	2026-08-15T07:59:59.0236777Z  + xxhash==4.0.0
review / validation	UNKNOWN STEP	2026-08-15T07:59:59.0236869Z  + yarl==1.24.5
review / validation	UNKNOWN STEP	2026-08-15T07:59:59.0236966Z  + zipp==4.1.0
review / validation	UNKNOWN STEP	2026-08-15T07:59:59.0248278Z Installed 3 executables: harbor, hb, hr
review / validation	UNKNOWN STEP	2026-08-15T07:59:59.0311154Z ##[group]Run TASK_NAME=$(python3 -c 'import tomllib; data=tomllib.load(open("submission/task/task.toml", "rb")); print(data.get("task", {}).get("name", ""))' 2>/dev/null || true)
review / validation	UNKNOWN STEP	2026-08-15T07:59:59.0311831Z ^[[36;1mTASK_NAME=$(python3 -c 'import tomllib; data=tomllib.load(open("submission/task/task.toml", "rb")); print(data.get("task", {}).get("name", ""))' 2>/dev/null || true)^[[0m
review / validation	UNKNOWN STEP	2026-08-15T07:59:59.0312198Z ^[[36;1mTASK_NAME="${TASK_NAME:-${GITHUB_REPOSITORY##*/}}"^[[0m
review / validation	UNKNOWN STEP	2026-08-15T07:59:59.0312368Z ^[[36;1mjq -cn \^[[0m
review / validation	UNKNOWN STEP	2026-08-15T07:59:59.0312490Z ^[[36;1m  --arg task "$TASK_NAME" \^[[0m
review / validation	UNKNOWN STEP	2026-08-15T07:59:59.0312652Z ^[[36;1m  --arg repository "$GITHUB_REPOSITORY" \^[[0m
review / validation	UNKNOWN STEP	2026-08-15T07:59:59.0312820Z ^[[36;1m  --arg sha "$DYNAMO_SHA" \^[[0m
review / validation	UNKNOWN STEP	2026-08-15T07:59:59.0312969Z ^[[36;1m  --arg run_id "$GITHUB_RUN_ID" \^[[0m
review / validation	UNKNOWN STEP	2026-08-15T07:59:59.0313127Z ^[[36;1m  --arg job "$GITHUB_JOB" \^[[0m
review / validation	UNKNOWN STEP	2026-08-15T07:59:59.0313513Z ^[[36;1m  '{"dynamo.task":$task,"dynamo.repository":$repository,"dynamo.sha":$sha,"dynamo.github_run_id":$run_id,"dynamo.github_job":$job}' \^[[0m
review / validation	UNKNOWN STEP	2026-08-15T07:59:59.0313832Z ^[[36;1m  > "$RUNNER_TEMP/dynamo-harbor-labels.json"^[[0m
review / validation	UNKNOWN STEP	2026-08-15T07:59:59.0333107Z shell: /usr/bin/bash -e {0}
review / validation	UNKNOWN STEP	2026-08-15T07:59:59.0333258Z env:
review / validation	UNKNOWN STEP	2026-08-15T07:59:59.0334502Z   GH_TOKEN: ***
review / validation	UNKNOWN STEP	2026-08-15T07:59:59.0334844Z   REPO: handshake-project-dynamo/dynamo-1573c1a-data-querying-and-databases
review / validation	UNKNOWN STEP	2026-08-15T07:59:59.0335118Z   PR_NUMBER: 5
review / validation	UNKNOWN STEP	2026-08-15T07:59:59.0335274Z   BLACKSMITH_RUNNER_MESSAGE_WAIT_MS: 1226
review / validation	UNKNOWN STEP	2026-08-15T07:59:59.0351162Z   BLACKSMITH_RUNNER_ACQUIRE_JOB_MS: 1159
review / validation	UNKNOWN STEP	2026-08-15T07:59:59.0351453Z   GITHUB_REPO_NAME: handshake-project-dynamo/dynamo-1573c1a-data-querying-and-databases
review / validation	UNKNOWN STEP	2026-08-15T07:59:59.0351718Z   pythonLocation: /opt/hostedtoolcache/Python/3.11.14/x64
review / validation	UNKNOWN STEP	2026-08-15T07:59:59.0351934Z   PKG_CONFIG_PATH: /opt/hostedtoolcache/Python/3.11.14/x64/lib/pkgconfig
review / validation	UNKNOWN STEP	2026-08-15T07:59:59.0352157Z   Python_ROOT_DIR: /opt/hostedtoolcache/Python/3.11.14/x64
review / validation	UNKNOWN STEP	2026-08-15T07:59:59.0352357Z   Python2_ROOT_DIR: /opt/hostedtoolcache/Python/3.11.14/x64
review / validation	UNKNOWN STEP	2026-08-15T07:59:59.0352553Z   Python3_ROOT_DIR: /opt/hostedtoolcache/Python/3.11.14/x64
review / validation	UNKNOWN STEP	2026-08-15T07:59:59.0352757Z   LD_LIBRARY_PATH: /opt/hostedtoolcache/Python/3.11.14/x64/lib
review / validation	UNKNOWN STEP	2026-08-15T07:59:59.0352954Z   UV_CACHE_DIR: /home/runner/_work/_temp/setup-uv-cache
review / validation	UNKNOWN STEP	2026-08-15T07:59:59.0353136Z   DYNAMO_SHA: 12ba6b39c0af9a6d56e9e81963a3e5b56d59a7d6
review / validation	UNKNOWN STEP	2026-08-15T07:59:59.0353298Z ##[endgroup]
review / validation	UNKNOWN STEP	2026-08-15T07:59:59.0632039Z ##[group]Run echo "## Docker Build" >> $GITHUB_STEP_SUMMARY
review / validation	UNKNOWN STEP	2026-08-15T07:59:59.0632330Z ^[[36;1mecho "## Docker Build" >> $GITHUB_STEP_SUMMARY^[[0m
review / validation	UNKNOWN STEP	2026-08-15T07:59:59.0632569Z ^[[36;1mif docker build -t task-env-poc submission/task/environment; then^[[0m
review / validation	UNKNOWN STEP	2026-08-15T07:59:59.0632928Z ^[[36;1m  echo "✅ Docker build successful" >> $GITHUB_STEP_SUMMARY^[[0m
review / validation	UNKNOWN STEP	2026-08-15T07:59:59.0633144Z ^[[36;1m  echo "success=true" >> $GITHUB_OUTPUT^[[0m
review / validation	UNKNOWN STEP	2026-08-15T07:59:59.0633300Z ^[[36;1melse^[[0m
review / validation	UNKNOWN STEP	2026-08-15T07:59:59.0633438Z ^[[36;1m  echo "❌ Docker build failed" >> $GITHUB_STEP_SUMMARY^[[0m
review / validation	UNKNOWN STEP	2026-08-15T07:59:59.0633617Z ^[[36;1m  echo "success=false" >> $GITHUB_OUTPUT^[[0m
review / validation	UNKNOWN STEP	2026-08-15T07:59:59.0633836Z ^[[36;1m  # The submission owns this Dockerfile, so a build failure is a verdict^[[0m
review / validation	UNKNOWN STEP	2026-08-15T07:59:59.0634235Z ^[[36;1m  # on the task rather than broken CI. Reported distinctly so a spike in^[[0m
review / validation	UNKNOWN STEP	2026-08-15T07:59:59.0634474Z ^[[36;1m  # image builds failing is never mistaken for a runner problem.^[[0m
review / validation	UNKNOWN STEP	2026-08-15T07:59:59.0634806Z ^[[36;1m  DYNAMO_FAILURE_CLASS=verdict .dynamo/fail.sh env_image_build_failed "Task environment image failed to build"^[[0m
review / validation	UNKNOWN STEP	2026-08-15T07:59:59.0635058Z ^[[36;1mfi^[[0m
review / validation	UNKNOWN STEP	2026-08-15T07:59:59.0653821Z shell: /usr/bin/bash -e {0}
review / validation	UNKNOWN STEP	2026-08-15T07:59:59.0653981Z env:
review / validation	UNKNOWN STEP	2026-08-15T07:59:59.0655223Z   GH_TOKEN: ***
review / validation	UNKNOWN STEP	2026-08-15T07:59:59.0655405Z   REPO: handshake-project-dynamo/dynamo-1573c1a-data-querying-and-databases
review / validation	UNKNOWN STEP	2026-08-15T07:59:59.0655611Z   PR_NUMBER: 5
review / validation	UNKNOWN STEP	2026-08-15T07:59:59.0655735Z   BLACKSMITH_RUNNER_MESSAGE_WAIT_MS: 1226
review / validation	UNKNOWN STEP	2026-08-15T07:59:59.0655887Z   BLACKSMITH_RUNNER_ACQUIRE_JOB_MS: 1159
review / validation	UNKNOWN STEP	2026-08-15T07:59:59.0656107Z   GITHUB_REPO_NAME: handshake-project-dynamo/dynamo-1573c1a-data-querying-and-databases
review / validation	UNKNOWN STEP	2026-08-15T07:59:59.0656366Z   pythonLocation: /opt/hostedtoolcache/Python/3.11.14/x64
review / validation	UNKNOWN STEP	2026-08-15T07:59:59.0656590Z   PKG_CONFIG_PATH: /opt/hostedtoolcache/Python/3.11.14/x64/lib/pkgconfig
review / validation	UNKNOWN STEP	2026-08-15T07:59:59.0656809Z   Python_ROOT_DIR: /opt/hostedtoolcache/Python/3.11.14/x64
review / validation	UNKNOWN STEP	2026-08-15T07:59:59.0657011Z   Python2_ROOT_DIR: /opt/hostedtoolcache/Python/3.11.14/x64
review / validation	UNKNOWN STEP	2026-08-15T07:59:59.0657237Z   Python3_ROOT_DIR: /opt/hostedtoolcache/Python/3.11.14/x64
review / validation	UNKNOWN STEP	2026-08-15T07:59:59.0657434Z   LD_LIBRARY_PATH: /opt/hostedtoolcache/Python/3.11.14/x64/lib
review / validation	UNKNOWN STEP	2026-08-15T07:59:59.0657623Z   UV_CACHE_DIR: /home/runner/_work/_temp/setup-uv-cache
review / validation	UNKNOWN STEP	2026-08-15T07:59:59.0657891Z   DYNAMO_TASK_SIMILARITY_API_TOKEN: ***
review / validation	UNKNOWN STEP	2026-08-15T07:59:59.0658028Z ##[endgroup]
review / validation	UNKNOWN STEP	2026-08-15T07:59:59.3330524Z #0 building with "default" instance using docker driver
review / validation	UNKNOWN STEP	2026-08-15T07:59:59.3330712Z 
review / validation	UNKNOWN STEP	2026-08-15T07:59:59.3330792Z #1 [internal] load build definition from Dockerfile
review / validation	UNKNOWN STEP	2026-08-15T07:59:59.3330963Z #1 transferring dockerfile: 391B done
review / validation	UNKNOWN STEP	2026-08-15T07:59:59.3331106Z #1 DONE 0.0s
review / validation	UNKNOWN STEP	2026-08-15T07:59:59.3331169Z 
review / validation	UNKNOWN STEP	2026-08-15T07:59:59.3331394Z #2 [internal] load metadata for public.ecr.aws/docker/library/python@sha256:01f42367a0a94ad4bc17111776fd66e3500c1d87c15bbd6055b7371d39c124fb
review / validation	UNKNOWN STEP	2026-08-15T07:59:59.7855550Z #2 DONE 0.6s
review / validation	UNKNOWN STEP	2026-08-15T07:59:59.8936950Z 
review / validation	UNKNOWN STEP	2026-08-15T07:59:59.8937509Z #3 [internal] load .dockerignore
review / validation	UNKNOWN STEP	2026-08-15T07:59:59.8937856Z #3 transferring context: 2B done
review / validation	UNKNOWN STEP	2026-08-15T07:59:59.8938005Z #3 DONE 0.0s
review / validation	UNKNOWN STEP	2026-08-15T07:59:59.8938070Z 
review / validation	UNKNOWN STEP	2026-08-15T07:59:59.8938250Z #4 [internal] load build context
review / validation	UNKNOWN STEP	2026-08-15T07:59:59.8938457Z #4 transferring context: 10.39kB done
review / validation	UNKNOWN STEP	2026-08-15T07:59:59.8938591Z #4 DONE 0.0s
review / validation	UNKNOWN STEP	2026-08-15T07:59:59.8938687Z 
review / validation	UNKNOWN STEP	2026-08-15T07:59:59.8939007Z #5 [1/6] FROM public.ecr.aws/docker/library/python@sha256:01f42367a0a94ad4bc17111776fd66e3500c1d87c15bbd6055b7371d39c124fb
review / validation	UNKNOWN STEP	2026-08-15T07:59:59.8939419Z #5 resolve public.ecr.aws/docker/library/python@sha256:01f42367a0a94ad4bc17111776fd66e3500c1d87c15bbd6055b7371d39c124fb done
review / validation	UNKNOWN STEP	2026-08-15T07:59:59.8939837Z #5 sha256:219a2e93422d5675008663767e8569ce06c02be2a80fdaee6615573751c0cdd8 0B / 249B 0.1s
review / validation	UNKNOWN STEP	2026-08-15T07:59:59.8940149Z #5 sha256:01f42367a0a94ad4bc17111776fd66e3500c1d87c15bbd6055b7371d39c124fb 9.13kB / 9.13kB done
review / validation	UNKNOWN STEP	2026-08-15T07:59:59.8940993Z #5 sha256:cb4d57d6b3bba54e4584ac09c136758e0cbf0cced945bcb2f1e160d7c38af2eb 1.75kB / 1.75kB done
review / validation	UNKNOWN STEP	2026-08-15T07:59:59.8941315Z #5 sha256:e4147b6e74bb9f3d04c470ba8c338fd952b169d05cf956caafa2595a1bcb7e61 5.53kB / 5.53kB done
review / validation	UNKNOWN STEP	2026-08-15T07:59:59.8941633Z #5 sha256:6db0909c4473287ed4d1f950d26b8bc5b7b4206d365a0e7740cb89e46979153e 15.73MB / 28.24MB 0.1s
review / validation	UNKNOWN STEP	2026-08-15T07:59:59.8941947Z #5 sha256:792aba8f9d95f389be4b9e81a1107f33c9c2b1f2f43dd2df3a2a8f063f906183 0B / 3.52MB 0.1s
review / validation	UNKNOWN STEP	2026-08-15T07:59:59.8942251Z #5 sha256:63706ab84aa539b4f769d315a862a19bff6ef69c4ee54a3433d248788bfccd6f 0B / 12.48MB 0.1s
review / validation	UNKNOWN STEP	2026-08-15T08:00:00.0701764Z #5 sha256:219a2e93422d5675008663767e8569ce06c02be2a80fdaee6615573751c0cdd8 249B / 249B 0.1s done
review / validation	UNKNOWN STEP	2026-08-15T08:00:00.0702166Z #5 sha256:6db0909c4473287ed4d1f950d26b8bc5b7b4206d365a0e7740cb89e46979153e 28.24MB / 28.24MB 0.2s done
review / validation	UNKNOWN STEP	2026-08-15T08:00:00.0703106Z #5 sha256:792aba8f9d95f389be4b9e81a1107f33c9c2b1f2f43dd2df3a2a8f063f906183 3.52MB / 3.52MB 0.1s done
review / validation	UNKNOWN STEP	2026-08-15T08:00:00.0703456Z #5 sha256:63706ab84aa539b4f769d315a862a19bff6ef69c4ee54a3433d248788bfccd6f 12.48MB / 12.48MB 0.2s done
review / validation	UNKNOWN STEP	2026-08-15T08:00:00.0703779Z #5 extracting sha256:6db0909c4473287ed4d1f950d26b8bc5b7b4206d365a0e7740cb89e46979153e 0.1s
review / validation	UNKNOWN STEP	2026-08-15T08:00:00.5047377Z #5 extracting sha256:6db0909c4473287ed4d1f950d26b8bc5b7b4206d365a0e7740cb89e46979153e 0.4s done
review / validation	UNKNOWN STEP	2026-08-15T08:00:00.5047751Z #5 extracting sha256:792aba8f9d95f389be4b9e81a1107f33c9c2b1f2f43dd2df3a2a8f063f906183 0.0s done
review / validation	UNKNOWN STEP	2026-08-15T08:00:00.5048073Z #5 extracting sha256:63706ab84aa539b4f769d315a862a19bff6ef69c4ee54a3433d248788bfccd6f 0.1s
review / validation	UNKNOWN STEP	2026-08-15T08:00:00.6757898Z #5 extracting sha256:63706ab84aa539b4f769d315a862a19bff6ef69c4ee54a3433d248788bfccd6f 0.2s done
review / validation	UNKNOWN STEP	2026-08-15T08:00:00.6758455Z #5 extracting sha256:219a2e93422d5675008663767e8569ce06c02be2a80fdaee6615573751c0cdd8 done
review / validation	UNKNOWN STEP	2026-08-15T08:00:00.6758796Z #5 DONE 0.8s
review / validation	UNKNOWN STEP	2026-08-15T08:00:00.6758934Z 
review / validation	UNKNOWN STEP	2026-08-15T08:00:00.6759022Z #6 [2/6] WORKDIR /app
review / validation	UNKNOWN STEP	2026-08-15T08:00:00.6759194Z #6 DONE 0.1s
review / validation	UNKNOWN STEP	2026-08-15T08:00:00.8266004Z 
review / validation	UNKNOWN STEP	2026-08-15T08:00:00.8266625Z #7 [3/6] RUN pip install --no-cache-dir     pytest==8.3.4     pytest-json-ctrf==0.5.3
review / validation	UNKNOWN STEP	2026-08-15T08:00:01.4874519Z #7 0.811 Collecting pytest==8.3.4
review / validation	UNKNOWN STEP	2026-08-15T08:00:01.5878649Z #7 0.857   Downloading pytest-8.3.4-py3-none-any.whl.metadata (7.5 kB)
review / validation	UNKNOWN STEP	2026-08-15T08:00:01.5878912Z #7 0.864 Collecting pytest-json-ctrf==0.5.3
review / validation	UNKNOWN STEP	2026-08-15T08:00:01.5879135Z #7 0.867   Downloading pytest_json_ctrf-0.5.3-py3-none-any.whl.metadata (4.3 kB)
review / validation	UNKNOWN STEP	2026-08-15T08:00:01.5879358Z #7 0.871 Collecting iniconfig (from pytest==8.3.4)
review / validation	UNKNOWN STEP	2026-08-15T08:00:01.5879576Z #7 0.873   Downloading iniconfig-2.3.0-py3-none-any.whl.metadata (2.5 kB)
review / validation	UNKNOWN STEP	2026-08-15T08:00:01.5879789Z #7 0.880 Collecting packaging (from pytest==8.3.4)
review / validation	UNKNOWN STEP	2026-08-15T08:00:01.5879990Z #7 0.882   Downloading packaging-26.3-py3-none-any.whl.metadata (3.5 kB)
review / validation	UNKNOWN STEP	2026-08-15T08:00:01.5880197Z #7 0.887 Collecting pluggy<2,>=1.5 (from pytest==8.3.4)
review / validation	UNKNOWN STEP	2026-08-15T08:00:01.5880438Z #7 0.889   Downloading pluggy-1.6.0-py3-none-any.whl.metadata (4.8 kB)
review / validation	UNKNOWN STEP	2026-08-15T08:00:01.5880669Z #7 0.897 Downloading pytest-8.3.4-py3-none-any.whl (343 kB)
review / validation	UNKNOWN STEP	2026-08-15T08:00:01.5880876Z #7 0.912 Downloading pytest_json_ctrf-0.5.3-py3-none-any.whl (7.5 kB)
review / validation	UNKNOWN STEP	2026-08-15T08:00:01.7537940Z #7 0.914 Downloading pluggy-1.6.0-py3-none-any.whl (20 kB)
review / validation	UNKNOWN STEP	2026-08-15T08:00:01.7538223Z #7 0.917 Downloading iniconfig-2.3.0-py3-none-any.whl (7.5 kB)
review / validation	UNKNOWN STEP	2026-08-15T08:00:01.7538436Z #7 0.919 Downloading packaging-26.3-py3-none-any.whl (129 kB)
review / validation	UNKNOWN STEP	2026-08-15T08:00:01.7538701Z #7 0.927 Installing collected packages: pluggy, packaging, iniconfig, pytest, pytest-json-ctrf
review / validation	UNKNOWN STEP	2026-08-15T08:00:01.7618466Z #7 1.086 
review / validation	UNKNOWN STEP	2026-08-15T08:00:01.8916652Z #7 1.086 Successfully installed iniconfig-2.3.0 packaging-26.3 pluggy-1.6.0 pytest-8.3.4 pytest-json-ctrf-0.5.3
review / validation	UNKNOWN STEP	2026-08-15T08:00:01.8918144Z #7 1.087 WARNING: Running pip as the 'root' user can result in broken permissions and conflicting behaviour with the system package manager, possibly rendering your system unusable. It is recommended to use a virtual environment instead: https://pip.pypa.io/warnings/venv. Use the --root-user-action option if you know what you are doing and want to suppress this warning.
review / validation	UNKNOWN STEP	2026-08-15T08:00:01.8918835Z #7 1.215 
review / validation	UNKNOWN STEP	2026-08-15T08:00:01.8918986Z #7 1.215 [notice] A new release of pip is available: 25.3 -> 26.2.1
review / validation	UNKNOWN STEP	2026-08-15T08:00:01.8919199Z #7 1.215 [notice] To update, run: pip install --upgrade pip
review / validation	UNKNOWN STEP	2026-08-15T08:00:02.0847646Z #7 DONE 1.3s
review / validation	UNKNOWN STEP	2026-08-15T08:00:02.0847804Z 
review / validation	UNKNOWN STEP	2026-08-15T08:00:02.0847896Z #8 [4/6] RUN mkdir -p /app/data /data /app
review / validation	UNKNOWN STEP	2026-08-15T08:00:02.1707356Z #8 DONE 0.2s
review / validation	UNKNOWN STEP	2026-08-15T08:00:02.3264765Z 
review / validation	UNKNOWN STEP	2026-08-15T08:00:02.3265253Z #9 [5/6] COPY generate_data.py /tmp/generate_data.py
review / validation	UNKNOWN STEP	2026-08-15T08:00:02.3265480Z #9 DONE 0.0s
review / validation	UNKNOWN STEP	2026-08-15T08:00:02.3265549Z 
review / validation	UNKNOWN STEP	2026-08-15T08:00:02.3265652Z #10 [6/6] RUN python3 /tmp/generate_data.py && rm /tmp/generate_data.py
review / validation	UNKNOWN STEP	2026-08-15T08:00:02.4228457Z #10 0.247 Generated SQLite DB at /app/manufacturing.db
review / validation	UNKNOWN STEP	2026-08-15T08:00:02.4229084Z #10 0.247 Generated SQLite DB at /data/manufacturing.db
review / validation	UNKNOWN STEP	2026-08-15T08:00:02.4779788Z #10 DONE 0.3s
review / validation	UNKNOWN STEP	2026-08-15T08:00:02.4779914Z 
review / validation	UNKNOWN STEP	2026-08-15T08:00:02.4780014Z #11 exporting to image
review / validation	UNKNOWN STEP	2026-08-15T08:00:02.4780149Z #11 exporting layers 0.0s done
review / validation	UNKNOWN STEP	2026-08-15T08:00:02.4780516Z #11 writing image sha256:74094562ff63f4542136e8adaac1f9e1657fa8856fdcc7472ccdeb4f00ee90c8 done
review / validation	UNKNOWN STEP	2026-08-15T08:00:02.4780829Z #11 naming to docker.io/library/task-env-poc done
review / validation	UNKNOWN STEP	2026-08-15T08:00:02.4780979Z #11 DONE 0.0s
review / validation	UNKNOWN STEP	2026-08-15T08:00:02.4848449Z ##[group]Run DAYTONA_LABEL_FLAGS=()
review / validation	UNKNOWN STEP	2026-08-15T08:00:02.4848648Z ^[[36;1mDAYTONA_LABEL_FLAGS=()^[[0m
review / validation	UNKNOWN STEP	2026-08-15T08:00:02.4848791Z ^[[36;1mif [ "$ENV_BACKEND" = "daytona" ]; then^[[0m
review / validation	UNKNOWN STEP	2026-08-15T08:00:02.4849086Z ^[[36;1m  LABELS=$(<"$RUNNER_TEMP/dynamo-harbor-labels.json")^[[0m
review / validation	UNKNOWN STEP	2026-08-15T08:00:02.4849271Z ^[[36;1m  DAYTONA_LABEL_FLAGS=(--ek "labels=$LABELS")^[[0m
review / validation	UNKNOWN STEP	2026-08-15T08:00:02.4849422Z ^[[36;1mfi^[[0m
review / validation	UNKNOWN STEP	2026-08-15T08:00:02.4849577Z ^[[36;1mecho "## Oracle Validation (env=$ENV_BACKEND)" >> $GITHUB_STEP_SUMMARY^[[0m
review / validation	UNKNOWN STEP	2026-08-15T08:00:02.4849769Z ^[[36;1mOK=false^[[0m
review / validation	UNKNOWN STEP	2026-08-15T08:00:02.4849932Z ^[[36;1m# FAILURE_TYPE separates the two very different reasons this step goes^[[0m
review / validation	UNKNOWN STEP	2026-08-15T08:00:02.4850175Z ^[[36;1m# red: the harness could not run the task at all (a system failure worth^[[0m
review / validation	UNKNOWN STEP	2026-08-15T08:00:02.4850410Z ^[[36;1m# paging on) versus the oracle solution running fine but not passing the^[[0m
review / validation	UNKNOWN STEP	2026-08-15T08:00:02.4850670Z ^[[36;1m# task's own tests (a verdict on the submission). The webhook cannot tell^[[0m
review / validation	UNKNOWN STEP	2026-08-15T08:00:02.4850909Z ^[[36;1m# these apart — both are just "Oracle Validation failed" — so the^[[0m
review / validation	UNKNOWN STEP	2026-08-15T08:00:02.4851107Z ^[[36;1m# distinction has to be reported from here.^[[0m
review / validation	UNKNOWN STEP	2026-08-15T08:00:02.4851258Z ^[[36;1mFAILURE_TYPE=""^[[0m
review / validation	UNKNOWN STEP	2026-08-15T08:00:02.4851373Z ^[[36;1mFAILURE_MESSAGE=""^[[0m
review / validation	UNKNOWN STEP	2026-08-15T08:00:02.4851495Z ^[[36;1mFAILURE_CLASS=system^[[0m
review / validation	UNKNOWN STEP	2026-08-15T08:00:02.4851824Z ^[[36;1mif OUTPUT=$(harbor run -p submission/task --agent oracle --env "$ENV_BACKEND" -o harbor-output --job-name "31873024542-oracle" "${DAYTONA_LABEL_FLAGS[@]}" 2>&1); then^[[0m
review / validation	UNKNOWN STEP	2026-08-15T08:00:02.4852213Z ^[[36;1m  REWARD=$(echo "$OUTPUT" | grep -oP 'Mean[:\s]+\K[0-9.]+' | tail -1 || echo "0")^[[0m
review / validation	UNKNOWN STEP	2026-08-15T08:00:02.4852431Z ^[[36;1m  if (( $(echo "${REWARD:-0} >= 1.0" | bc -l) )); then^[[0m
review / validation	UNKNOWN STEP	2026-08-15T08:00:02.4852665Z ^[[36;1m    echo "✅ Oracle (solution) passes all tests (reward: $REWARD)" >> $GITHUB_STEP_SUMMARY^[[0m
review / validation	UNKNOWN STEP	2026-08-15T08:00:02.4852867Z ^[[36;1m    OK=true^[[0m
review / validation	UNKNOWN STEP	2026-08-15T08:00:02.4852974Z ^[[36;1m  else^[[0m
review / validation	UNKNOWN STEP	2026-08-15T08:00:02.4853121Z ^[[36;1m    echo "❌ Oracle failed — reward: $REWARD" >> $GITHUB_STEP_SUMMARY^[[0m
review / validation	UNKNOWN STEP	2026-08-15T08:00:02.4853323Z ^[[36;1m    FAILURE_TYPE="oracle_reward_below_threshold"^[[0m
review / validation	UNKNOWN STEP	2026-08-15T08:00:02.4853482Z ^[[36;1m    FAILURE_CLASS=verdict^[[0m
review / validation	UNKNOWN STEP	2026-08-15T08:00:02.4853701Z ^[[36;1m    FAILURE_MESSAGE="Oracle solution did not pass the task's tests (reward ${REWARD:-0}, need 1.0)"^[[0m
review / validation	UNKNOWN STEP	2026-08-15T08:00:02.4853919Z ^[[36;1m  fi^[[0m
review / validation	UNKNOWN STEP	2026-08-15T08:00:02.4854018Z ^[[36;1melse^[[0m
review / validation	UNKNOWN STEP	2026-08-15T08:00:02.4854151Z ^[[36;1m  echo "❌ Oracle failed to run" >> $GITHUB_STEP_SUMMARY^[[0m
review / validation	UNKNOWN STEP	2026-08-15T08:00:02.4854324Z ^[[36;1m  FAILURE_TYPE="oracle_harness_failed"^[[0m
review / validation	UNKNOWN STEP	2026-08-15T08:00:02.4854475Z ^[[36;1m  FAILURE_CLASS=system^[[0m
review / validation	UNKNOWN STEP	2026-08-15T08:00:02.4854673Z ^[[36;1m  FAILURE_MESSAGE="Harbor could not complete the oracle agent (env=$ENV_BACKEND)"^[[0m
review / validation	UNKNOWN STEP	2026-08-15T08:00:02.4854869Z ^[[36;1mfi^[[0m
review / validation	UNKNOWN STEP	2026-08-15T08:00:02.4854980Z ^[[36;1mecho "success=$OK" >> $GITHUB_OUTPUT^[[0m
review / validation	UNKNOWN STEP	2026-08-15T08:00:02.4855118Z ^[[36;1m{^[[0m
review / validation	UNKNOWN STEP	2026-08-15T08:00:02.4855259Z ^[[36;1m  echo "<details><summary>Output</summary>"; echo ""; echo '```'^[[0m
review / validation	UNKNOWN STEP	2026-08-15T08:00:02.4855449Z ^[[36;1m  echo "$OUTPUT"; echo '```'; echo "</details>"^[[0m
review / validation	UNKNOWN STEP	2026-08-15T08:00:02.4855602Z ^[[36;1m} >> $GITHUB_STEP_SUMMARY^[[0m
review / validation	UNKNOWN STEP	2026-08-15T08:00:02.4855830Z ^[[36;1m[ "$OK" = true ] || DYNAMO_FAILURE_CLASS="$FAILURE_CLASS" .dynamo/fail.sh "$FAILURE_TYPE" "$FAILURE_MESSAGE"^[[0m
review / validation	UNKNOWN STEP	2026-08-15T08:00:02.4873685Z shell: /usr/bin/bash -e {0}
review / validation	UNKNOWN STEP	2026-08-15T08:00:02.4873942Z env:
review / validation	UNKNOWN STEP	2026-08-15T08:00:02.4875104Z   GH_TOKEN: ***
review / validation	UNKNOWN STEP	2026-08-15T08:00:02.4875277Z   REPO: handshake-project-dynamo/dynamo-1573c1a-data-querying-and-databases
review / validation	UNKNOWN STEP	2026-08-15T08:00:02.4875471Z   PR_NUMBER: 5
review / validation	UNKNOWN STEP	2026-08-15T08:00:02.4875579Z   BLACKSMITH_RUNNER_MESSAGE_WAIT_MS: 1226
review / validation	UNKNOWN STEP	2026-08-15T08:00:02.4875722Z   BLACKSMITH_RUNNER_ACQUIRE_JOB_MS: 1159
review / validation	UNKNOWN STEP	2026-08-15T08:00:02.4875930Z   GITHUB_REPO_NAME: handshake-project-dynamo/dynamo-1573c1a-data-querying-and-databases
review / validation	UNKNOWN STEP	2026-08-15T08:00:02.4876254Z   pythonLocation: /opt/hostedtoolcache/Python/3.11.14/x64
review / validation	UNKNOWN STEP	2026-08-15T08:00:02.4876463Z   PKG_CONFIG_PATH: /opt/hostedtoolcache/Python/3.11.14/x64/lib/pkgconfig
review / validation	UNKNOWN STEP	2026-08-15T08:00:02.4876665Z   Python_ROOT_DIR: /opt/hostedtoolcache/Python/3.11.14/x64
review / validation	UNKNOWN STEP	2026-08-15T08:00:02.4876845Z   Python2_ROOT_DIR: /opt/hostedtoolcache/Python/3.11.14/x64
review / validation	UNKNOWN STEP	2026-08-15T08:00:02.4877039Z   Python3_ROOT_DIR: /opt/hostedtoolcache/Python/3.11.14/x64
review / validation	UNKNOWN STEP	2026-08-15T08:00:02.4877447Z   LD_LIBRARY_PATH: /opt/hostedtoolcache/Python/3.11.14/x64/lib
review / validation	UNKNOWN STEP	2026-08-15T08:00:02.4877631Z   UV_CACHE_DIR: /home/runner/_work/_temp/setup-uv-cache
review / validation	UNKNOWN STEP	2026-08-15T08:00:02.4877782Z   ENV_BACKEND: docker
review / validation	UNKNOWN STEP	2026-08-15T08:00:02.4877892Z   MODAL_TOKEN_ID: 
review / validation	UNKNOWN STEP	2026-08-15T08:00:02.4878003Z   MODAL_TOKEN_SECRET: 
review / validation	UNKNOWN STEP	2026-08-15T08:00:02.4878189Z   DAYTONA_API_KEY: ***
review / validation	UNKNOWN STEP	2026-08-15T08:00:02.4878295Z   DAYTONA_TARGET: 
review / validation	UNKNOWN STEP	2026-08-15T08:00:02.4878495Z   DYNAMO_TASK_SIMILARITY_API_TOKEN: ***
review / validation	UNKNOWN STEP	2026-08-15T08:00:02.4878627Z ##[endgroup]
review / validation	UNKNOWN STEP	2026-08-15T08:00:15.7645838Z ##[error]Oracle solution did not pass the task's tests (reward 0.000, need 1.0)
review / validation	UNKNOWN STEP	2026-08-15T08:00:15.7650319Z note: verdict (oracle_reward_below_threshold) — reported to the PR, not to Joinera.
review / validation	UNKNOWN STEP	2026-08-15T08:00:15.7651740Z ##[error]Process completed with exit code 1.
review / validation	UNKNOWN STEP	2026-08-15T08:00:15.7700901Z Node 20 is being deprecated. This workflow is running with Node 24 by default. If you need to temporarily use Node 20, you can set the ACTIONS_ALLOW_USE_UNSECURE_NODE_VERSION=true environment variable. For more information see: https://github.blog/changelog/2025-09-19-deprecation-of-node-20-on-github-actions-runners/
review / validation	UNKNOWN STEP	2026-08-15T08:00:15.7702095Z ##[group]Run actions/upload-artifact@ea165f8d65b6e75b540449e92b4886f43607fa02
review / validation	UNKNOWN STEP	2026-08-15T08:00:15.7702414Z with:
review / validation	UNKNOWN STEP	2026-08-15T08:00:15.7702588Z   name: harbor-output-validate
review / validation	UNKNOWN STEP	2026-08-15T08:00:15.7702833Z   path: harbor-output/
review / validation	UNKNOWN STEP	2026-08-15T08:00:15.7703077Z   if-no-files-found: ignore
review / validation	UNKNOWN STEP	2026-08-15T08:00:15.7703304Z   compression-level: 6
review / validation	UNKNOWN STEP	2026-08-15T08:00:15.7703499Z   overwrite: false
review / validation	UNKNOWN STEP	2026-08-15T08:00:15.7703685Z   include-hidden-files: false
review / validation	UNKNOWN STEP	2026-08-15T08:00:15.7703897Z env:
review / validation	UNKNOWN STEP	2026-08-15T08:00:15.7705935Z   GH_TOKEN: ***
review / validation	UNKNOWN STEP	2026-08-15T08:00:15.7706213Z   REPO: handshake-project-dynamo/dynamo-1573c1a-data-querying-and-databases
review / validation	UNKNOWN STEP	2026-08-15T08:00:15.7706562Z   PR_NUMBER: 5
review / validation	UNKNOWN STEP	2026-08-15T08:00:15.7706744Z   BLACKSMITH_RUNNER_MESSAGE_WAIT_MS: 1226
review / validation	UNKNOWN STEP	2026-08-15T08:00:15.7706979Z   BLACKSMITH_RUNNER_ACQUIRE_JOB_MS: 1159
review / validation	UNKNOWN STEP	2026-08-15T08:00:15.7707364Z   GITHUB_REPO_NAME: handshake-project-dynamo/dynamo-1573c1a-data-querying-and-databases
review / validation	UNKNOWN STEP	2026-08-15T08:00:15.7707776Z   pythonLocation: /opt/hostedtoolcache/Python/3.11.14/x64
review / validation	UNKNOWN STEP	2026-08-15T08:00:15.7708117Z   PKG_CONFIG_PATH: /opt/hostedtoolcache/Python/3.11.14/x64/lib/pkgconfig
review / validation	UNKNOWN STEP	2026-08-15T08:00:15.7708434Z   Python_ROOT_DIR: /opt/hostedtoolcache/Python/3.11.14/x64
review / validation	UNKNOWN STEP	2026-08-15T08:00:15.7708632Z   Python2_ROOT_DIR: /opt/hostedtoolcache/Python/3.11.14/x64
review / validation	UNKNOWN STEP	2026-08-15T08:00:15.7708826Z   Python3_ROOT_DIR: /opt/hostedtoolcache/Python/3.11.14/x64
review / validation	UNKNOWN STEP	2026-08-15T08:00:15.7709024Z   LD_LIBRARY_PATH: /opt/hostedtoolcache/Python/3.11.14/x64/lib
review / validation	UNKNOWN STEP	2026-08-15T08:00:15.7709219Z   UV_CACHE_DIR: /home/runner/_work/_temp/setup-uv-cache
review / validation	UNKNOWN STEP	2026-08-15T08:00:15.7709380Z ##[endgroup]
review / validation	UNKNOWN STEP	2026-08-15T08:00:15.8554149Z (node:6455) [DEP0040] DeprecationWarning: The `punycode` module is deprecated. Please use a userland alternative instead.
review / validation	UNKNOWN STEP	2026-08-15T08:00:15.8554615Z (Use `node --trace-deprecation ...` to show where the warning was created)
review / validation	UNKNOWN STEP	2026-08-15T08:00:15.8591256Z With the provided path, there will be 13 files uploaded
review / validation	UNKNOWN STEP	2026-08-15T08:00:15.8593643Z Artifact name is valid!
review / validation	UNKNOWN STEP	2026-08-15T08:00:15.8593848Z Root directory input is valid!
review / validation	UNKNOWN STEP	2026-08-15T08:00:16.1319800Z Beginning upload of artifact content to blob storage
review / validation	UNKNOWN STEP	2026-08-15T08:00:16.1507937Z (node:6455) [DEP0169] DeprecationWarning: `url.parse()` behavior is not standardized and prone to errors that have security implications. Use the WHATWG URL API instead. CVEs are not issued for `url.parse()` vulnerabilities.
review / validation	UNKNOWN STEP	2026-08-15T08:00:16.4081169Z Uploaded bytes 7593
review / validation	UNKNOWN STEP	2026-08-15T08:00:16.4679535Z Finished uploading artifact content to blob storage!
review / validation	UNKNOWN STEP	2026-08-15T08:00:16.4679990Z SHA256 digest of uploaded artifact zip is fbc4a89fc98e2bb7a6941c248e5404ed6a671b6f96c3207a0530922369bb4322
review / validation	UNKNOWN STEP	2026-08-15T08:00:16.4681077Z Finalizing artifact upload
review / validation	UNKNOWN STEP	2026-08-15T08:00:16.8141214Z Artifact harbor-output-validate.zip successfully finalized. Artifact ID 9244046884
review / validation	UNKNOWN STEP	2026-08-15T08:00:16.8141750Z Artifact harbor-output-validate has been successfully uploaded! Final size is 7593 bytes. Artifact ID is 9244046884
review / validation	UNKNOWN STEP	2026-08-15T08:00:16.8145504Z Artifact download URL: https://github.com/handshake-project-dynamo/dynamo-1573c1a-data-querying-and-databases/actions/runs/31873024542/artifacts/9244046884
review / validation	UNKNOWN STEP	2026-08-15T08:00:16.8211684Z ##[group]Run .dynamo/report-unhandled.sh
review / validation	UNKNOWN STEP	2026-08-15T08:00:16.8211869Z ^[[36;1m.dynamo/report-unhandled.sh^[[0m
review / validation	UNKNOWN STEP	2026-08-15T08:00:16.8232012Z shell: /usr/bin/bash -e {0}
review / validation	UNKNOWN STEP	2026-08-15T08:00:16.8232149Z env:
review / validation	UNKNOWN STEP	2026-08-15T08:00:16.8233359Z   GH_TOKEN: ***
review / validation	UNKNOWN STEP	2026-08-15T08:00:16.8233543Z   REPO: handshake-project-dynamo/dynamo-1573c1a-data-querying-and-databases
review / validation	UNKNOWN STEP	2026-08-15T08:00:16.8233954Z   PR_NUMBER: 5
review / validation	UNKNOWN STEP	2026-08-15T08:00:16.8234069Z   BLACKSMITH_RUNNER_MESSAGE_WAIT_MS: 1226
review / validation	UNKNOWN STEP	2026-08-15T08:00:16.8234220Z   BLACKSMITH_RUNNER_ACQUIRE_JOB_MS: 1159
review / validation	UNKNOWN STEP	2026-08-15T08:00:16.8234432Z   GITHUB_REPO_NAME: handshake-project-dynamo/dynamo-1573c1a-data-querying-and-databases
review / validation	UNKNOWN STEP	2026-08-15T08:00:16.8234683Z   pythonLocation: /opt/hostedtoolcache/Python/3.11.14/x64
review / validation	UNKNOWN STEP	2026-08-15T08:00:16.8234892Z   PKG_CONFIG_PATH: /opt/hostedtoolcache/Python/3.11.14/x64/lib/pkgconfig
review / validation	UNKNOWN STEP	2026-08-15T08:00:16.8235102Z   Python_ROOT_DIR: /opt/hostedtoolcache/Python/3.11.14/x64
review / validation	UNKNOWN STEP	2026-08-15T08:00:16.8235326Z   Python2_ROOT_DIR: /opt/hostedtoolcache/Python/3.11.14/x64
review / validation	UNKNOWN STEP	2026-08-15T08:00:16.8235514Z   Python3_ROOT_DIR: /opt/hostedtoolcache/Python/3.11.14/x64
review / validation	UNKNOWN STEP	2026-08-15T08:00:16.8235707Z   LD_LIBRARY_PATH: /opt/hostedtoolcache/Python/3.11.14/x64/lib
review / validation	UNKNOWN STEP	2026-08-15T08:00:16.8235892Z   UV_CACHE_DIR: /home/runner/_work/_temp/setup-uv-cache
review / validation	UNKNOWN STEP	2026-08-15T08:00:16.8236167Z   DYNAMO_TASK_SIMILARITY_API_TOKEN: ***
review / validation	UNKNOWN STEP	2026-08-15T08:00:16.8236362Z   DYNAMO_CHECKS_TOKEN: ***
review / validation	UNKNOWN STEP	2026-08-15T08:00:16.8236485Z ##[endgroup]
review / validation	UNKNOWN STEP	2026-08-15T08:00:16.8276528Z note: this failure was already reported with a specific reason.
review / validation	UNKNOWN STEP	2026-08-15T08:00:16.8296839Z ##[group]Run DOCKER="true"
review / validation	UNKNOWN STEP	2026-08-15T08:00:16.8297171Z ^[[36;1mDOCKER="true"^[[0m
review / validation	UNKNOWN STEP	2026-08-15T08:00:16.8297409Z ^[[36;1mORACLE="false"^[[0m
review / validation	UNKNOWN STEP	2026-08-15T08:00:16.8297657Z ^[[36;1mNOP=""^[[0m
review / validation	UNKNOWN STEP	2026-08-15T08:00:16.8297984Z ^[[36;1mRUN_URL="https://github.com/handshake-project-dynamo/dynamo-1573c1a-data-querying-and-databases/actions/runs/31873024542"^[[0m
review / validation	UNKNOWN STEP	2026-08-15T08:00:16.8298432Z ^[[36;1mSHORT="12ba6b39c0af9a6d56e9e81963a3e5b56d59a7d6"; SHORT="${SHORT:0:7}"^[[0m
review / validation	UNKNOWN STEP	2026-08-15T08:00:16.8298676Z ^[[36;1m^[[0m
review / validation	UNKNOWN STEP	2026-08-15T08:00:16.8298873Z ^[[36;1mif   [ "$DOCKER" = "true" ];    then DI="✅"^[[0m
review / validation	UNKNOWN STEP	2026-08-15T08:00:16.8299096Z ^[[36;1melif [ "$DOCKER" = "skipped" ]; then DI="➖"^[[0m
review / validation	UNKNOWN STEP	2026-08-15T08:00:16.8299319Z ^[[36;1melse DI="❌"; fi^[[0m
review / validation	UNKNOWN STEP	2026-08-15T08:00:16.8299575Z ^[[36;1mDOCKER_OK=$( ( [ "$DOCKER" = "true" ] || [ "$DOCKER" = "skipped" ] ) && echo true || echo false )^[[0m
review / validation	UNKNOWN STEP	2026-08-15T08:00:16.8299993Z ^[[36;1mOI=$( [ "$ORACLE" = "true" ] && echo "✅" || ( [ "$DOCKER_OK" != "true" ] && echo "⏭️" || echo "❌" ) )^[[0m
review / validation	UNKNOWN STEP	2026-08-15T08:00:16.8300424Z ^[[36;1mNI=$( [ "$NOP" = "true" ] && echo "✅" || ( ( [ "$DOCKER_OK" != "true" ] || [ "$ORACLE" != "true" ] ) && echo "⏭️" || echo "❌" ) )^[[0m
review / validation	UNKNOWN STEP	2026-08-15T08:00:16.8300709Z ^[[36;1m^[[0m
review / validation	UNKNOWN STEP	2026-08-15T08:00:16.8300878Z ^[[36;1m{^[[0m
review / validation	UNKNOWN STEP	2026-08-15T08:00:16.8301050Z ^[[36;1m  echo "## 🔍 Task Validation Results"^[[0m
review / validation	UNKNOWN STEP	2026-08-15T08:00:16.8301287Z ^[[36;1m  echo ""^[[0m
review / validation	UNKNOWN STEP	2026-08-15T08:00:16.8301462Z ^[[36;1m  echo "| Docker | Oracle | Nop |"^[[0m
review / validation	UNKNOWN STEP	2026-08-15T08:00:16.8301704Z ^[[36;1m  echo "|--------|--------|-----|"^[[0m
review / validation	UNKNOWN STEP	2026-08-15T08:00:16.8301888Z ^[[36;1m  echo "| $DI | $OI | $NI |"^[[0m
review / validation	UNKNOWN STEP	2026-08-15T08:00:16.8302072Z ^[[36;1m  echo ""^[[0m
review / validation	UNKNOWN STEP	2026-08-15T08:00:16.8302343Z ^[[36;1m  echo "<details><summary>Legend</summary>"^[[0m
review / validation	UNKNOWN STEP	2026-08-15T08:00:16.8302530Z ^[[36;1m  echo ""^[[0m
review / validation	UNKNOWN STEP	2026-08-15T08:00:16.8302771Z ^[[36;1m  echo "- **Docker**: \`environment/\` image builds on the runner"^[[0m
review / validation	UNKNOWN STEP	2026-08-15T08:00:16.8303076Z ^[[36;1m  echo "- **Oracle**: \`solution/solve.sh\` makes the verifier pass (reward 1.0)"^[[0m
review / validation	UNKNOWN STEP	2026-08-15T08:00:16.8303462Z ^[[36;1m  echo "- **Nop**: doing nothing fails the verifier (reward < 1.0) — proves the task is non-trivial"^[[0m
review / validation	UNKNOWN STEP	2026-08-15T08:00:16.8303912Z ^[[36;1m  echo "- ⏭️ = skipped (prerequisite failed) · ➖ = not run (remote backend builds the image, or environment/ is unchanged since the last green run)"^[[0m
review / validation	UNKNOWN STEP	2026-08-15T08:00:16.8304296Z ^[[36;1m  echo "</details>"^[[0m
review / validation	UNKNOWN STEP	2026-08-15T08:00:16.8304463Z ^[[36;1m  echo ""^[[0m
review / validation	UNKNOWN STEP	2026-08-15T08:00:16.8304753Z ^[[36;1m  echo "<sub><a href=\"$RUN_URL\">Ran</a> on <code>$SHORT</code> after static checks + rubric review passed.</sub>"^[[0m
review / validation	UNKNOWN STEP	2026-08-15T08:00:16.8305112Z ^[[36;1m} > comment.md^[[0m
review / validation	UNKNOWN STEP	2026-08-15T08:00:16.8322834Z shell: /usr/bin/bash -e {0}
review / validation	UNKNOWN STEP	2026-08-15T08:00:16.8323022Z env:
review / validation	UNKNOWN STEP	2026-08-15T08:00:16.8324331Z   GH_TOKEN: ***
review / validation	UNKNOWN STEP	2026-08-15T08:00:16.8324581Z   REPO: handshake-project-dynamo/dynamo-1573c1a-data-querying-and-databases
review / validation	UNKNOWN STEP	2026-08-15T08:00:16.8324980Z   PR_NUMBER: 5
review / validation	UNKNOWN STEP	2026-08-15T08:00:16.8325152Z   BLACKSMITH_RUNNER_MESSAGE_WAIT_MS: 1226
review / validation	UNKNOWN STEP	2026-08-15T08:00:16.8325436Z   BLACKSMITH_RUNNER_ACQUIRE_JOB_MS: 1159
review / validation	UNKNOWN STEP	2026-08-15T08:00:16.8325715Z   GITHUB_REPO_NAME: handshake-project-dynamo/dynamo-1573c1a-data-querying-and-databases
review / validation	UNKNOWN STEP	2026-08-15T08:00:16.8326022Z   pythonLocation: /opt/hostedtoolcache/Python/3.11.14/x64
review / validation	UNKNOWN STEP	2026-08-15T08:00:16.8326307Z   PKG_CONFIG_PATH: /opt/hostedtoolcache/Python/3.11.14/x64/lib/pkgconfig
review / validation	UNKNOWN STEP	2026-08-15T08:00:16.8326583Z   Python_ROOT_DIR: /opt/hostedtoolcache/Python/3.11.14/x64
review / validation	UNKNOWN STEP	2026-08-15T08:00:16.8326844Z   Python2_ROOT_DIR: /opt/hostedtoolcache/Python/3.11.14/x64
review / validation	UNKNOWN STEP	2026-08-15T08:00:16.8327117Z   Python3_ROOT_DIR: /opt/hostedtoolcache/Python/3.11.14/x64
review / validation	UNKNOWN STEP	2026-08-15T08:00:16.8327368Z   LD_LIBRARY_PATH: /opt/hostedtoolcache/Python/3.11.14/x64/lib
review / validation	UNKNOWN STEP	2026-08-15T08:00:16.8327632Z   UV_CACHE_DIR: /home/runner/_work/_temp/setup-uv-cache
review / validation	UNKNOWN STEP	2026-08-15T08:00:16.8327885Z ##[endgroup]
review / validation	UNKNOWN STEP	2026-08-15T08:00:16.8407432Z Node 20 is being deprecated. This workflow is running with Node 24 by default. If you need to temporarily use Node 20, you can set the ACTIONS_ALLOW_USE_UNSECURE_NODE_VERSION=true environment variable. For more information see: https://github.blog/changelog/2025-09-19-deprecation-of-node-20-on-github-actions-runners/
review / validation	UNKNOWN STEP	2026-08-15T08:00:16.8408088Z ##[group]Run marocchino/sticky-pull-request-comment@773744901bac0e8cbb5a0dc842800d45e9b2b405
review / validation	UNKNOWN STEP	2026-08-15T08:00:16.8408308Z with:
review / validation	UNKNOWN STEP	2026-08-15T08:00:16.8408411Z   header: task-validation
review / validation	UNKNOWN STEP	2026-08-15T08:00:16.8408529Z   number: 5
review / validation	UNKNOWN STEP	2026-08-15T08:00:16.8408639Z   path: comment.md
review / validation	UNKNOWN STEP	2026-08-15T08:00:16.8408743Z   append: false
review / validation	UNKNOWN STEP	2026-08-15T08:00:16.8408849Z   recreate: false
review / validation	UNKNOWN STEP	2026-08-15T08:00:16.8408953Z   delete: false
review / validation	UNKNOWN STEP	2026-08-15T08:00:16.8409052Z   only_create: false
review / validation	UNKNOWN STEP	2026-08-15T08:00:16.8409164Z   only_update: false
review / validation	UNKNOWN STEP	2026-08-15T08:00:16.8409274Z   hide_details: false
review / validation	UNKNOWN STEP	2026-08-15T08:00:16.8409385Z   hide: false
review / validation	UNKNOWN STEP	2026-08-15T08:00:16.8409516Z   hide_and_recreate: false
review / validation	UNKNOWN STEP	2026-08-15T08:00:16.8409637Z   hide_classify: OUTDATED
review / validation	UNKNOWN STEP	2026-08-15T08:00:16.8409757Z   ignore_empty: false
review / validation	UNKNOWN STEP	2026-08-15T08:00:16.8409874Z   skip_unchanged: false
review / validation	UNKNOWN STEP	2026-08-15T08:00:16.8409990Z   follow_symbolic_links: false
review / validation	UNKNOWN STEP	2026-08-15T08:00:16.8411112Z   GITHUB_TOKEN: ***
review / validation	UNKNOWN STEP	2026-08-15T08:00:16.8411215Z env:
review / validation	UNKNOWN STEP	2026-08-15T08:00:16.8412258Z   GH_TOKEN: ***
review / validation	UNKNOWN STEP	2026-08-15T08:00:16.8412428Z   REPO: handshake-project-dynamo/dynamo-1573c1a-data-querying-and-databases
review / validation	UNKNOWN STEP	2026-08-15T08:00:16.8412624Z   PR_NUMBER: 5
review / validation	UNKNOWN STEP	2026-08-15T08:00:16.8412740Z   BLACKSMITH_RUNNER_MESSAGE_WAIT_MS: 1226
review / validation	UNKNOWN STEP	2026-08-15T08:00:16.8412883Z   BLACKSMITH_RUNNER_ACQUIRE_JOB_MS: 1159
review / validation	UNKNOWN STEP	2026-08-15T08:00:16.8413094Z   GITHUB_REPO_NAME: handshake-project-dynamo/dynamo-1573c1a-data-querying-and-databases
review / validation	UNKNOWN STEP	2026-08-15T08:00:16.8413341Z   pythonLocation: /opt/hostedtoolcache/Python/3.11.14/x64
review / validation	UNKNOWN STEP	2026-08-15T08:00:16.8413548Z   PKG_CONFIG_PATH: /opt/hostedtoolcache/Python/3.11.14/x64/lib/pkgconfig
review / validation	UNKNOWN STEP	2026-08-15T08:00:16.8413761Z   Python_ROOT_DIR: /opt/hostedtoolcache/Python/3.11.14/x64
review / validation	UNKNOWN STEP	2026-08-15T08:00:16.8413953Z   Python2_ROOT_DIR: /opt/hostedtoolcache/Python/3.11.14/x64
review / validation	UNKNOWN STEP	2026-08-15T08:00:16.8414144Z   Python3_ROOT_DIR: /opt/hostedtoolcache/Python/3.11.14/x64
review / validation	UNKNOWN STEP	2026-08-15T08:00:16.8414333Z   LD_LIBRARY_PATH: /opt/hostedtoolcache/Python/3.11.14/x64/lib
review / validation	UNKNOWN STEP	2026-08-15T08:00:16.8414516Z   UV_CACHE_DIR: /home/runner/_work/_temp/setup-uv-cache
review / validation	UNKNOWN STEP	2026-08-15T08:00:16.8414674Z ##[endgroup]
review / validation	UNKNOWN STEP	2026-08-15T08:00:18.7084701Z Post job cleanup.
review / validation	UNKNOWN STEP	2026-08-15T08:00:18.7542218Z [command]/usr/local/bin/git version
review / validation	UNKNOWN STEP	2026-08-15T08:00:18.7571754Z git version 2.52.0
review / validation	UNKNOWN STEP	2026-08-15T08:00:18.7587463Z Temporarily overriding HOME='/home/runner/_work/_temp/ac6a0753-f2f3-481f-921d-442cf267ef0b' before making global git config changes
review / validation	UNKNOWN STEP	2026-08-15T08:00:18.7587897Z Adding repository directory to the temporary git global config as a safe directory
review / validation	UNKNOWN STEP	2026-08-15T08:00:18.7590714Z [command]/usr/local/bin/git config --global --add safe.directory /home/runner/_work/dynamo-1573c1a-data-querying-and-databases/dynamo-1573c1a-data-querying-and-databases/submission
review / validation	UNKNOWN STEP	2026-08-15T08:00:18.7610698Z Removing SSH command configuration
review / validation	UNKNOWN STEP	2026-08-15T08:00:18.7613875Z [command]/usr/local/bin/git config --local --name-only --get-regexp core\.sshCommand
review / validation	UNKNOWN STEP	2026-08-15T08:00:18.7635426Z [command]/usr/local/bin/git submodule foreach --recursive sh -c "git config --local --name-only --get-regexp 'core\.sshCommand' && git config --local --unset-all 'core.sshCommand' || :"
review / validation	UNKNOWN STEP	2026-08-15T08:00:18.7730414Z Removing HTTP extra header
review / validation	UNKNOWN STEP	2026-08-15T08:00:18.7733086Z [command]/usr/local/bin/git config --local --name-only --get-regexp http\.https\:\/\/github\.com\/\.extraheader
review / validation	UNKNOWN STEP	2026-08-15T08:00:18.7751344Z [command]/usr/local/bin/git submodule foreach --recursive sh -c "git config --local --name-only --get-regexp 'http\.https\:\/\/github\.com\/\.extraheader' && git config --local --unset-all 'http.https://github.com/.extraheader' || :"
review / validation	UNKNOWN STEP	2026-08-15T08:00:18.7839174Z Removing includeIf entries pointing to credentials config files
review / validation	UNKNOWN STEP	2026-08-15T08:00:18.7842584Z [command]/usr/local/bin/git config --local --name-only --get-regexp ^includeIf\.gitdir:
review / validation	UNKNOWN STEP	2026-08-15T08:00:18.7860594Z [command]/usr/local/bin/git submodule foreach --recursive git config --local --show-origin --name-only --get-regexp remote.origin.url
review / validation	UNKNOWN STEP	2026-08-15T08:00:18.8019813Z Node 20 is being deprecated. This workflow is running with Node 24 by default. If you need to temporarily use Node 20, you can set the ACTIONS_ALLOW_USE_UNSECURE_NODE_VERSION=true environment variable. For more information see: https://github.blog/changelog/2025-09-19-deprecation-of-node-20-on-github-actions-runners/
review / validation	UNKNOWN STEP	2026-08-15T08:00:18.8020401Z Post job cleanup.
review / validation	UNKNOWN STEP	2026-08-15T08:00:18.8429615Z [command]/usr/local/bin/git version
review / validation	UNKNOWN STEP	2026-08-15T08:00:18.8453748Z git version 2.52.0
review / validation	UNKNOWN STEP	2026-08-15T08:00:18.8501823Z Temporarily overriding HOME='/home/runner/_work/_temp/07654ce1-ad47-440c-bc4b-2fc99cbc29fb' before making global git config changes
review / validation	UNKNOWN STEP	2026-08-15T08:00:18.8502193Z Adding repository directory to the temporary git global config as a safe directory
review / validation	UNKNOWN STEP	2026-08-15T08:00:18.8504982Z [command]/usr/local/bin/git config --global --add safe.directory /home/runner/_work/dynamo-1573c1a-data-querying-and-databases/dynamo-1573c1a-data-querying-and-databases
review / validation	UNKNOWN STEP	2026-08-15T08:00:18.8526754Z [command]/usr/local/bin/git config --local --name-only --get-regexp core\.sshCommand
review / validation	UNKNOWN STEP	2026-08-15T08:00:18.8545257Z [command]/usr/local/bin/git submodule foreach --recursive sh -c "git config --local --name-only --get-regexp 'core\.sshCommand' && git config --local --unset-all 'core.sshCommand' || :"
review / validation	UNKNOWN STEP	2026-08-15T08:00:18.8641486Z [command]/usr/local/bin/git config --local --name-only --get-regexp http\.https\:\/\/github\.com\/\.extraheader
review / validation	UNKNOWN STEP	2026-08-15T08:00:18.8654973Z http.https://github.com/.extraheader
review / validation	UNKNOWN STEP	2026-08-15T08:00:18.8659659Z [command]/usr/local/bin/git config --local --unset-all http.https://github.com/.extraheader
review / validation	UNKNOWN STEP	2026-08-15T08:00:18.8679200Z [command]/usr/local/bin/git submodule foreach --recursive sh -c "git config --local --name-only --get-regexp 'http\.https\:\/\/github\.com\/\.extraheader' && git config --local --unset-all 'http.https://github.com/.extraheader' || :"
review / validation	UNKNOWN STEP	2026-08-15T08:00:18.8771130Z [command]/usr/local/bin/git config --local --name-only --get-regexp ^includeIf\.gitdir:
review / validation	UNKNOWN STEP	2026-08-15T08:00:18.8788371Z [command]/usr/local/bin/git submodule foreach --recursive git config --local --show-origin --name-only --get-regexp remote.origin.url
review / validation	UNKNOWN STEP	2026-08-15T08:00:18.8928183Z A job completed hook has been configured by the self-hosted runner administrator
review / validation	UNKNOWN STEP	2026-08-15T08:00:18.8951751Z ##[group]Run '/job_completed.sh'
review / validation	UNKNOWN STEP	2026-08-15T08:00:18.8964642Z shell: /usr/bin/bash --noprofile --norc -e -o pipefail {0}
review / validation	UNKNOWN STEP	2026-08-15T08:00:18.8964821Z env:
review / validation	UNKNOWN STEP	2026-08-15T08:00:18.8964937Z   BLACKSMITH_RUNNER_MESSAGE_WAIT_MS: 1226
review / validation	UNKNOWN STEP	2026-08-15T08:00:18.8965088Z   BLACKSMITH_RUNNER_ACQUIRE_JOB_MS: 1159
review / validation	UNKNOWN STEP	2026-08-15T08:00:18.8965231Z ##[endgroup]
review / validation	UNKNOWN STEP	2026-08-15T08:00:18.9043018Z Docker container caching not enabled, skipping hash computation.
review / validation	UNKNOWN STEP	2026-08-15T08:00:18.9093225Z No active SSH sessions detected. Proceeding with shutdown immediately.
review / validation	UNKNOWN STEP	2026-08-15T08:00:18.9132466Z Cleaning up orphan processes
review / validation	UNKNOWN STEP	2026-08-15T08:00:18.9340141Z ##[warning]Node.js 20 is deprecated. The following actions target Node.js 20 but are being forced to run on Node.js 24: actions/checkout@11d5960a326750d5838078e36cf38b85af677262, actions/setup-python@a26af69be951a213d495a4c3e4e4022e16d87065, actions/upload-artifact@ea165f8d65b6e75b540449e92b4886f43607fa02, astral-sh/setup-uv@38f3f104447c67c051c4a08e39b64a148898af3a, marocchino/sticky-pull-request-comment@773744901bac0e8cbb5a0dc842800d45e9b2b405. For more information see: https://github.blog/changelog/2025-09-19-deprecation-of-node-20-on-github-actions-runners/
review / gate	UNKNOWN STEP	﻿2026-08-15T08:01:06.8487195Z Current runner version: '2.336.0'
review / gate	UNKNOWN STEP	2026-08-15T08:01:06.8490506Z Runner name: 'blacksmith-scale3-01m0270cjp4c3t8waa7khr6mzn-2vcpu'
review / gate	UNKNOWN STEP	2026-08-15T08:01:06.8491114Z Runner group name: 'blacksmith runners 01kyaj49yqtkmevmxapsvtx542'
review / gate	UNKNOWN STEP	2026-08-15T08:01:06.8491854Z Machine name: 'ip-172-31-64-123'
review / gate	UNKNOWN STEP	2026-08-15T08:01:06.8493299Z ##[group]GITHUB_TOKEN Permissions
review / gate	UNKNOWN STEP	2026-08-15T08:01:06.8494484Z Contents: read
review / gate	UNKNOWN STEP	2026-08-15T08:01:06.8494838Z Metadata: read
review / gate	UNKNOWN STEP	2026-08-15T08:01:06.8495218Z PullRequests: write
review / gate	UNKNOWN STEP	2026-08-15T08:01:06.8495572Z ##[endgroup]
review / gate	UNKNOWN STEP	2026-08-15T08:01:06.8496842Z Secret source: Actions
review / gate	UNKNOWN STEP	2026-08-15T08:01:06.8497512Z Prepare workflow directory
review / gate	UNKNOWN STEP	2026-08-15T08:01:06.8676782Z Prepare all required actions
review / gate	UNKNOWN STEP	2026-08-15T08:01:06.8695133Z Setting BLACKSMITH_ACTIONS_RESULTS_URL to https://results-receiver.actions.githubusercontent.com/
review / gate	UNKNOWN STEP	2026-08-15T08:01:06.8735252Z Uses: handshake-project-dynamo/handshake-orchestration-tb2/.github/workflows/dynamo-review.yml@refs/heads/main (623a2dbaae6fffe4e0cfe4e975c4442ae8ea3116)
review / gate	UNKNOWN STEP	2026-08-15T08:01:06.8738026Z ##[group] Inputs
review / gate	UNKNOWN STEP	2026-08-15T08:01:06.8738409Z   checks_ref: main
review / gate	UNKNOWN STEP	2026-08-15T08:01:06.8738803Z ##[endgroup]
review / gate	UNKNOWN STEP	2026-08-15T08:01:06.8739740Z Complete job name: review / gate
review / gate	UNKNOWN STEP	2026-08-15T08:01:06.9066323Z A job started hook has been configured by the self-hosted runner administrator
review / gate	UNKNOWN STEP	2026-08-15T08:01:06.9306460Z ##[group]Run '/setup.sh'
review / gate	UNKNOWN STEP	2026-08-15T08:01:06.9322274Z shell: /usr/bin/bash --noprofile --norc -e -o pipefail {0}
review / gate	UNKNOWN STEP	2026-08-15T08:01:06.9322688Z env:
review / gate	UNKNOWN STEP	2026-08-15T08:01:06.9322911Z   BLACKSMITH_RUNNER_MESSAGE_WAIT_MS: 2738
review / gate	UNKNOWN STEP	2026-08-15T08:01:06.9323204Z   BLACKSMITH_RUNNER_ACQUIRE_JOB_MS: 1137
review / gate	UNKNOWN STEP	2026-08-15T08:01:06.9323470Z ##[endgroup]
review / gate	UNKNOWN STEP	2026-08-15T08:01:06.9602179Z Logging daemon started (blacksmithd for logs)
review / gate	UNKNOWN STEP	2026-08-15T08:01:06.9725370Z Results daemon started (blacksmithd for results)
review / gate	UNKNOWN STEP	2026-08-15T08:01:06.9896713Z Background adoption and SSH setup started (PID: 3510)
review / gate	UNKNOWN STEP	2026-08-15T08:01:06.9897403Z 
review / gate	UNKNOWN STEP	2026-08-15T08:01:06.9897855Z ----------------------------------------
review / gate	UNKNOWN STEP	2026-08-15T08:01:06.9942827Z View this job: https://app.blacksmith.sh/handshake-project-dynamo/runs/31873024542/jobs/94985294858
review / gate	UNKNOWN STEP	2026-08-15T08:01:06.9943699Z SSH Access (using your GitHub SSH key):
review / gate	UNKNOWN STEP	2026-08-15T08:01:06.9944267Z   ssh -p 64035 runner@blacksmith-scale3-01m0270cjp4c3t8waa7khr6mzn-2vcpu.vm.blacksmith.sh
review / gate	UNKNOWN STEP	2026-08-15T08:01:06.9944665Z 
review / gate	UNKNOWN STEP	2026-08-15T08:01:06.9944859Z No GitHub SSH key? Add one at:
review / gate	UNKNOWN STEP	2026-08-15T08:01:06.9945586Z https://docs.github.com/en/authentication/connecting-to-github-with-ssh/adding-a-new-ssh-key-to-your-github-account
review / gate	UNKNOWN STEP	2026-08-15T08:01:06.9946060Z 
review / gate	UNKNOWN STEP	2026-08-15T08:01:06.9946237Z ----------------------------------------
review / gate	UNKNOWN STEP	2026-08-15T08:01:06.9946483Z 
review / gate	UNKNOWN STEP	2026-08-15T08:01:06.9946704Z VM ID: blacksmith-scale3-01m0270cjp4c3t8waa7khr6mzn-2vcpu
review / gate	UNKNOWN STEP	2026-08-15T08:01:06.9947108Z Host: production-192.240.247.186-x8664
review / gate	UNKNOWN STEP	2026-08-15T08:01:06.9948369Z Host Agent PID: 3279086
review / gate	UNKNOWN STEP	2026-08-15T08:01:06.9948746Z Agent Process Count: 1
review / gate	UNKNOWN STEP	2026-08-15T08:01:06.9949048Z Host Agent Git SHA: 1dcca3f2
review / gate	UNKNOWN STEP	2026-08-15T08:01:06.9949372Z Host CPU Manufacturer: AuthenticAMD
review / gate	UNKNOWN STEP	2026-08-15T08:01:06.9949718Z Blacksmith Host Generation: gen 2
review / gate	UNKNOWN STEP	2026-08-15T08:01:06.9950072Z Petname: production-natural-meerkat-89762a0f
review / gate	UNKNOWN STEP	2026-08-15T08:01:06.9950430Z Region: us-west
review / gate	UNKNOWN STEP	2026-08-15T08:01:06.9950731Z Rootfs Version: ubuntu24-full-x64-012126
review / gate	UNKNOWN STEP	2026-08-15T08:01:06.9969693Z OS Version: Ubuntu 24.04.3 LTS
review / gate	UNKNOWN STEP	2026-08-15T08:01:06.9976376Z System Statistics:
review / gate	UNKNOWN STEP	2026-08-15T08:01:06.9979797Z -----------------
review / gate	UNKNOWN STEP	2026-08-15T08:01:06.9980129Z VM CPU Count: 3
review / gate	UNKNOWN STEP	2026-08-15T08:01:06.9980324Z 
review / gate	UNKNOWN STEP	2026-08-15T08:01:06.9980493Z Jobs by Process ID:
review / gate	UNKNOWN STEP	2026-08-15T08:01:06.9980776Z -----------------
review / gate	UNKNOWN STEP	2026-08-15T08:01:06.9981053Z PID 3279086: 4 jobs
review / gate	UNKNOWN STEP	2026-08-15T08:01:06.9981346Z Total: 4 jobs across 1 process
review / gate	UNKNOWN STEP	2026-08-15T08:01:06.9981572Z 
review / gate	UNKNOWN STEP	2026-08-15T08:01:06.9981744Z Devices by Process ID:
review / gate	UNKNOWN STEP	2026-08-15T08:01:06.9982040Z -----------------
review / gate	UNKNOWN STEP	2026-08-15T08:01:06.9982320Z PID 3279086: 4 devices
review / gate	UNKNOWN STEP	2026-08-15T08:01:06.9982661Z Total: 4 devices across 1 process
review / gate	UNKNOWN STEP	2026-08-15T08:01:06.9982997Z Enabling Blacksmith transparent cache
review / gate	UNKNOWN STEP	2026-08-15T08:01:07.0348824Z ##[group]Run R='success'; S='success'; DR='skipped'; AR='skipped'
review / gate	UNKNOWN STEP	2026-08-15T08:01:07.0349293Z ^[[36;1mR='success'; S='success'; DR='skipped'; AR='skipped'^[[0m
review / gate	UNKNOWN STEP	2026-08-15T08:01:07.0349704Z ^[[36;1mV='failure'; P='skipped'; T='skipped'; QG='skipped'; T1='skipped'^[[0m
review / gate	UNKNOWN STEP	2026-08-15T08:01:07.0350157Z ^[[36;1mstage_ok() { # result run_flag — success, or skipped WITH sanction^[[0m
review / gate	UNKNOWN STEP	2026-08-15T08:01:07.0350583Z ^[[36;1m  [ "$1" = "success" ] || { [ "$1" = "skipped" ] && [ "$2" = "false" ]; }^[[0m
review / gate	UNKNOWN STEP	2026-08-15T08:01:07.0350915Z ^[[36;1m}^[[0m
review / gate	UNKNOWN STEP	2026-08-15T08:01:07.0351119Z ^[[36;1mALL_GREEN=true^[[0m
review / gate	UNKNOWN STEP	2026-08-15T08:01:07.0351409Z ^[[36;1mstage_ok "$R" "$RUN_REVIEW"      || ALL_GREEN=false^[[0m
review / gate	UNKNOWN STEP	2026-08-15T08:01:07.0351772Z ^[[36;1mstage_ok "$S" "$RUN_SIMILARITY"  || ALL_GREEN=false^[[0m
review / gate	UNKNOWN STEP	2026-08-15T08:01:07.0352136Z ^[[36;1mstage_ok "$V" "$RUN_VALIDATION"  || ALL_GREEN=false^[[0m
review / gate	UNKNOWN STEP	2026-08-15T08:01:07.0352495Z ^[[36;1mstage_ok "$P" "$RUN_PASS2"       || ALL_GREEN=false^[[0m
review / gate	UNKNOWN STEP	2026-08-15T08:01:07.0352881Z ^[[36;1mstage_ok "$T1" "$RUN_TIER1"      || ALL_GREEN=false^[[0m
review / gate	UNKNOWN STEP	2026-08-15T08:01:07.0353243Z ^[[36;1mstage_ok "$QG" "$RUN_QC"         || ALL_GREEN=false^[[0m
review / gate	UNKNOWN STEP	2026-08-15T08:01:07.0353595Z ^[[36;1mstage_ok "$DR" "$RUN_DEEP"       || ALL_GREEN=false^[[0m
review / gate	UNKNOWN STEP	2026-08-15T08:01:07.0353950Z ^[[36;1mstage_ok "$AR" "$RUN_AVA"        || ALL_GREEN=false^[[0m
review / gate	UNKNOWN STEP	2026-08-15T08:01:07.0354344Z ^[[36;1mstage_ok "$T" "$RUN_TRIALS"      || ALL_GREEN=false^[[0m
review / gate	UNKNOWN STEP	2026-08-15T08:01:07.0354671Z ^[[36;1mif [ "$ALL_GREEN" = true ]; then^[[0m
review / gate	UNKNOWN STEP	2026-08-15T08:01:07.0355076Z ^[[36;1m  ADD=accepted; RM=needs-revision; COLOR=0e8a16; DESC="Dynamo: all checks passed"^[[0m
review / gate	UNKNOWN STEP	2026-08-15T08:01:07.0356563Z ^[[36;1m  gh pr edit "$PR_NUMBER" --repo "$REPO" --remove-label "rework-submitted-on-red" 2>/dev/null || true^[[0m
review / gate	UNKNOWN STEP	2026-08-15T08:01:07.0357087Z ^[[36;1melse^[[0m
review / gate	UNKNOWN STEP	2026-08-15T08:01:07.0357451Z ^[[36;1m  ADD=needs-revision; RM=accepted; COLOR=d93f0b; DESC="Dynamo: one or more checks failed"^[[0m
review / gate	UNKNOWN STEP	2026-08-15T08:01:07.0357859Z ^[[36;1mfi^[[0m
review / gate	UNKNOWN STEP	2026-08-15T08:01:07.0358229Z ^[[36;1mgh label create "$ADD" --repo "$REPO" --color "$COLOR" --description "$DESC" 2>/dev/null || true^[[0m
review / gate	UNKNOWN STEP	2026-08-15T08:01:07.0358773Z ^[[36;1mgh pr edit "$PR_NUMBER" --repo "$REPO" --add-label "$ADD" 2>/dev/null || true^[[0m
review / gate	UNKNOWN STEP	2026-08-15T08:01:07.0359343Z ^[[36;1mgh pr edit "$PR_NUMBER" --repo "$REPO" --remove-label "$RM" --remove-label "in-progress" 2>/dev/null || true^[[0m
review / gate	UNKNOWN STEP	2026-08-15T08:01:07.0376015Z shell: /usr/bin/bash -e {0}
review / gate	UNKNOWN STEP	2026-08-15T08:01:07.0376267Z env:
review / gate	UNKNOWN STEP	2026-08-15T08:01:07.0376482Z   BLACKSMITH_RUNNER_MESSAGE_WAIT_MS: 2738
review / gate	UNKNOWN STEP	2026-08-15T08:01:07.0376773Z   BLACKSMITH_RUNNER_ACQUIRE_JOB_MS: 1137
review / gate	UNKNOWN STEP	2026-08-15T08:01:07.0377187Z   GITHUB_REPO_NAME: handshake-project-dynamo/dynamo-1573c1a-data-querying-and-databases
review / gate	UNKNOWN STEP	2026-08-15T08:01:07.0379298Z   GH_TOKEN: ***
review / gate	UNKNOWN STEP	2026-08-15T08:01:07.0379622Z   REPO: handshake-project-dynamo/dynamo-1573c1a-data-querying-and-databases
review / gate	UNKNOWN STEP	2026-08-15T08:01:07.0380000Z   PR_NUMBER: 5
review / gate	UNKNOWN STEP	2026-08-15T08:01:07.0380209Z   RUN_REVIEW: true
review / gate	UNKNOWN STEP	2026-08-15T08:01:07.0380427Z   RUN_SIMILARITY: true
review / gate	UNKNOWN STEP	2026-08-15T08:01:07.0380660Z   RUN_VALIDATION: true
review / gate	UNKNOWN STEP	2026-08-15T08:01:07.0380884Z   RUN_PASS2: true
review / gate	UNKNOWN STEP	2026-08-15T08:01:07.0381094Z   RUN_TIER1: true
review / gate	UNKNOWN STEP	2026-08-15T08:01:07.0381301Z   RUN_QC: true
review / gate	UNKNOWN STEP	2026-08-15T08:01:07.0381569Z   RUN_DEEP: true
review / gate	UNKNOWN STEP	2026-08-15T08:01:07.0381776Z   RUN_AVA: true
review / gate	UNKNOWN STEP	2026-08-15T08:01:07.0381982Z   RUN_TRIALS: true
review / gate	UNKNOWN STEP	2026-08-15T08:01:07.0382197Z ##[endgroup]
review / gate	UNKNOWN STEP	2026-08-15T08:01:09.4108711Z https://github.com/handshake-project-dynamo/dynamo-1573c1a-data-querying-and-databases/pull/5
review / gate	UNKNOWN STEP	2026-08-15T08:01:10.3610431Z ##[group]Run R='success'; S='success'; DR='skipped'; AR='skipped'
review / gate	UNKNOWN STEP	2026-08-15T08:01:10.3610746Z ^[[36;1mR='success'; S='success'; DR='skipped'; AR='skipped'^[[0m
review / gate	UNKNOWN STEP	2026-08-15T08:01:10.3610966Z ^[[36;1mV='failure'; P='skipped'; T='skipped'; QG='skipped'; T1='skipped'^[[0m
review / gate	UNKNOWN STEP	2026-08-15T08:01:10.3611277Z ^[[36;1mecho "review=$R  similarity=$S  validation=$V  pass2=$P  tier1=$T1  qc_gate=$QG  deep_review=$DR  ava_review=$AR  trials=$T"^[[0m
review / gate	UNKNOWN STEP	2026-08-15T08:01:10.3611801Z ^[[36;1mecho "sanctioned: review=$RUN_REVIEW similarity=$RUN_SIMILARITY validation=$RUN_VALIDATION pass2=$RUN_PASS2 tier1=$RUN_TIER1 qc=$RUN_QC deep=$RUN_DEEP ava=$RUN_AVA trials=$RUN_TRIALS (run flags — 'false' = skip sanctioned)"^[[0m
review / gate	UNKNOWN STEP	2026-08-15T08:01:10.3612395Z ^[[36;1mstage_ok() { # result run_flag — success, or skipped WITH sanction^[[0m
review / gate	UNKNOWN STEP	2026-08-15T08:01:10.3612667Z ^[[36;1m  [ "$1" = "success" ] || { [ "$1" = "skipped" ] && [ "$2" = "false" ]; }^[[0m
review / gate	UNKNOWN STEP	2026-08-15T08:01:10.3612847Z ^[[36;1m}^[[0m
review / gate	UNKNOWN STEP	2026-08-15T08:01:10.3612991Z ^[[36;1mFAILED=""^[[0m
review / gate	UNKNOWN STEP	2026-08-15T08:01:10.3613160Z ^[[36;1mstage_ok "$R" "$RUN_REVIEW"      || FAILED="$FAILED review=$R"^[[0m
review / gate	UNKNOWN STEP	2026-08-15T08:01:10.3613388Z ^[[36;1mstage_ok "$S" "$RUN_SIMILARITY"  || FAILED="$FAILED similarity=$S"^[[0m
review / gate	UNKNOWN STEP	2026-08-15T08:01:10.3613611Z ^[[36;1mstage_ok "$V" "$RUN_VALIDATION"  || FAILED="$FAILED validation=$V"^[[0m
review / gate	UNKNOWN STEP	2026-08-15T08:01:10.3613827Z ^[[36;1mstage_ok "$P" "$RUN_PASS2"       || FAILED="$FAILED pass2=$P"^[[0m
review / gate	UNKNOWN STEP	2026-08-15T08:01:10.3614044Z ^[[36;1mstage_ok "$T1" "$RUN_TIER1"      || FAILED="$FAILED tier1=$T1"^[[0m
review / gate	UNKNOWN STEP	2026-08-15T08:01:10.3614264Z ^[[36;1mstage_ok "$QG" "$RUN_QC"         || FAILED="$FAILED qc_gate=$QG"^[[0m
review / gate	UNKNOWN STEP	2026-08-15T08:01:10.3614485Z ^[[36;1mstage_ok "$DR" "$RUN_DEEP"       || FAILED="$FAILED deep_review=$DR"^[[0m
review / gate	UNKNOWN STEP	2026-08-15T08:01:10.3614707Z ^[[36;1mstage_ok "$AR" "$RUN_AVA"        || FAILED="$FAILED ava_review=$AR"^[[0m
review / gate	UNKNOWN STEP	2026-08-15T08:01:10.3614924Z ^[[36;1mstage_ok "$T" "$RUN_TRIALS"      || FAILED="$FAILED trials=$T"^[[0m
review / gate	UNKNOWN STEP	2026-08-15T08:01:10.3615115Z ^[[36;1mif [ -n "$FAILED" ]; then^[[0m
review / gate	UNKNOWN STEP	2026-08-15T08:01:10.3615277Z ^[[36;1m  CANCELLED=false; ANY_STAGE_FAILURE=false^[[0m
review / gate	UNKNOWN STEP	2026-08-15T08:01:10.3615473Z ^[[36;1m  for RESULT in "$R" "$S" "$V" "$P" "$T1" "$QG" "$DR" "$AR" "$T"; do^[[0m
review / gate	UNKNOWN STEP	2026-08-15T08:01:10.3615677Z ^[[36;1m    [ "$RESULT" = "cancelled" ] && CANCELLED=true^[[0m
review / gate	UNKNOWN STEP	2026-08-15T08:01:10.3615863Z ^[[36;1m    [ "$RESULT" = "failure" ] && ANY_STAGE_FAILURE=true^[[0m
review / gate	UNKNOWN STEP	2026-08-15T08:01:10.3616027Z ^[[36;1m  done^[[0m
review / gate	UNKNOWN STEP	2026-08-15T08:01:10.3616216Z ^[[36;1m  # Rework advisory CI: on a trusted rework task with^[[0m
review / gate	UNKNOWN STEP	2026-08-15T08:01:10.3616438Z ^[[36;1m  # REWORK_CI_POLICY=advisory, a red pipeline no longer blocks the^[[0m
review / gate	UNKNOWN STEP	2026-08-15T08:01:10.3616663Z ^[[36;1m  # fellow's submission — the required check passes, while the^[[0m
review / gate	UNKNOWN STEP	2026-08-15T08:01:10.3616898Z ^[[36;1m  # verdict labels above stay honest (needs-revision + a distinct^[[0m
review / gate	UNKNOWN STEP	2026-08-15T08:01:10.3617155Z ^[[36;1m  # rework-submitted-on-red marker for downstream tooling). The^[[0m
review / gate	UNKNOWN STEP	2026-08-15T08:01:10.3617419Z ^[[36;1m  # failed stage keeps the RUN conclusion red, so this run can never^[[0m
review / gate	UNKNOWN STEP	2026-08-15T08:01:10.3617654Z ^[[36;1m  # sanction a future skip. STRICTLY "a check judged it red and the^[[0m
review / gate	UNKNOWN STEP	2026-08-15T08:01:10.3617882Z ^[[36;1m  # fellow submits anyway" — never "nothing ran, submit blind":^[[0m
review / gate	UNKNOWN STEP	2026-08-15T08:01:10.3618107Z ^[[36;1m  # the decision job must have succeeded and at least one monitored^[[0m
review / gate	UNKNOWN STEP	2026-08-15T08:01:10.3618337Z ^[[36;1m  # stage must have actually FAILED (an upstream collapse that only^[[0m
review / gate	UNKNOWN STEP	2026-08-15T08:01:10.3618578Z ^[[36;1m  # cascades unsanctioned skips stays blocking, as do cancellations).^[[0m
review / gate	UNKNOWN STEP	2026-08-15T08:01:10.3618815Z ^[[36;1m  if [ "$REWORK_ADVISORY" = "true" ] && [ "$CANCELLED" = "false" ] \^[[0m
review / gate	UNKNOWN STEP	2026-08-15T08:01:10.3619057Z ^[[36;1m    && [ "$CHANGES_RESULT" = "success" ] && [ "$ANY_STAGE_FAILURE" = "true" ]; then^[[0m
review / gate	UNKNOWN STEP	2026-08-15T08:01:10.3619452Z ^[[36;1m    echo "::warning::Pipeline not green —$FAILED — but this task is in rework and the policy is advisory CI: submission is allowed. Verdicts remain on the PR as labels."^[[0m
review / gate	UNKNOWN STEP	2026-08-15T08:01:10.3620061Z ^[[36;1m    gh label create "rework-submitted-on-red" --repo "$REPO" --color d93f0b --description "Rework submitted with failing checks (advisory CI)" 2>/dev/null || true^[[0m
review / gate	UNKNOWN STEP	2026-08-15T08:01:10.3620494Z ^[[36;1m    gh pr edit "$PR_NUMBER" --repo "$REPO" --add-label "rework-submitted-on-red" 2>/dev/null || true^[[0m
review / gate	UNKNOWN STEP	2026-08-15T08:01:10.3620724Z ^[[36;1m    exit 0^[[0m
review / gate	UNKNOWN STEP	2026-08-15T08:01:10.3620847Z ^[[36;1m  fi^[[0m
review / gate	UNKNOWN STEP	2026-08-15T08:01:10.3621092Z ^[[36;1m  echo "::error::Pipeline not green —$FAILED. PR is blocked (a Tier-1 HOLD blocks here until the required fixes are attempted)."^[[0m
review / gate	UNKNOWN STEP	2026-08-15T08:01:10.3621429Z ^[[36;1m  exit 1^[[0m
review / gate	UNKNOWN STEP	2026-08-15T08:01:10.3621549Z ^[[36;1mfi^[[0m
review / gate	UNKNOWN STEP	2026-08-15T08:01:10.3621718Z ^[[36;1mecho "All stages passed or were sanctioned-skipped — PR may merge."^[[0m
review / gate	UNKNOWN STEP	2026-08-15T08:01:10.3621972Z ^[[36;1m# No marker to persist: the skip authority is this run's own success^[[0m
review / gate	UNKNOWN STEP	2026-08-15T08:01:10.3622213Z ^[[36;1m# conclusion, read back via the Actions API by future `changes` jobs.^[[0m
review / gate	UNKNOWN STEP	2026-08-15T08:01:10.3637088Z shell: /usr/bin/bash -e {0}
review / gate	UNKNOWN STEP	2026-08-15T08:01:10.3637227Z env:
review / gate	UNKNOWN STEP	2026-08-15T08:01:10.3637356Z   BLACKSMITH_RUNNER_MESSAGE_WAIT_MS: 2738
review / gate	UNKNOWN STEP	2026-08-15T08:01:10.3637512Z   BLACKSMITH_RUNNER_ACQUIRE_JOB_MS: 1137
review / gate	UNKNOWN STEP	2026-08-15T08:01:10.3637737Z   GITHUB_REPO_NAME: handshake-project-dynamo/dynamo-1573c1a-data-querying-and-databases
review / gate	UNKNOWN STEP	2026-08-15T08:01:10.3639103Z   GH_TOKEN: ***
review / gate	UNKNOWN STEP	2026-08-15T08:01:10.3639292Z   REPO: handshake-project-dynamo/dynamo-1573c1a-data-querying-and-databases
review / gate	UNKNOWN STEP	2026-08-15T08:01:10.3639492Z   PR_NUMBER: 5
review / gate	UNKNOWN STEP	2026-08-15T08:01:10.3639612Z   REWORK_ADVISORY: false
review / gate	UNKNOWN STEP	2026-08-15T08:01:10.3639747Z   CHANGES_RESULT: success
review / gate	UNKNOWN STEP	2026-08-15T08:01:10.3639874Z   RUN_REVIEW: true
review / gate	UNKNOWN STEP	2026-08-15T08:01:10.3640000Z   RUN_SIMILARITY: true
review / gate	UNKNOWN STEP	2026-08-15T08:01:10.3640126Z   RUN_VALIDATION: true
review / gate	UNKNOWN STEP	2026-08-15T08:01:10.3640247Z   RUN_PASS2: true
review / gate	UNKNOWN STEP	2026-08-15T08:01:10.3640364Z   RUN_TIER1: true
review / gate	UNKNOWN STEP	2026-08-15T08:01:10.3640477Z   RUN_QC: true
review / gate	UNKNOWN STEP	2026-08-15T08:01:10.3640592Z   RUN_DEEP: true
review / gate	UNKNOWN STEP	2026-08-15T08:01:10.3640704Z   RUN_AVA: true
review / gate	UNKNOWN STEP	2026-08-15T08:01:10.3640819Z   RUN_TRIALS: true
review / gate	UNKNOWN STEP	2026-08-15T08:01:10.3640935Z ##[endgroup]
review / gate	UNKNOWN STEP	2026-08-15T08:01:10.3665677Z review=success  similarity=success  validation=failure  pass2=skipped  tier1=skipped  qc_gate=skipped  deep_review=skipped  ava_review=skipped  trials=skipped
review / gate	UNKNOWN STEP	2026-08-15T08:01:10.3719240Z sanctioned: review=true similarity=true validation=true pass2=true tier1=true qc=true deep=true ava=true trials=true (run flags — 'false' = skip sanctioned)
review / gate	UNKNOWN STEP	2026-08-15T08:01:10.3738033Z ##[error]Pipeline not green — validation=failure pass2=skipped tier1=skipped qc_gate=skipped deep_review=skipped ava_review=skipped trials=skipped. PR is blocked (a Tier-1 HOLD blocks here until the required fixes are attempted).
review / gate	UNKNOWN STEP	2026-08-15T08:01:10.3743086Z ##[error]Process completed with exit code 1.
review / gate	UNKNOWN STEP	2026-08-15T08:01:10.3772649Z A job completed hook has been configured by the self-hosted runner administrator
review / gate	UNKNOWN STEP	2026-08-15T08:01:10.3794028Z ##[group]Run '/job_completed.sh'
review / gate	UNKNOWN STEP	2026-08-15T08:01:10.3805027Z shell: /usr/bin/bash --noprofile --norc -e -o pipefail {0}
review / gate	UNKNOWN STEP	2026-08-15T08:01:10.3805211Z env:
review / gate	UNKNOWN STEP	2026-08-15T08:01:10.3805341Z   BLACKSMITH_RUNNER_MESSAGE_WAIT_MS: 2738
review / gate	UNKNOWN STEP	2026-08-15T08:01:10.3805502Z   BLACKSMITH_RUNNER_ACQUIRE_JOB_MS: 1137
review / gate	UNKNOWN STEP	2026-08-15T08:01:10.3805652Z ##[endgroup]
review / gate	UNKNOWN STEP	2026-08-15T08:01:10.3879806Z Docker container caching not enabled, skipping hash computation.
review / gate	UNKNOWN STEP	2026-08-15T08:01:10.3933183Z No active SSH sessions detected. Proceeding with shutdown immediately.
review / gate	UNKNOWN STEP	2026-08-15T08:01:10.3969646Z Cleaning up orphan processes
