review / pass2	UNKNOWN STEP	﻿2026-08-15T05:24:00.7485467Z Current runner version: '2.336.0'
review / pass2	UNKNOWN STEP	2026-08-15T05:24:00.7488942Z Runner name: 'blacksmith-scale2-01m01xtc66g3xgx1310j2z3289-2vcpu'
review / pass2	UNKNOWN STEP	2026-08-15T05:24:00.7489617Z Runner group name: 'blacksmith runners 01kwjf99pkapfc7yagwd0c1r2e'
review / pass2	UNKNOWN STEP	2026-08-15T05:24:00.7490298Z Machine name: 'ip-172-31-64-123'
review / pass2	UNKNOWN STEP	2026-08-15T05:24:00.7491994Z ##[group]GITHUB_TOKEN Permissions
review / pass2	UNKNOWN STEP	2026-08-15T05:24:00.7493211Z Contents: read
review / pass2	UNKNOWN STEP	2026-08-15T05:24:00.7493649Z Metadata: read
review / pass2	UNKNOWN STEP	2026-08-15T05:24:00.7494087Z PullRequests: write
review / pass2	UNKNOWN STEP	2026-08-15T05:24:00.7494542Z ##[endgroup]
review / pass2	UNKNOWN STEP	2026-08-15T05:24:00.7495724Z Secret source: Actions
review / pass2	UNKNOWN STEP	2026-08-15T05:24:00.7496501Z Prepare workflow directory
review / pass2	UNKNOWN STEP	2026-08-15T05:24:00.7759936Z Prepare all required actions
review / pass2	UNKNOWN STEP	2026-08-15T05:24:00.7787416Z Getting action download info
review / pass2	UNKNOWN STEP	2026-08-15T05:24:01.1166684Z Download action repository 'actions/checkout@11d5960a326750d5838078e36cf38b85af677262' (SHA:11d5960a326750d5838078e36cf38b85af677262)
review / pass2	UNKNOWN STEP	2026-08-15T05:24:01.6023191Z Download action repository 'actions/checkout@3d3c42e5aac5ba805825da76410c181273ba90b1' (SHA:3d3c42e5aac5ba805825da76410c181273ba90b1)
review / pass2	UNKNOWN STEP	2026-08-15T05:24:02.0668866Z Download action repository 'marocchino/sticky-pull-request-comment@773744901bac0e8cbb5a0dc842800d45e9b2b405' (SHA:773744901bac0e8cbb5a0dc842800d45e9b2b405)
review / pass2	UNKNOWN STEP	2026-08-15T05:24:02.5651189Z Download action repository 'actions/setup-python@a26af69be951a213d495a4c3e4e4022e16d87065' (SHA:a26af69be951a213d495a4c3e4e4022e16d87065)
review / pass2	UNKNOWN STEP	2026-08-15T05:24:02.6092564Z Download action repository 'astral-sh/setup-uv@38f3f104447c67c051c4a08e39b64a148898af3a' (SHA:38f3f104447c67c051c4a08e39b64a148898af3a)
review / pass2	UNKNOWN STEP	2026-08-15T05:24:03.2189313Z Download action repository 'actions/upload-artifact@ea165f8d65b6e75b540449e92b4886f43607fa02' (SHA:ea165f8d65b6e75b540449e92b4886f43607fa02)
review / pass2	UNKNOWN STEP	2026-08-15T05:24:03.3300496Z Setting BLACKSMITH_ACTIONS_RESULTS_URL to https://results-receiver.actions.githubusercontent.com/
review / pass2	UNKNOWN STEP	2026-08-15T05:24:03.3323977Z Uses: handshake-project-dynamo/handshake-orchestration-tb2/.github/workflows/dynamo-review.yml@refs/heads/main (623a2dbaae6fffe4e0cfe4e975c4442ae8ea3116)
review / pass2	UNKNOWN STEP	2026-08-15T05:24:03.3326061Z ##[group] Inputs
review / pass2	UNKNOWN STEP	2026-08-15T05:24:03.3326205Z   checks_ref: main
review / pass2	UNKNOWN STEP	2026-08-15T05:24:03.3326322Z ##[endgroup]
review / pass2	UNKNOWN STEP	2026-08-15T05:24:03.3326443Z Complete job name: review / pass2
review / pass2	UNKNOWN STEP	2026-08-15T05:24:03.3707828Z A job started hook has been configured by the self-hosted runner administrator
review / pass2	UNKNOWN STEP	2026-08-15T05:24:03.3765882Z ##[group]Run '/setup.sh'
review / pass2	UNKNOWN STEP	2026-08-15T05:24:03.3774746Z shell: /usr/bin/bash --noprofile --norc -e -o pipefail {0}
review / pass2	UNKNOWN STEP	2026-08-15T05:24:03.3775013Z env:
review / pass2	UNKNOWN STEP	2026-08-15T05:24:03.3775139Z   BLACKSMITH_RUNNER_MESSAGE_WAIT_MS: 210541
review / pass2	UNKNOWN STEP	2026-08-15T05:24:03.3775309Z   BLACKSMITH_RUNNER_ACQUIRE_JOB_MS: 1016
review / pass2	UNKNOWN STEP	2026-08-15T05:24:03.3775451Z ##[endgroup]
review / pass2	UNKNOWN STEP	2026-08-15T05:24:03.3997022Z Logging daemon started (blacksmithd for logs)
review / pass2	UNKNOWN STEP	2026-08-15T05:24:03.4093333Z Results daemon started (blacksmithd for results)
review / pass2	UNKNOWN STEP	2026-08-15T05:24:03.4206175Z Background adoption and SSH setup started (PID: 3553)
review / pass2	UNKNOWN STEP	2026-08-15T05:24:03.4206497Z 
review / pass2	UNKNOWN STEP	2026-08-15T05:24:03.4206662Z ----------------------------------------
review / pass2	UNKNOWN STEP	2026-08-15T05:24:03.4250182Z View this job: https://app.blacksmith.sh/handshake-project-dynamo/runs/31866609701/jobs/94969203209
review / pass2	UNKNOWN STEP	2026-08-15T05:24:03.4250631Z SSH Access (using your GitHub SSH key):
review / pass2	UNKNOWN STEP	2026-08-15T05:24:03.4251014Z   ssh -p 64002 runner@blacksmith-scale2-01m01xtc66g3xgx1310j2z3289-2vcpu.vm.blacksmith.sh
review / pass2	UNKNOWN STEP	2026-08-15T05:24:03.4251309Z 
review / pass2	UNKNOWN STEP	2026-08-15T05:24:03.4251482Z No GitHub SSH key? Add one at:
review / pass2	UNKNOWN STEP	2026-08-15T05:24:03.4251854Z https://docs.github.com/en/authentication/connecting-to-github-with-ssh/adding-a-new-ssh-key-to-your-github-account
review / pass2	UNKNOWN STEP	2026-08-15T05:24:03.4252180Z 
review / pass2	UNKNOWN STEP	2026-08-15T05:24:03.4252328Z ----------------------------------------
review / pass2	UNKNOWN STEP	2026-08-15T05:24:03.4252513Z 
review / pass2	UNKNOWN STEP	2026-08-15T05:24:03.4252698Z VM ID: blacksmith-scale2-01m01xtc66g3xgx1310j2z3289-2vcpu
review / pass2	UNKNOWN STEP	2026-08-15T05:24:03.4252958Z Host: production-192.240.239.195-x8664
review / pass2	UNKNOWN STEP	2026-08-15T05:24:03.4253180Z Host Agent PID: 236904
review / pass2	UNKNOWN STEP	2026-08-15T05:24:03.4253391Z Agent Process Count: 1
review / pass2	UNKNOWN STEP	2026-08-15T05:24:03.4253610Z Host Agent Git SHA: 1dcca3f2
review / pass2	UNKNOWN STEP	2026-08-15T05:24:03.4254600Z Host CPU Manufacturer: AuthenticAMD
review / pass2	UNKNOWN STEP	2026-08-15T05:24:03.4254837Z Blacksmith Host Generation: gen 2
review / pass2	UNKNOWN STEP	2026-08-15T05:24:03.4255078Z Petname: production-square-redbird-5dd64562
review / pass2	UNKNOWN STEP	2026-08-15T05:24:03.4255407Z Region: us-west
review / pass2	UNKNOWN STEP	2026-08-15T05:24:03.4255624Z Rootfs Version: ubuntu24-full-x64-012126
review / pass2	UNKNOWN STEP	2026-08-15T05:24:03.4273280Z OS Version: Ubuntu 24.04.3 LTS
review / pass2	UNKNOWN STEP	2026-08-15T05:24:03.4278360Z System Statistics:
review / pass2	UNKNOWN STEP	2026-08-15T05:24:03.4278558Z -----------------
review / pass2	UNKNOWN STEP	2026-08-15T05:24:03.4278722Z VM CPU Count: 3
review / pass2	UNKNOWN STEP	2026-08-15T05:24:03.4278832Z 
review / pass2	UNKNOWN STEP	2026-08-15T05:24:03.4278974Z Jobs by Process ID:
review / pass2	UNKNOWN STEP	2026-08-15T05:24:03.4279133Z -----------------
review / pass2	UNKNOWN STEP	2026-08-15T05:24:03.4279284Z PID 236904: 3 jobs
review / pass2	UNKNOWN STEP	2026-08-15T05:24:03.4279444Z Total: 3 jobs across 1 process
review / pass2	UNKNOWN STEP	2026-08-15T05:24:03.4279572Z 
review / pass2	UNKNOWN STEP	2026-08-15T05:24:03.4279664Z Devices by Process ID:
review / pass2	UNKNOWN STEP	2026-08-15T05:24:03.4279822Z -----------------
review / pass2	UNKNOWN STEP	2026-08-15T05:24:03.4279970Z PID 236904: 3 devices
review / pass2	UNKNOWN STEP	2026-08-15T05:24:03.4286725Z Total: 3 devices across 1 process
review / pass2	UNKNOWN STEP	2026-08-15T05:24:03.4294149Z Enabling Blacksmith transparent cache
review / pass2	UNKNOWN STEP	2026-08-15T05:24:03.4513965Z Node 20 is being deprecated. This workflow is running with Node 24 by default. If you need to temporarily use Node 20, you can set the ACTIONS_ALLOW_USE_UNSECURE_NODE_VERSION=true environment variable. For more information see: https://github.blog/changelog/2025-09-19-deprecation-of-node-20-on-github-actions-runners/
review / pass2	UNKNOWN STEP	2026-08-15T05:24:03.4517862Z ##[group]Run actions/checkout@11d5960a326750d5838078e36cf38b85af677262
review / pass2	UNKNOWN STEP	2026-08-15T05:24:03.4518064Z with:
review / pass2	UNKNOWN STEP	2026-08-15T05:24:03.4518235Z   repository: handshake-project-dynamo/handshake-orchestration-tb2
review / pass2	UNKNOWN STEP	2026-08-15T05:24:03.4518432Z   ref: main
review / pass2	UNKNOWN STEP	2026-08-15T05:24:03.4518777Z   token: ***
review / pass2	UNKNOWN STEP	2026-08-15T05:24:03.4518891Z   ssh-strict: true
review / pass2	UNKNOWN STEP	2026-08-15T05:24:03.4519005Z   ssh-user: git
review / pass2	UNKNOWN STEP	2026-08-15T05:24:03.4519123Z   persist-credentials: true
review / pass2	UNKNOWN STEP	2026-08-15T05:24:03.4519257Z   clean: true
review / pass2	UNKNOWN STEP	2026-08-15T05:24:03.4519378Z   sparse-checkout-cone-mode: true
review / pass2	UNKNOWN STEP	2026-08-15T05:24:03.4519521Z   fetch-depth: 1
review / pass2	UNKNOWN STEP	2026-08-15T05:24:03.4519632Z   fetch-tags: false
review / pass2	UNKNOWN STEP	2026-08-15T05:24:03.4519794Z   show-progress: true
review / pass2	UNKNOWN STEP	2026-08-15T05:24:03.4519912Z   lfs: false
review / pass2	UNKNOWN STEP	2026-08-15T05:24:03.4520018Z   submodules: false
review / pass2	UNKNOWN STEP	2026-08-15T05:24:03.4520138Z   set-safe-directory: true
review / pass2	UNKNOWN STEP	2026-08-15T05:24:03.4520281Z   allow-unsafe-pr-checkout: false
review / pass2	UNKNOWN STEP	2026-08-15T05:24:03.4520415Z env:
review / pass2	UNKNOWN STEP	2026-08-15T05:24:03.4521609Z   GH_TOKEN: ***
review / pass2	UNKNOWN STEP	2026-08-15T05:24:03.4521794Z   REPO: handshake-project-dynamo/dynamo-1573c1a-data-querying-and-databases
review / pass2	UNKNOWN STEP	2026-08-15T05:24:03.4522009Z   PR_NUMBER: 5
review / pass2	UNKNOWN STEP	2026-08-15T05:24:03.4522134Z   BLACKSMITH_RUNNER_MESSAGE_WAIT_MS: 210541
review / pass2	UNKNOWN STEP	2026-08-15T05:24:03.4522296Z   BLACKSMITH_RUNNER_ACQUIRE_JOB_MS: 1016
review / pass2	UNKNOWN STEP	2026-08-15T05:24:03.4522526Z   GITHUB_REPO_NAME: handshake-project-dynamo/dynamo-1573c1a-data-querying-and-databases
review / pass2	UNKNOWN STEP	2026-08-15T05:24:03.4522757Z ##[endgroup]
review / pass2	UNKNOWN STEP	2026-08-15T05:24:03.5510893Z Syncing repository: handshake-project-dynamo/handshake-orchestration-tb2
review / pass2	UNKNOWN STEP	2026-08-15T05:24:03.5511945Z ##[group]Getting Git version info
review / pass2	UNKNOWN STEP	2026-08-15T05:24:03.5512300Z Working directory is '/home/runner/_work/dynamo-1573c1a-data-querying-and-databases/dynamo-1573c1a-data-querying-and-databases'
review / pass2	UNKNOWN STEP	2026-08-15T05:24:03.5512720Z [command]/usr/local/bin/git version
review / pass2	UNKNOWN STEP	2026-08-15T05:24:03.5548118Z git version 2.52.0
review / pass2	UNKNOWN STEP	2026-08-15T05:24:03.5557759Z ##[endgroup]
review / pass2	UNKNOWN STEP	2026-08-15T05:24:03.5565018Z Temporarily overriding HOME='/home/runner/_work/_temp/3ce1486e-6636-4bd3-b051-1d6f485b1e75' before making global git config changes
review / pass2	UNKNOWN STEP	2026-08-15T05:24:03.5565407Z Adding repository directory to the temporary git global config as a safe directory
review / pass2	UNKNOWN STEP	2026-08-15T05:24:03.5568359Z [command]/usr/local/bin/git config --global --add safe.directory /home/runner/_work/dynamo-1573c1a-data-querying-and-databases/dynamo-1573c1a-data-querying-and-databases
review / pass2	UNKNOWN STEP	2026-08-15T05:24:03.5596669Z Deleting the contents of '/home/runner/_work/dynamo-1573c1a-data-querying-and-databases/dynamo-1573c1a-data-querying-and-databases'
review / pass2	UNKNOWN STEP	2026-08-15T05:24:03.5598184Z ##[group]Initializing the repository
review / pass2	UNKNOWN STEP	2026-08-15T05:24:03.5600538Z [command]/usr/local/bin/git init /home/runner/_work/dynamo-1573c1a-data-querying-and-databases/dynamo-1573c1a-data-querying-and-databases
review / pass2	UNKNOWN STEP	2026-08-15T05:24:03.5628533Z hint: Using 'master' as the name for the initial branch. This default branch name
review / pass2	UNKNOWN STEP	2026-08-15T05:24:03.5628828Z hint: will change to "main" in Git 3.0. To configure the initial branch name
review / pass2	UNKNOWN STEP	2026-08-15T05:24:03.5629095Z hint: to use in all of your new repositories, which will suppress this warning,
review / pass2	UNKNOWN STEP	2026-08-15T05:24:03.5629306Z hint: call:
review / pass2	UNKNOWN STEP	2026-08-15T05:24:03.5629409Z hint:
review / pass2	UNKNOWN STEP	2026-08-15T05:24:03.5629571Z hint: 	git config --global init.defaultBranch <name>
review / pass2	UNKNOWN STEP	2026-08-15T05:24:03.5629733Z hint:
review / pass2	UNKNOWN STEP	2026-08-15T05:24:03.5629889Z hint: Names commonly chosen instead of 'master' are 'main', 'trunk' and
review / pass2	UNKNOWN STEP	2026-08-15T05:24:03.5630143Z hint: 'development'. The just-created branch can be renamed via this command:
review / pass2	UNKNOWN STEP	2026-08-15T05:24:03.5630341Z hint:
review / pass2	UNKNOWN STEP	2026-08-15T05:24:03.5630478Z hint: 	git branch -m <name>
review / pass2	UNKNOWN STEP	2026-08-15T05:24:03.5643958Z hint:
review / pass2	UNKNOWN STEP	2026-08-15T05:24:03.5644311Z hint: Disable this message with "git config set advice.defaultBranchName false"
review / pass2	UNKNOWN STEP	2026-08-15T05:24:03.5645790Z Initialized empty Git repository in /home/runner/_work/dynamo-1573c1a-data-querying-and-databases/dynamo-1573c1a-data-querying-and-databases/.git/
review / pass2	UNKNOWN STEP	2026-08-15T05:24:03.5648901Z [command]/usr/local/bin/git remote add origin https://github.com/handshake-project-dynamo/handshake-orchestration-tb2
review / pass2	UNKNOWN STEP	2026-08-15T05:24:03.5659533Z ##[endgroup]
review / pass2	UNKNOWN STEP	2026-08-15T05:24:03.5659791Z ##[group]Disabling automatic garbage collection
review / pass2	UNKNOWN STEP	2026-08-15T05:24:03.5662947Z [command]/usr/local/bin/git config --local gc.auto 0
review / pass2	UNKNOWN STEP	2026-08-15T05:24:03.5682258Z ##[endgroup]
review / pass2	UNKNOWN STEP	2026-08-15T05:24:03.5682457Z ##[group]Setting up auth
review / pass2	UNKNOWN STEP	2026-08-15T05:24:03.5686137Z [command]/usr/local/bin/git config --local --name-only --get-regexp core\.sshCommand
review / pass2	UNKNOWN STEP	2026-08-15T05:24:03.5705576Z [command]/usr/local/bin/git submodule foreach --recursive sh -c "git config --local --name-only --get-regexp 'core\.sshCommand' && git config --local --unset-all 'core.sshCommand' || :"
review / pass2	UNKNOWN STEP	2026-08-15T05:24:03.5835266Z [command]/usr/local/bin/git config --local --name-only --get-regexp http\.https\:\/\/github\.com\/\.extraheader
review / pass2	UNKNOWN STEP	2026-08-15T05:24:03.5852990Z [command]/usr/local/bin/git submodule foreach --recursive sh -c "git config --local --name-only --get-regexp 'http\.https\:\/\/github\.com\/\.extraheader' && git config --local --unset-all 'http.https://github.com/.extraheader' || :"
review / pass2	UNKNOWN STEP	2026-08-15T05:24:03.5949636Z [command]/usr/local/bin/git config --local --name-only --get-regexp ^includeIf\.gitdir:
review / pass2	UNKNOWN STEP	2026-08-15T05:24:03.5972485Z [command]/usr/local/bin/git submodule foreach --recursive git config --local --show-origin --name-only --get-regexp remote.origin.url
review / pass2	UNKNOWN STEP	2026-08-15T05:24:03.6071573Z [command]/usr/local/bin/git config --local http.https://github.com/.extraheader AUTHORIZATION: basic ***
review / pass2	UNKNOWN STEP	2026-08-15T05:24:03.6095960Z ##[endgroup]
review / pass2	UNKNOWN STEP	2026-08-15T05:24:03.6096187Z ##[group]Fetching the repository
review / pass2	UNKNOWN STEP	2026-08-15T05:24:03.6101898Z [command]/usr/local/bin/git -c protocol.version=2 fetch --no-tags --prune --no-recurse-submodules --depth=1 origin +refs/heads/main*:refs/remotes/origin/main* +refs/tags/main*:refs/tags/main*
review / pass2	UNKNOWN STEP	2026-08-15T05:24:04.5777712Z From https://github.com/handshake-project-dynamo/handshake-orchestration-tb2
review / pass2	UNKNOWN STEP	2026-08-15T05:24:04.5778174Z  * [new branch]      main       -> origin/main
review / pass2	UNKNOWN STEP	2026-08-15T05:24:04.5795222Z ##[endgroup]
review / pass2	UNKNOWN STEP	2026-08-15T05:24:04.5795583Z ##[group]Determining the checkout info
review / pass2	UNKNOWN STEP	2026-08-15T05:24:04.5805676Z [command]/usr/local/bin/git branch --list --remote origin/main
review / pass2	UNKNOWN STEP	2026-08-15T05:24:04.5822284Z   origin/main
review / pass2	UNKNOWN STEP	2026-08-15T05:24:04.5824150Z ##[endgroup]
review / pass2	UNKNOWN STEP	2026-08-15T05:24:04.5828925Z [command]/usr/local/bin/git sparse-checkout disable
review / pass2	UNKNOWN STEP	2026-08-15T05:24:04.5855118Z [command]/usr/local/bin/git config --local --unset-all extensions.worktreeConfig
review / pass2	UNKNOWN STEP	2026-08-15T05:24:04.5879101Z ##[group]Checking out the ref
review / pass2	UNKNOWN STEP	2026-08-15T05:24:04.5880094Z [command]/usr/local/bin/git checkout --progress --force -B main refs/remotes/origin/main
review / pass2	UNKNOWN STEP	2026-08-15T05:24:04.6029615Z Switched to a new branch 'main'
review / pass2	UNKNOWN STEP	2026-08-15T05:24:04.6031658Z branch 'main' set up to track 'origin/main'.
review / pass2	UNKNOWN STEP	2026-08-15T05:24:04.6034014Z ##[endgroup]
review / pass2	UNKNOWN STEP	2026-08-15T05:24:04.6056722Z [command]/usr/local/bin/git log -1 --format=%H
review / pass2	UNKNOWN STEP	2026-08-15T05:24:04.6078379Z 623a2dbaae6fffe4e0cfe4e975c4442ae8ea3116
review / pass2	UNKNOWN STEP	2026-08-15T05:24:04.6201244Z ##[group]Run actions/checkout@3d3c42e5aac5ba805825da76410c181273ba90b1
review / pass2	UNKNOWN STEP	2026-08-15T05:24:04.6201473Z with:
review / pass2	UNKNOWN STEP	2026-08-15T05:24:04.6201604Z   ref: b0606205cdd1155b8b0450edcdc88a401f1765b7
review / pass2	UNKNOWN STEP	2026-08-15T05:24:04.6201760Z   path: submission
review / pass2	UNKNOWN STEP	2026-08-15T05:24:04.6201898Z   persist-credentials: false
review / pass2	UNKNOWN STEP	2026-08-15T05:24:04.6202035Z   allow-unsafe-pr-checkout: true
review / pass2	UNKNOWN STEP	2026-08-15T05:24:04.6202251Z   repository: handshake-project-dynamo/dynamo-1573c1a-data-querying-and-databases
review / pass2	UNKNOWN STEP	2026-08-15T05:24:04.6203556Z   token: ***
review / pass2	UNKNOWN STEP	2026-08-15T05:24:04.6203659Z   ssh-strict: true
review / pass2	UNKNOWN STEP	2026-08-15T05:24:04.6203772Z   ssh-user: git
review / pass2	UNKNOWN STEP	2026-08-15T05:24:04.6203873Z   clean: true
review / pass2	UNKNOWN STEP	2026-08-15T05:24:04.6203989Z   sparse-checkout-cone-mode: true
review / pass2	UNKNOWN STEP	2026-08-15T05:24:04.6204126Z   fetch-depth: 1
review / pass2	UNKNOWN STEP	2026-08-15T05:24:04.6204235Z   fetch-tags: false
review / pass2	UNKNOWN STEP	2026-08-15T05:24:04.6204359Z   show-progress: true
review / pass2	UNKNOWN STEP	2026-08-15T05:24:04.6204543Z   lfs: false
review / pass2	UNKNOWN STEP	2026-08-15T05:24:04.6204644Z   submodules: false
review / pass2	UNKNOWN STEP	2026-08-15T05:24:04.6204783Z   set-safe-directory: true
review / pass2	UNKNOWN STEP	2026-08-15T05:24:04.6204902Z env:
review / pass2	UNKNOWN STEP	2026-08-15T05:24:04.6205995Z   GH_TOKEN: ***
review / pass2	UNKNOWN STEP	2026-08-15T05:24:04.6206165Z   REPO: handshake-project-dynamo/dynamo-1573c1a-data-querying-and-databases
review / pass2	UNKNOWN STEP	2026-08-15T05:24:04.6206363Z   PR_NUMBER: 5
review / pass2	UNKNOWN STEP	2026-08-15T05:24:04.6206479Z   BLACKSMITH_RUNNER_MESSAGE_WAIT_MS: 210541
review / pass2	UNKNOWN STEP	2026-08-15T05:24:04.6206630Z   BLACKSMITH_RUNNER_ACQUIRE_JOB_MS: 1016
review / pass2	UNKNOWN STEP	2026-08-15T05:24:04.6206844Z   GITHUB_REPO_NAME: handshake-project-dynamo/dynamo-1573c1a-data-querying-and-databases
review / pass2	UNKNOWN STEP	2026-08-15T05:24:04.6207057Z ##[endgroup]
review / pass2	UNKNOWN STEP	2026-08-15T05:24:04.6640452Z Syncing repository: handshake-project-dynamo/dynamo-1573c1a-data-querying-and-databases
review / pass2	UNKNOWN STEP	2026-08-15T05:24:04.6641569Z ##[group]Getting Git version info
review / pass2	UNKNOWN STEP	2026-08-15T05:24:04.6641945Z Working directory is '/home/runner/_work/dynamo-1573c1a-data-querying-and-databases/dynamo-1573c1a-data-querying-and-databases/submission'
review / pass2	UNKNOWN STEP	2026-08-15T05:24:04.6659408Z [command]/usr/local/bin/git version
review / pass2	UNKNOWN STEP	2026-08-15T05:24:04.6681685Z git version 2.52.0
review / pass2	UNKNOWN STEP	2026-08-15T05:24:04.6689225Z ##[endgroup]
review / pass2	UNKNOWN STEP	2026-08-15T05:24:04.6696413Z Temporarily overriding HOME='/home/runner/_work/_temp/f53cf93c-cd2b-4de1-9b52-c85f3b02a2f0' before making global git config changes
review / pass2	UNKNOWN STEP	2026-08-15T05:24:04.6696867Z Adding repository directory to the temporary git global config as a safe directory
review / pass2	UNKNOWN STEP	2026-08-15T05:24:04.6699519Z [command]/usr/local/bin/git config --global --add safe.directory /home/runner/_work/dynamo-1573c1a-data-querying-and-databases/dynamo-1573c1a-data-querying-and-databases/submission
review / pass2	UNKNOWN STEP	2026-08-15T05:24:04.6721012Z ##[group]Determining repository object format
review / pass2	UNKNOWN STEP	2026-08-15T05:24:04.6722186Z ##[endgroup]
review / pass2	UNKNOWN STEP	2026-08-15T05:24:04.6722417Z ##[group]Initializing the repository
review / pass2	UNKNOWN STEP	2026-08-15T05:24:04.6724765Z [command]/usr/local/bin/git init /home/runner/_work/dynamo-1573c1a-data-querying-and-databases/dynamo-1573c1a-data-querying-and-databases/submission
review / pass2	UNKNOWN STEP	2026-08-15T05:24:04.6749731Z hint: Using 'master' as the name for the initial branch. This default branch name
review / pass2	UNKNOWN STEP	2026-08-15T05:24:04.6750107Z hint: will change to "main" in Git 3.0. To configure the initial branch name
review / pass2	UNKNOWN STEP	2026-08-15T05:24:04.6753167Z hint: to use in all of your new repositories, which will suppress this warning,
review / pass2	UNKNOWN STEP	2026-08-15T05:24:04.6753369Z hint: call:
review / pass2	UNKNOWN STEP	2026-08-15T05:24:04.6753527Z hint:
review / pass2	UNKNOWN STEP	2026-08-15T05:24:04.6753687Z hint: 	git config --global init.defaultBranch <name>
review / pass2	UNKNOWN STEP	2026-08-15T05:24:04.6753849Z hint:
review / pass2	UNKNOWN STEP	2026-08-15T05:24:04.6754054Z hint: Names commonly chosen instead of 'master' are 'main', 'trunk' and
review / pass2	UNKNOWN STEP	2026-08-15T05:24:04.6754358Z hint: 'development'. The just-created branch can be renamed via this command:
review / pass2	UNKNOWN STEP	2026-08-15T05:24:04.6754628Z hint:
review / pass2	UNKNOWN STEP	2026-08-15T05:24:04.6754848Z hint: 	git branch -m <name>
review / pass2	UNKNOWN STEP	2026-08-15T05:24:04.6754997Z hint:
review / pass2	UNKNOWN STEP	2026-08-15T05:24:04.6755200Z hint: Disable this message with "git config set advice.defaultBranchName false"
review / pass2	UNKNOWN STEP	2026-08-15T05:24:04.6755833Z Initialized empty Git repository in /home/runner/_work/dynamo-1573c1a-data-querying-and-databases/dynamo-1573c1a-data-querying-and-databases/submission/.git/
review / pass2	UNKNOWN STEP	2026-08-15T05:24:04.6757471Z [command]/usr/local/bin/git remote add origin https://github.com/handshake-project-dynamo/dynamo-1573c1a-data-querying-and-databases
review / pass2	UNKNOWN STEP	2026-08-15T05:24:04.6769612Z ##[endgroup]
review / pass2	UNKNOWN STEP	2026-08-15T05:24:04.6769846Z ##[group]Disabling automatic garbage collection
review / pass2	UNKNOWN STEP	2026-08-15T05:24:04.6772079Z [command]/usr/local/bin/git config --local gc.auto 0
review / pass2	UNKNOWN STEP	2026-08-15T05:24:04.6790204Z ##[endgroup]
review / pass2	UNKNOWN STEP	2026-08-15T05:24:04.6790488Z ##[group]Setting up auth
review / pass2	UNKNOWN STEP	2026-08-15T05:24:04.6790723Z Removing SSH command configuration
review / pass2	UNKNOWN STEP	2026-08-15T05:24:04.6793589Z [command]/usr/local/bin/git config --local --name-only --get-regexp core\.sshCommand
review / pass2	UNKNOWN STEP	2026-08-15T05:24:04.6812800Z [command]/usr/local/bin/git submodule foreach --recursive sh -c "git config --local --name-only --get-regexp 'core\.sshCommand' && git config --local --unset-all 'core.sshCommand' || :"
review / pass2	UNKNOWN STEP	2026-08-15T05:24:04.6919736Z Removing HTTP extra header
review / pass2	UNKNOWN STEP	2026-08-15T05:24:04.6920051Z [command]/usr/local/bin/git config --local --name-only --get-regexp http\.https\:\/\/github\.com\/\.extraheader
review / pass2	UNKNOWN STEP	2026-08-15T05:24:04.6934360Z [command]/usr/local/bin/git submodule foreach --recursive sh -c "git config --local --name-only --get-regexp 'http\.https\:\/\/github\.com\/\.extraheader' && git config --local --unset-all 'http.https://github.com/.extraheader' || :"
review / pass2	UNKNOWN STEP	2026-08-15T05:24:04.7035233Z Removing includeIf entries pointing to credentials config files
review / pass2	UNKNOWN STEP	2026-08-15T05:24:04.7035553Z [command]/usr/local/bin/git config --local --name-only --get-regexp ^includeIf\.gitdir:
review / pass2	UNKNOWN STEP	2026-08-15T05:24:04.7054140Z [command]/usr/local/bin/git submodule foreach --recursive git config --local --show-origin --name-only --get-regexp remote.origin.url
review / pass2	UNKNOWN STEP	2026-08-15T05:24:04.7155537Z [command]/usr/local/bin/git config --file /home/runner/_work/_temp/git-credentials-383a6816-0b68-4968-b069-7aad102faa8e.config http.https://github.com/.extraheader AUTHORIZATION: basic ***
review / pass2	UNKNOWN STEP	2026-08-15T05:24:04.7176294Z [command]/usr/local/bin/git config --local includeIf.gitdir:/home/runner/_work/dynamo-1573c1a-data-querying-and-databases/dynamo-1573c1a-data-querying-and-databases/submission/.git.path /home/runner/_work/_temp/git-credentials-383a6816-0b68-4968-b069-7aad102faa8e.config
review / pass2	UNKNOWN STEP	2026-08-15T05:24:04.7194495Z [command]/usr/local/bin/git config --local includeIf.gitdir:/home/runner/_work/dynamo-1573c1a-data-querying-and-databases/dynamo-1573c1a-data-querying-and-databases/submission/.git/worktrees/*.path /home/runner/_work/_temp/git-credentials-383a6816-0b68-4968-b069-7aad102faa8e.config
review / pass2	UNKNOWN STEP	2026-08-15T05:24:04.7213014Z [command]/usr/local/bin/git config --local includeIf.gitdir:/github/workspace/submission/.git.path /github/runner_temp/git-credentials-383a6816-0b68-4968-b069-7aad102faa8e.config
review / pass2	UNKNOWN STEP	2026-08-15T05:24:04.7235660Z [command]/usr/local/bin/git config --local includeIf.gitdir:/github/workspace/submission/.git/worktrees/*.path /github/runner_temp/git-credentials-383a6816-0b68-4968-b069-7aad102faa8e.config
review / pass2	UNKNOWN STEP	2026-08-15T05:24:04.7253991Z ##[endgroup]
review / pass2	UNKNOWN STEP	2026-08-15T05:24:04.7254218Z ##[group]Fetching the repository
review / pass2	UNKNOWN STEP	2026-08-15T05:24:04.7257727Z [command]/usr/local/bin/git -c protocol.version=2 fetch --no-tags --prune --no-recurse-submodules --depth=1 origin b0606205cdd1155b8b0450edcdc88a401f1765b7
review / pass2	UNKNOWN STEP	2026-08-15T05:24:05.3059104Z From https://github.com/handshake-project-dynamo/dynamo-1573c1a-data-querying-and-databases
review / pass2	UNKNOWN STEP	2026-08-15T05:24:05.3059788Z  * branch            b0606205cdd1155b8b0450edcdc88a401f1765b7 -> FETCH_HEAD
review / pass2	UNKNOWN STEP	2026-08-15T05:24:05.3073056Z [command]/usr/local/bin/git rev-parse --verify --quiet b0606205cdd1155b8b0450edcdc88a401f1765b7^{object}
review / pass2	UNKNOWN STEP	2026-08-15T05:24:05.3091082Z b0606205cdd1155b8b0450edcdc88a401f1765b7
review / pass2	UNKNOWN STEP	2026-08-15T05:24:05.3094162Z ##[endgroup]
review / pass2	UNKNOWN STEP	2026-08-15T05:24:05.3094353Z ##[group]Determining the checkout info
review / pass2	UNKNOWN STEP	2026-08-15T05:24:05.3094619Z ##[endgroup]
review / pass2	UNKNOWN STEP	2026-08-15T05:24:05.3097717Z [command]/usr/local/bin/git sparse-checkout disable
review / pass2	UNKNOWN STEP	2026-08-15T05:24:05.3122990Z [command]/usr/local/bin/git config --local --unset-all extensions.worktreeConfig
review / pass2	UNKNOWN STEP	2026-08-15T05:24:05.3141864Z ##[group]Checking out the ref
review / pass2	UNKNOWN STEP	2026-08-15T05:24:05.3144157Z [command]/usr/local/bin/git checkout --progress --force b0606205cdd1155b8b0450edcdc88a401f1765b7
review / pass2	UNKNOWN STEP	2026-08-15T05:24:05.3189606Z Note: switching to 'b0606205cdd1155b8b0450edcdc88a401f1765b7'.
review / pass2	UNKNOWN STEP	2026-08-15T05:24:05.3189776Z 
review / pass2	UNKNOWN STEP	2026-08-15T05:24:05.3189896Z You are in 'detached HEAD' state. You can look around, make experimental
review / pass2	UNKNOWN STEP	2026-08-15T05:24:05.3190147Z changes and commit them, and you can discard any commits you make in this
review / pass2	UNKNOWN STEP	2026-08-15T05:24:05.3190396Z state without impacting any branches by switching back to a branch.
review / pass2	UNKNOWN STEP	2026-08-15T05:24:05.3190535Z 
review / pass2	UNKNOWN STEP	2026-08-15T05:24:05.3190626Z If you want to create a new branch to retain commits you create, you may
review / pass2	UNKNOWN STEP	2026-08-15T05:24:05.3190842Z do so (now or later) by using -c with the switch command. Example:
review / pass2	UNKNOWN STEP	2026-08-15T05:24:05.3190965Z 
review / pass2	UNKNOWN STEP	2026-08-15T05:24:05.3191029Z   git switch -c <new-branch-name>
review / pass2	UNKNOWN STEP	2026-08-15T05:24:05.3191155Z 
review / pass2	UNKNOWN STEP	2026-08-15T05:24:05.3191213Z Or undo this operation with:
review / pass2	UNKNOWN STEP	2026-08-15T05:24:05.3191294Z 
review / pass2	UNKNOWN STEP	2026-08-15T05:24:05.3191345Z   git switch -
review / pass2	UNKNOWN STEP	2026-08-15T05:24:05.3191405Z 
review / pass2	UNKNOWN STEP	2026-08-15T05:24:05.3191517Z Turn off this advice by setting config variable advice.detachedHead to false
review / pass2	UNKNOWN STEP	2026-08-15T05:24:05.3191667Z 
review / pass2	UNKNOWN STEP	2026-08-15T05:24:05.3191759Z HEAD is now at b060620 fix(qc): restore description field in task.toml
review / pass2	UNKNOWN STEP	2026-08-15T05:24:05.3205023Z ##[endgroup]
review / pass2	UNKNOWN STEP	2026-08-15T05:24:05.3220184Z [command]/usr/local/bin/git log -1 --format=%H
review / pass2	UNKNOWN STEP	2026-08-15T05:24:05.3237659Z b0606205cdd1155b8b0450edcdc88a401f1765b7
review / pass2	UNKNOWN STEP	2026-08-15T05:24:05.3247164Z ##[group]Removing auth
review / pass2	UNKNOWN STEP	2026-08-15T05:24:05.3247456Z Removing SSH command configuration
review / pass2	UNKNOWN STEP	2026-08-15T05:24:05.3247770Z [command]/usr/local/bin/git config --local --name-only --get-regexp core\.sshCommand
review / pass2	UNKNOWN STEP	2026-08-15T05:24:05.3261774Z [command]/usr/local/bin/git submodule foreach --recursive sh -c "git config --local --name-only --get-regexp 'core\.sshCommand' && git config --local --unset-all 'core.sshCommand' || :"
review / pass2	UNKNOWN STEP	2026-08-15T05:24:05.3352465Z Removing HTTP extra header
review / pass2	UNKNOWN STEP	2026-08-15T05:24:05.3352794Z [command]/usr/local/bin/git config --local --name-only --get-regexp http\.https\:\/\/github\.com\/\.extraheader
review / pass2	UNKNOWN STEP	2026-08-15T05:24:05.3369056Z [command]/usr/local/bin/git submodule foreach --recursive sh -c "git config --local --name-only --get-regexp 'http\.https\:\/\/github\.com\/\.extraheader' && git config --local --unset-all 'http.https://github.com/.extraheader' || :"
review / pass2	UNKNOWN STEP	2026-08-15T05:24:05.3459153Z Removing includeIf entries pointing to credentials config files
review / pass2	UNKNOWN STEP	2026-08-15T05:24:05.3461107Z [command]/usr/local/bin/git config --local --name-only --get-regexp ^includeIf\.gitdir:
review / pass2	UNKNOWN STEP	2026-08-15T05:24:05.3494272Z includeif.gitdir:/home/runner/_work/dynamo-1573c1a-data-querying-and-databases/dynamo-1573c1a-data-querying-and-databases/submission/.git.path
review / pass2	UNKNOWN STEP	2026-08-15T05:24:05.3494873Z includeif.gitdir:/home/runner/_work/dynamo-1573c1a-data-querying-and-databases/dynamo-1573c1a-data-querying-and-databases/submission/.git/worktrees/*.path
review / pass2	UNKNOWN STEP	2026-08-15T05:24:05.3495261Z includeif.gitdir:/github/workspace/submission/.git.path
review / pass2	UNKNOWN STEP	2026-08-15T05:24:05.3504510Z includeif.gitdir:/github/workspace/submission/.git/worktrees/*.path
review / pass2	UNKNOWN STEP	2026-08-15T05:24:05.3505416Z [command]/usr/local/bin/git config --local --get-all includeif.gitdir:/home/runner/_work/dynamo-1573c1a-data-querying-and-databases/dynamo-1573c1a-data-querying-and-databases/submission/.git.path
review / pass2	UNKNOWN STEP	2026-08-15T05:24:05.3522304Z /home/runner/_work/_temp/git-credentials-383a6816-0b68-4968-b069-7aad102faa8e.config
review / pass2	UNKNOWN STEP	2026-08-15T05:24:05.3528397Z [command]/usr/local/bin/git config --local --unset includeif.gitdir:/home/runner/_work/dynamo-1573c1a-data-querying-and-databases/dynamo-1573c1a-data-querying-and-databases/submission/.git.path \/home\/runner\/_work\/_temp\/git\-credentials\-383a6816\-0b68\-4968\-b069\-7aad102faa8e\.config
review / pass2	UNKNOWN STEP	2026-08-15T05:24:05.3590701Z [command]/usr/local/bin/git config --local --get-all includeif.gitdir:/home/runner/_work/dynamo-1573c1a-data-querying-and-databases/dynamo-1573c1a-data-querying-and-databases/submission/.git/worktrees/*.path
review / pass2	UNKNOWN STEP	2026-08-15T05:24:05.3613808Z /home/runner/_work/_temp/git-credentials-383a6816-0b68-4968-b069-7aad102faa8e.config
review / pass2	UNKNOWN STEP	2026-08-15T05:24:05.3614977Z [command]/usr/local/bin/git config --local --unset includeif.gitdir:/home/runner/_work/dynamo-1573c1a-data-querying-and-databases/dynamo-1573c1a-data-querying-and-databases/submission/.git/worktrees/*.path \/home\/runner\/_work\/_temp\/git\-credentials\-383a6816\-0b68\-4968\-b069\-7aad102faa8e\.config
review / pass2	UNKNOWN STEP	2026-08-15T05:24:05.3634580Z [command]/usr/local/bin/git config --local --get-all includeif.gitdir:/github/workspace/submission/.git.path
review / pass2	UNKNOWN STEP	2026-08-15T05:24:05.3649371Z /github/runner_temp/git-credentials-383a6816-0b68-4968-b069-7aad102faa8e.config
review / pass2	UNKNOWN STEP	2026-08-15T05:24:05.3652858Z [command]/usr/local/bin/git config --local --unset includeif.gitdir:/github/workspace/submission/.git.path \/github\/runner_temp\/git\-credentials\-383a6816\-0b68\-4968\-b069\-7aad102faa8e\.config
review / pass2	UNKNOWN STEP	2026-08-15T05:24:05.3676556Z [command]/usr/local/bin/git config --local --get-all includeif.gitdir:/github/workspace/submission/.git/worktrees/*.path
review / pass2	UNKNOWN STEP	2026-08-15T05:24:05.3689493Z /github/runner_temp/git-credentials-383a6816-0b68-4968-b069-7aad102faa8e.config
review / pass2	UNKNOWN STEP	2026-08-15T05:24:05.3692578Z [command]/usr/local/bin/git config --local --unset includeif.gitdir:/github/workspace/submission/.git/worktrees/*.path \/github\/runner_temp\/git\-credentials\-383a6816\-0b68\-4968\-b069\-7aad102faa8e\.config
review / pass2	UNKNOWN STEP	2026-08-15T05:24:05.3709772Z [command]/usr/local/bin/git submodule foreach --recursive git config --local --show-origin --name-only --get-regexp remote.origin.url
review / pass2	UNKNOWN STEP	2026-08-15T05:24:05.3803915Z Removing credentials config '/home/runner/_work/_temp/git-credentials-383a6816-0b68-4968-b069-7aad102faa8e.config'
review / pass2	UNKNOWN STEP	2026-08-15T05:24:05.3807843Z ##[endgroup]
review / pass2	UNKNOWN STEP	2026-08-15T05:24:05.3903732Z Node 20 is being deprecated. This workflow is running with Node 24 by default. If you need to temporarily use Node 20, you can set the ACTIONS_ALLOW_USE_UNSECURE_NODE_VERSION=true environment variable. For more information see: https://github.blog/changelog/2025-09-19-deprecation-of-node-20-on-github-actions-runners/
review / pass2	UNKNOWN STEP	2026-08-15T05:24:05.3904545Z ##[group]Run marocchino/sticky-pull-request-comment@773744901bac0e8cbb5a0dc842800d45e9b2b405
review / pass2	UNKNOWN STEP	2026-08-15T05:24:05.3904775Z with:
review / pass2	UNKNOWN STEP	2026-08-15T05:24:05.3904890Z   header: pass2-timeout-check
review / pass2	UNKNOWN STEP	2026-08-15T05:24:05.3905019Z   number: 5
review / pass2	UNKNOWN STEP	2026-08-15T05:24:05.3905388Z   message: ## ⏱️ Timeout Pre-check (pass@2) ⏳
review / pass2	UNKNOWN STEP	Running 2 agent trials with a hard 3600s timeout on the **agent run** (excludes environment startup) to catch timeout / infra errors before the full pass@5...
review / pass2	UNKNOWN STEP	
review / pass2	UNKNOWN STEP	2026-08-15T05:24:05.3905764Z   append: false
review / pass2	UNKNOWN STEP	2026-08-15T05:24:05.3905872Z   recreate: false
review / pass2	UNKNOWN STEP	2026-08-15T05:24:05.3905980Z   delete: false
review / pass2	UNKNOWN STEP	2026-08-15T05:24:05.3906111Z   only_create: false
review / pass2	UNKNOWN STEP	2026-08-15T05:24:05.3906223Z   only_update: false
review / pass2	UNKNOWN STEP	2026-08-15T05:24:05.3906342Z   hide_details: false
review / pass2	UNKNOWN STEP	2026-08-15T05:24:05.3906453Z   hide: false
review / pass2	UNKNOWN STEP	2026-08-15T05:24:05.3906586Z   hide_and_recreate: false
review / pass2	UNKNOWN STEP	2026-08-15T05:24:05.3906720Z   hide_classify: OUTDATED
review / pass2	UNKNOWN STEP	2026-08-15T05:24:05.3906842Z   ignore_empty: false
review / pass2	UNKNOWN STEP	2026-08-15T05:24:05.3906960Z   skip_unchanged: false
review / pass2	UNKNOWN STEP	2026-08-15T05:24:05.3907083Z   follow_symbolic_links: false
review / pass2	UNKNOWN STEP	2026-08-15T05:24:05.3908263Z   GITHUB_TOKEN: ***
review / pass2	UNKNOWN STEP	2026-08-15T05:24:05.3908375Z env:
review / pass2	UNKNOWN STEP	2026-08-15T05:24:05.3909505Z   GH_TOKEN: ***
review / pass2	UNKNOWN STEP	2026-08-15T05:24:05.3909685Z   REPO: handshake-project-dynamo/dynamo-1573c1a-data-querying-and-databases
review / pass2	UNKNOWN STEP	2026-08-15T05:24:05.3909895Z   PR_NUMBER: 5
review / pass2	UNKNOWN STEP	2026-08-15T05:24:05.3910012Z   BLACKSMITH_RUNNER_MESSAGE_WAIT_MS: 210541
review / pass2	UNKNOWN STEP	2026-08-15T05:24:05.3910170Z   BLACKSMITH_RUNNER_ACQUIRE_JOB_MS: 1016
review / pass2	UNKNOWN STEP	2026-08-15T05:24:05.3910397Z   GITHUB_REPO_NAME: handshake-project-dynamo/dynamo-1573c1a-data-querying-and-databases
review / pass2	UNKNOWN STEP	2026-08-15T05:24:05.3910620Z ##[endgroup]
review / pass2	UNKNOWN STEP	2026-08-15T05:24:07.0039869Z Node 20 is being deprecated. This workflow is running with Node 24 by default. If you need to temporarily use Node 20, you can set the ACTIONS_ALLOW_USE_UNSECURE_NODE_VERSION=true environment variable. For more information see: https://github.blog/changelog/2025-09-19-deprecation-of-node-20-on-github-actions-runners/
review / pass2	UNKNOWN STEP	2026-08-15T05:24:07.0040699Z ##[group]Run actions/setup-python@a26af69be951a213d495a4c3e4e4022e16d87065
review / pass2	UNKNOWN STEP	2026-08-15T05:24:07.0040890Z with:
review / pass2	UNKNOWN STEP	2026-08-15T05:24:07.0040993Z   python-version: 3.11
review / pass2	UNKNOWN STEP	2026-08-15T05:24:07.0041112Z   check-latest: false
review / pass2	UNKNOWN STEP	2026-08-15T05:24:07.0042241Z   token: ***
review / pass2	UNKNOWN STEP	2026-08-15T05:24:07.0042346Z   update-environment: true
review / pass2	UNKNOWN STEP	2026-08-15T05:24:07.0042473Z   allow-prereleases: false
review / pass2	UNKNOWN STEP	2026-08-15T05:24:07.0042589Z   freethreaded: false
review / pass2	UNKNOWN STEP	2026-08-15T05:24:07.0042697Z env:
review / pass2	UNKNOWN STEP	2026-08-15T05:24:07.0043765Z   GH_TOKEN: ***
review / pass2	UNKNOWN STEP	2026-08-15T05:24:07.0043931Z   REPO: handshake-project-dynamo/dynamo-1573c1a-data-querying-and-databases
review / pass2	UNKNOWN STEP	2026-08-15T05:24:07.0044128Z   PR_NUMBER: 5
review / pass2	UNKNOWN STEP	2026-08-15T05:24:07.0044270Z   BLACKSMITH_RUNNER_MESSAGE_WAIT_MS: 210541
review / pass2	UNKNOWN STEP	2026-08-15T05:24:07.0044462Z   BLACKSMITH_RUNNER_ACQUIRE_JOB_MS: 1016
review / pass2	UNKNOWN STEP	2026-08-15T05:24:07.0044679Z   GITHUB_REPO_NAME: handshake-project-dynamo/dynamo-1573c1a-data-querying-and-databases
review / pass2	UNKNOWN STEP	2026-08-15T05:24:07.0044887Z ##[endgroup]
review / pass2	UNKNOWN STEP	2026-08-15T05:24:07.0725937Z ##[group]Installed versions
review / pass2	UNKNOWN STEP	2026-08-15T05:24:07.0756163Z (node:4259) [DEP0040] DeprecationWarning: The `punycode` module is deprecated. Please use a userland alternative instead.
review / pass2	UNKNOWN STEP	2026-08-15T05:24:07.0756571Z (Use `node --trace-deprecation ...` to show where the warning was created)
review / pass2	UNKNOWN STEP	2026-08-15T05:24:07.0762725Z Successfully set up CPython (3.11.14)
review / pass2	UNKNOWN STEP	2026-08-15T05:24:07.0763219Z ##[endgroup]
review / pass2	UNKNOWN STEP	2026-08-15T05:24:07.0831035Z Node 20 is being deprecated. This workflow is running with Node 24 by default. If you need to temporarily use Node 20, you can set the ACTIONS_ALLOW_USE_UNSECURE_NODE_VERSION=true environment variable. For more information see: https://github.blog/changelog/2025-09-19-deprecation-of-node-20-on-github-actions-runners/
review / pass2	UNKNOWN STEP	2026-08-15T05:24:07.0831665Z ##[group]Run astral-sh/setup-uv@38f3f104447c67c051c4a08e39b64a148898af3a
review / pass2	UNKNOWN STEP	2026-08-15T05:24:07.0831850Z with:
review / pass2	UNKNOWN STEP	2026-08-15T05:24:07.0831959Z   version: latest
review / pass2	UNKNOWN STEP	2026-08-15T05:24:07.0833113Z   github-token: ***
review / pass2	UNKNOWN STEP	2026-08-15T05:24:07.0833227Z   enable-cache: false
review / pass2	UNKNOWN STEP	2026-08-15T05:24:07.0833353Z   cache-dependency-glob: **/uv.lock
review / pass2	UNKNOWN STEP	2026-08-15T05:24:07.0833498Z   prune-cache: true
review / pass2	UNKNOWN STEP	2026-08-15T05:24:07.0833626Z   ignore-nothing-to-cache: false
review / pass2	UNKNOWN STEP	2026-08-15T05:24:07.0833754Z env:
review / pass2	UNKNOWN STEP	2026-08-15T05:24:07.0834874Z   GH_TOKEN: ***
review / pass2	UNKNOWN STEP	2026-08-15T05:24:07.0835050Z   REPO: handshake-project-dynamo/dynamo-1573c1a-data-querying-and-databases
review / pass2	UNKNOWN STEP	2026-08-15T05:24:07.0835273Z   PR_NUMBER: 5
review / pass2	UNKNOWN STEP	2026-08-15T05:24:07.0835390Z   BLACKSMITH_RUNNER_MESSAGE_WAIT_MS: 210541
review / pass2	UNKNOWN STEP	2026-08-15T05:24:07.0835543Z   BLACKSMITH_RUNNER_ACQUIRE_JOB_MS: 1016
review / pass2	UNKNOWN STEP	2026-08-15T05:24:07.0835756Z   GITHUB_REPO_NAME: handshake-project-dynamo/dynamo-1573c1a-data-querying-and-databases
review / pass2	UNKNOWN STEP	2026-08-15T05:24:07.0836011Z   pythonLocation: /opt/hostedtoolcache/Python/3.11.14/x64
review / pass2	UNKNOWN STEP	2026-08-15T05:24:07.0836236Z   PKG_CONFIG_PATH: /opt/hostedtoolcache/Python/3.11.14/x64/lib/pkgconfig
review / pass2	UNKNOWN STEP	2026-08-15T05:24:07.0836452Z   Python_ROOT_DIR: /opt/hostedtoolcache/Python/3.11.14/x64
review / pass2	UNKNOWN STEP	2026-08-15T05:24:07.0836647Z   Python2_ROOT_DIR: /opt/hostedtoolcache/Python/3.11.14/x64
review / pass2	UNKNOWN STEP	2026-08-15T05:24:07.0836837Z   Python3_ROOT_DIR: /opt/hostedtoolcache/Python/3.11.14/x64
review / pass2	UNKNOWN STEP	2026-08-15T05:24:07.0837035Z   LD_LIBRARY_PATH: /opt/hostedtoolcache/Python/3.11.14/x64/lib
review / pass2	UNKNOWN STEP	2026-08-15T05:24:07.0837203Z ##[endgroup]
review / pass2	UNKNOWN STEP	2026-08-15T05:24:07.1438618Z (node:4267) [DEP0040] DeprecationWarning: The `punycode` module is deprecated. Please use a userland alternative instead.
review / pass2	UNKNOWN STEP	2026-08-15T05:24:07.1439016Z (Use `node --trace-deprecation ...` to show where the warning was created)
review / pass2	UNKNOWN STEP	2026-08-15T05:24:07.4396174Z Downloading uv from "https://github.com/astral-sh/uv/releases/download/0.12.5/uv-x86_64-unknown-linux-gnu.tar.gz" ...
review / pass2	UNKNOWN STEP	2026-08-15T05:24:07.7722193Z [command]/usr/bin/tar xz --warning=no-unknown-keyword --overwrite -C /home/runner/_work/_temp/741a9704-77be-4280-b616-4a8e17c4cb9d -f /home/runner/_work/_temp/ab2b9caf-a88d-4847-a2e9-4ae568c54c4b
review / pass2	UNKNOWN STEP	2026-08-15T05:24:08.0703491Z Added /opt/hostedtoolcache/uv/0.12.5/x86_64 to the path
review / pass2	UNKNOWN STEP	2026-08-15T05:24:08.0703979Z Added /home/runner/.local/bin to the path
review / pass2	UNKNOWN STEP	2026-08-15T05:24:08.0709761Z Set UV_CACHE_DIR to /home/runner/_work/_temp/setup-uv-cache
review / pass2	UNKNOWN STEP	2026-08-15T05:24:08.0710005Z Successfully installed uv version 0.12.5
review / pass2	UNKNOWN STEP	2026-08-15T05:24:08.0760078Z ##[group]Run sudo wget -qO /usr/local/bin/yq https://github.com/mikefarah/yq/releases/latest/download/yq_linux_amd64
review / pass2	UNKNOWN STEP	2026-08-15T05:24:08.0760491Z ^[[36;1msudo wget -qO /usr/local/bin/yq https://github.com/mikefarah/yq/releases/latest/download/yq_linux_amd64^[[0m
review / pass2	UNKNOWN STEP	2026-08-15T05:24:08.0760745Z ^[[36;1msudo chmod +x /usr/local/bin/yq^[[0m
review / pass2	UNKNOWN STEP	2026-08-15T05:24:08.0760900Z ^[[36;1mF=.harbor/harbor-run-defaults.yml^[[0m
review / pass2	UNKNOWN STEP	2026-08-15T05:24:08.0761116Z ^[[36;1m# GATING pass@2 uses `.agents` (GPT-5.4) — same model as the pass@5 trials.^[[0m
review / pass2	UNKNOWN STEP	2026-08-15T05:24:08.0761466Z ^[[36;1mecho "agents=$(yq -o=json -I=0 '.agents' "$F" | jq -c 'map({agent:.agent, model:.model, kwargs:(.kwargs//{}), env:(.env//{})})')" >> $GITHUB_OUTPUT^[[0m
review / pass2	UNKNOWN STEP	2026-08-15T05:24:08.0761796Z ^[[36;1mENVB=$(yq '.env // "daytona"' "$F"); echo "envb=$ENVB" >> $GITHUB_OUTPUT^[[0m
review / pass2	UNKNOWN STEP	2026-08-15T05:24:08.0762067Z ^[[36;1m# pass@2 agent budget = the fellow's task.toml [agent].timeout_sec, CAPPED at 3600s (1hr).^[[0m
review / pass2	UNKNOWN STEP	2026-08-15T05:24:08.0762512Z ^[[36;1m# The 1hr is only an upper bound; the fellow's value is honored below it. Missing/invalid → 3600.^[[0m
review / pass2	UNKNOWN STEP	2026-08-15T05:24:08.0763020Z ^[[36;1mPASS2_TO=$(python3 -c "import tomllib; d=tomllib.load(open('submission/task/task.toml','rb')); v=d.get('agent',{}).get('timeout_sec',3600); print(min(int(v),3600) if isinstance(v,(int,float)) and v>0 else 3600)" 2>/dev/null || echo 3600)^[[0m
review / pass2	UNKNOWN STEP	2026-08-15T05:24:08.0763476Z ^[[36;1mecho "pass2_timeout=${PASS2_TO:-3600}" >> $GITHUB_OUTPUT^[[0m
review / pass2	UNKNOWN STEP	2026-08-15T05:24:08.0763775Z ^[[36;1mif [ "$ENVB" = "docker" ]; then uv tool install harbor==0.14.0; else uv tool install --python 3.12 "harbor[$ENVB]==0.14.0"; fi^[[0m
review / pass2	UNKNOWN STEP	2026-08-15T05:24:08.0775562Z shell: /usr/bin/bash -e {0}
review / pass2	UNKNOWN STEP	2026-08-15T05:24:08.0775685Z env:
review / pass2	UNKNOWN STEP	2026-08-15T05:24:08.0776973Z   GH_TOKEN: ***
review / pass2	UNKNOWN STEP	2026-08-15T05:24:08.0777153Z   REPO: handshake-project-dynamo/dynamo-1573c1a-data-querying-and-databases
review / pass2	UNKNOWN STEP	2026-08-15T05:24:08.0777348Z   PR_NUMBER: 5
review / pass2	UNKNOWN STEP	2026-08-15T05:24:08.0777477Z   BLACKSMITH_RUNNER_MESSAGE_WAIT_MS: 210541
review / pass2	UNKNOWN STEP	2026-08-15T05:24:08.0777629Z   BLACKSMITH_RUNNER_ACQUIRE_JOB_MS: 1016
review / pass2	UNKNOWN STEP	2026-08-15T05:24:08.0777848Z   GITHUB_REPO_NAME: handshake-project-dynamo/dynamo-1573c1a-data-querying-and-databases
review / pass2	UNKNOWN STEP	2026-08-15T05:24:08.0778100Z   pythonLocation: /opt/hostedtoolcache/Python/3.11.14/x64
review / pass2	UNKNOWN STEP	2026-08-15T05:24:08.0778310Z   PKG_CONFIG_PATH: /opt/hostedtoolcache/Python/3.11.14/x64/lib/pkgconfig
review / pass2	UNKNOWN STEP	2026-08-15T05:24:08.0778521Z   Python_ROOT_DIR: /opt/hostedtoolcache/Python/3.11.14/x64
review / pass2	UNKNOWN STEP	2026-08-15T05:24:08.0778710Z   Python2_ROOT_DIR: /opt/hostedtoolcache/Python/3.11.14/x64
review / pass2	UNKNOWN STEP	2026-08-15T05:24:08.0778899Z   Python3_ROOT_DIR: /opt/hostedtoolcache/Python/3.11.14/x64
review / pass2	UNKNOWN STEP	2026-08-15T05:24:08.0779091Z   LD_LIBRARY_PATH: /opt/hostedtoolcache/Python/3.11.14/x64/lib
review / pass2	UNKNOWN STEP	2026-08-15T05:24:08.0779387Z   UV_CACHE_DIR: /home/runner/_work/_temp/setup-uv-cache
review / pass2	UNKNOWN STEP	2026-08-15T05:24:08.0779536Z ##[endgroup]
review / pass2	UNKNOWN STEP	2026-08-15T05:24:09.0385609Z Resolved 126 packages in 363ms
review / pass2	UNKNOWN STEP	2026-08-15T05:24:09.0552549Z Downloading hf-xet (4.3MiB)
review / pass2	UNKNOWN STEP	2026-08-15T05:24:09.0556624Z Downloading obstore (5.4MiB)
review / pass2	UNKNOWN STEP	2026-08-15T05:24:09.0580366Z Downloading tokenizers (3.2MiB)
review / pass2	UNKNOWN STEP	2026-08-15T05:24:09.0594883Z Downloading pydantic-core (2.0MiB)
review / pass2	UNKNOWN STEP	2026-08-15T05:24:09.0619562Z Downloading aiohttp (1.7MiB)
review / pass2	UNKNOWN STEP	2026-08-15T05:24:09.0632877Z Downloading harbor (1.3MiB)
review / pass2	UNKNOWN STEP	2026-08-15T05:24:09.0633048Z Downloading pyarrow (47.8MiB)
review / pass2	UNKNOWN STEP	2026-08-15T05:24:09.0633199Z Downloading numpy (15.9MiB)
review / pass2	UNKNOWN STEP	2026-08-15T05:24:09.0633346Z Downloading tiktoken (1.1MiB)
review / pass2	UNKNOWN STEP	2026-08-15T05:24:09.0633493Z Downloading openai (1.6MiB)
review / pass2	UNKNOWN STEP	2026-08-15T05:24:09.0633701Z Downloading pandas (10.5MiB)
review / pass2	UNKNOWN STEP	2026-08-15T05:24:09.0633847Z Downloading pygments (1.2MiB)
review / pass2	UNKNOWN STEP	2026-08-15T05:24:09.0633996Z Downloading cryptography (4.5MiB)
review / pass2	UNKNOWN STEP	2026-08-15T05:24:09.0634147Z Downloading litellm (23.1MiB)
review / pass2	UNKNOWN STEP	2026-08-15T05:24:09.0634294Z Downloading claude-agent-sdk (93.8MiB)
review / pass2	UNKNOWN STEP	2026-08-15T05:24:09.2715867Z  Downloaded tiktoken
review / pass2	UNKNOWN STEP	2026-08-15T05:24:09.3483577Z  Downloaded aiohttp
review / pass2	UNKNOWN STEP	2026-08-15T05:24:09.3729778Z  Downloaded pydantic-core
review / pass2	UNKNOWN STEP	2026-08-15T05:24:09.4225088Z  Downloaded tokenizers
review / pass2	UNKNOWN STEP	2026-08-15T05:24:09.4579077Z  Downloaded hf-xet
review / pass2	UNKNOWN STEP	2026-08-15T05:24:09.4773588Z  Downloaded pygments
review / pass2	UNKNOWN STEP	2026-08-15T05:24:09.5092496Z  Downloaded harbor
review / pass2	UNKNOWN STEP	2026-08-15T05:24:09.5115908Z  Downloaded cryptography
review / pass2	UNKNOWN STEP	2026-08-15T05:24:09.5144463Z  Downloaded obstore
review / pass2	UNKNOWN STEP	2026-08-15T05:24:09.7920915Z  Downloaded numpy
review / pass2	UNKNOWN STEP	2026-08-15T05:24:09.9167009Z  Downloaded openai
review / pass2	UNKNOWN STEP	2026-08-15T05:24:10.3947745Z  Downloaded claude-agent-sdk
review / pass2	UNKNOWN STEP	2026-08-15T05:24:10.4045252Z  Downloaded pandas
review / pass2	UNKNOWN STEP	2026-08-15T05:24:10.4245432Z  Downloaded pyarrow
review / pass2	UNKNOWN STEP	2026-08-15T05:24:10.5564611Z  Downloaded litellm
review / pass2	UNKNOWN STEP	2026-08-15T05:24:10.5565735Z Prepared 126 packages in 1.51s
review / pass2	UNKNOWN STEP	2026-08-15T05:24:10.6215338Z Installed 126 packages in 64ms
review / pass2	UNKNOWN STEP	2026-08-15T05:24:10.6215622Z  + aiofiles==25.1.0
review / pass2	UNKNOWN STEP	2026-08-15T05:24:10.6215890Z  + aiohappyeyeballs==2.7.1
review / pass2	UNKNOWN STEP	2026-08-15T05:24:10.6216057Z  + aiohttp==3.14.3
review / pass2	UNKNOWN STEP	2026-08-15T05:24:10.6216235Z  + aiohttp-retry==2.9.1
review / pass2	UNKNOWN STEP	2026-08-15T05:24:10.6216387Z  + aiosignal==1.4.0
review / pass2	UNKNOWN STEP	2026-08-15T05:24:10.6228368Z  + annotated-doc==0.0.5
review / pass2	UNKNOWN STEP	2026-08-15T05:24:10.6234108Z  + annotated-types==0.8.0
review / pass2	UNKNOWN STEP	2026-08-15T05:24:10.6234387Z  + anyio==4.14.2
review / pass2	UNKNOWN STEP	2026-08-15T05:24:10.6234609Z  + attrs==26.1.0
review / pass2	UNKNOWN STEP	2026-08-15T05:24:10.6234802Z  + bidict==0.23.1
review / pass2	UNKNOWN STEP	2026-08-15T05:24:10.6235090Z  + certifi==2026.7.22
review / pass2	UNKNOWN STEP	2026-08-15T05:24:10.6235229Z  + cffi==2.1.1
review / pass2	UNKNOWN STEP	2026-08-15T05:24:10.6235415Z  + charset-normalizer==3.5.0
review / pass2	UNKNOWN STEP	2026-08-15T05:24:10.6235588Z  + claude-agent-sdk==0.2.139
review / pass2	UNKNOWN STEP	2026-08-15T05:24:10.6235739Z  + click==8.4.2
review / pass2	UNKNOWN STEP	2026-08-15T05:24:10.6235916Z  + cryptography==50.0.0
review / pass2	UNKNOWN STEP	2026-08-15T05:24:10.6236083Z  + datasets==5.0.1
review / pass2	UNKNOWN STEP	2026-08-15T05:24:10.6236188Z  + daytona==0.204.0
review / pass2	UNKNOWN STEP	2026-08-15T05:24:10.6236336Z  + daytona-analytics-api-client==0.204.0
review / pass2	UNKNOWN STEP	2026-08-15T05:24:10.6236503Z  + daytona-analytics-api-client-async==0.204.0
review / pass2	UNKNOWN STEP	2026-08-15T05:24:10.6236659Z  + daytona-api-client==0.204.0
review / pass2	UNKNOWN STEP	2026-08-15T05:24:10.6236795Z  + daytona-api-client-async==0.204.0
review / pass2	UNKNOWN STEP	2026-08-15T05:24:10.6236935Z  + daytona-toolbox-api-client==0.204.0
review / pass2	UNKNOWN STEP	2026-08-15T05:24:10.6237086Z  + daytona-toolbox-api-client-async==0.204.0
review / pass2	UNKNOWN STEP	2026-08-15T05:24:10.6237233Z  + deprecated==1.3.1
review / pass2	UNKNOWN STEP	2026-08-15T05:24:10.6237345Z  + deprecation==2.1.0
review / pass2	UNKNOWN STEP	2026-08-15T05:24:10.6237455Z  + dill==0.4.1
review / pass2	UNKNOWN STEP	2026-08-15T05:24:10.6237558Z  + dirhash==0.5.0
review / pass2	UNKNOWN STEP	2026-08-15T05:24:10.6237660Z  + distro==1.9.0
review / pass2	UNKNOWN STEP	2026-08-15T05:24:10.6237765Z  + fastapi==0.141.1
review / pass2	UNKNOWN STEP	2026-08-15T05:24:10.6237872Z  + fastuuid==0.14.0
review / pass2	UNKNOWN STEP	2026-08-15T05:24:10.6237980Z  + filelock==3.32.3
review / pass2	UNKNOWN STEP	2026-08-15T05:24:10.6238081Z  + frozenlist==1.8.0
review / pass2	UNKNOWN STEP	2026-08-15T05:24:10.6238190Z  + fsspec==2026.6.0
review / pass2	UNKNOWN STEP	2026-08-15T05:24:10.6238301Z  + googleapis-common-protos==1.75.1
review / pass2	UNKNOWN STEP	2026-08-15T05:24:10.6238434Z  + h11==0.16.0
review / pass2	UNKNOWN STEP	2026-08-15T05:24:10.6238530Z  + h2==4.4.1
review / pass2	UNKNOWN STEP	2026-08-15T05:24:10.6238633Z  + harbor==0.14.0
review / pass2	UNKNOWN STEP	2026-08-15T05:24:10.6238735Z  + hf-xet==1.6.0
review / pass2	UNKNOWN STEP	2026-08-15T05:24:10.6238839Z  + hpack==4.2.0
review / pass2	UNKNOWN STEP	2026-08-15T05:24:10.6238940Z  + httpcore==1.0.9
review / pass2	UNKNOWN STEP	2026-08-15T05:24:10.6239047Z  + httpx==0.28.1
review / pass2	UNKNOWN STEP	2026-08-15T05:24:10.6239146Z  + httpx-sse==0.4.3
review / pass2	UNKNOWN STEP	2026-08-15T05:24:10.6239253Z  + httpx-ws==0.9.0
review / pass2	UNKNOWN STEP	2026-08-15T05:24:10.6239364Z  + huggingface-hub==1.27.0
review / pass2	UNKNOWN STEP	2026-08-15T05:24:10.6239487Z  + hyperframe==6.1.0
review / pass2	UNKNOWN STEP	2026-08-15T05:24:10.6239591Z  + idna==3.18
review / pass2	UNKNOWN STEP	2026-08-15T05:24:10.6239703Z  + importlib-metadata==8.9.0
review / pass2	UNKNOWN STEP	2026-08-15T05:24:10.6239843Z  + jinja2==3.1.6
review / pass2	UNKNOWN STEP	2026-08-15T05:24:10.6239942Z  + jiter==0.16.0
review / pass2	UNKNOWN STEP	2026-08-15T05:24:10.6240048Z  + jsonschema==4.26.0
review / pass2	UNKNOWN STEP	2026-08-15T05:24:10.6240167Z  + jsonschema-specifications==2025.9.1
review / pass2	UNKNOWN STEP	2026-08-15T05:24:10.6240301Z  + litellm==1.96.2
review / pass2	UNKNOWN STEP	2026-08-15T05:24:10.6240408Z  + markdown-it-py==4.2.0
review / pass2	UNKNOWN STEP	2026-08-15T05:24:10.6240525Z  + markupsafe==3.0.3
review / pass2	UNKNOWN STEP	2026-08-15T05:24:10.6240628Z  + mcp==1.29.0
review / pass2	UNKNOWN STEP	2026-08-15T05:24:10.6240727Z  + mdurl==0.1.2
review / pass2	UNKNOWN STEP	2026-08-15T05:24:10.6240829Z  + multidict==6.7.1
review / pass2	UNKNOWN STEP	2026-08-15T05:24:10.6240939Z  + multiprocess==0.70.19
review / pass2	UNKNOWN STEP	2026-08-15T05:24:10.6241047Z  + numpy==2.5.2
review / pass2	UNKNOWN STEP	2026-08-15T05:24:10.6241149Z  + obstore==0.11.0
review / pass2	UNKNOWN STEP	2026-08-15T05:24:10.6241250Z  + openai==2.54.0
review / pass2	UNKNOWN STEP	2026-08-15T05:24:10.6241360Z  + opentelemetry-api==1.44.0
review / pass2	UNKNOWN STEP	2026-08-15T05:24:10.6241505Z  + opentelemetry-exporter-otlp-proto-common==1.44.0
review / pass2	UNKNOWN STEP	2026-08-15T05:24:10.6241694Z  + opentelemetry-exporter-otlp-proto-http==1.44.0
review / pass2	UNKNOWN STEP	2026-08-15T05:24:10.6242639Z  + opentelemetry-instrumentation==0.65b0
review / pass2	UNKNOWN STEP	2026-08-15T05:24:10.6243072Z  + opentelemetry-instrumentation-aiohttp-client==0.65b0
review / pass2	UNKNOWN STEP	2026-08-15T05:24:10.6243251Z  + opentelemetry-proto==1.44.0
review / pass2	UNKNOWN STEP	2026-08-15T05:24:10.6243384Z  + opentelemetry-sdk==1.44.0
review / pass2	UNKNOWN STEP	2026-08-15T05:24:10.6243527Z  + opentelemetry-semantic-conventions==0.65b0
review / pass2	UNKNOWN STEP	2026-08-15T05:24:10.6243692Z  + opentelemetry-util-http==0.65b0
review / pass2	UNKNOWN STEP	2026-08-15T05:24:10.6243824Z  + packaging==26.3
review / pass2	UNKNOWN STEP	2026-08-15T05:24:10.6243926Z  + pandas==3.0.5
review / pass2	UNKNOWN STEP	2026-08-15T05:24:10.6244029Z  + pathspec==1.1.1
review / pass2	UNKNOWN STEP	2026-08-15T05:24:10.6244130Z  + postgrest==2.31.0
review / pass2	UNKNOWN STEP	2026-08-15T05:24:10.6244241Z  + propcache==0.5.2
review / pass2	UNKNOWN STEP	2026-08-15T05:24:10.6244344Z  + protobuf==7.35.1
review / pass2	UNKNOWN STEP	2026-08-15T05:24:10.6244459Z  + pyarrow==25.0.1
review / pass2	UNKNOWN STEP	2026-08-15T05:24:10.6244588Z  + pycparser==3.0
review / pass2	UNKNOWN STEP	2026-08-15T05:24:10.6244692Z  + pydantic==2.13.4
review / pass2	UNKNOWN STEP	2026-08-15T05:24:10.6244799Z  + pydantic-core==2.46.4
review / pass2	UNKNOWN STEP	2026-08-15T05:24:10.6244920Z  + pydantic-settings==2.15.0
review / pass2	UNKNOWN STEP	2026-08-15T05:24:10.6245041Z  + pygments==2.20.0
review / pass2	UNKNOWN STEP	2026-08-15T05:24:10.6245154Z  + pyjwt==2.13.0
review / pass2	UNKNOWN STEP	2026-08-15T05:24:10.6245265Z  + python-dateutil==2.9.0.post0
review / pass2	UNKNOWN STEP	2026-08-15T05:24:10.6245395Z  + python-dotenv==1.2.2
review / pass2	UNKNOWN STEP	2026-08-15T05:24:10.6245511Z  + python-engineio==4.13.5
review / pass2	UNKNOWN STEP	2026-08-15T05:24:10.6245636Z  + python-multipart==0.0.32
review / pass2	UNKNOWN STEP	2026-08-15T05:24:10.6245762Z  + python-socketio==5.16.4
review / pass2	UNKNOWN STEP	2026-08-15T05:24:10.6245877Z  + pyyaml==6.0.3
review / pass2	UNKNOWN STEP	2026-08-15T05:24:10.6245976Z  + realtime==2.31.0
review / pass2	UNKNOWN STEP	2026-08-15T05:24:10.6246082Z  + referencing==0.37.0
review / pass2	UNKNOWN STEP	2026-08-15T05:24:10.6246187Z  + regex==2026.7.19
review / pass2	UNKNOWN STEP	2026-08-15T05:24:10.6246291Z  + requests==2.34.2
review / pass2	UNKNOWN STEP	2026-08-15T05:24:10.6246390Z  + rich==15.0.0
review / pass2	UNKNOWN STEP	2026-08-15T05:24:10.6246491Z  + rpds-py==2026.6.3
review / pass2	UNKNOWN STEP	2026-08-15T05:24:10.6246595Z  + scantree==0.0.4
review / pass2	UNKNOWN STEP	2026-08-15T05:24:10.6246702Z  + shellingham==1.5.4
review / pass2	UNKNOWN STEP	2026-08-15T05:24:10.6246810Z  + shortuuid==1.0.13
review / pass2	UNKNOWN STEP	2026-08-15T05:24:10.6246921Z  + simple-websocket==1.1.0
review / pass2	UNKNOWN STEP	2026-08-15T05:24:10.6247032Z  + six==1.17.0
review / pass2	UNKNOWN STEP	2026-08-15T05:24:10.6247129Z  + sniffio==1.3.1
review / pass2	UNKNOWN STEP	2026-08-15T05:24:10.6247232Z  + sse-starlette==3.4.8
review / pass2	UNKNOWN STEP	2026-08-15T05:24:10.6247346Z  + starlette==1.6.0
review / pass2	UNKNOWN STEP	2026-08-15T05:24:10.6247444Z  + storage3==2.31.0
review / pass2	UNKNOWN STEP	2026-08-15T05:24:10.6247548Z  + strenum==0.4.15
review / pass2	UNKNOWN STEP	2026-08-15T05:24:10.6247647Z  + supabase==2.31.0
review / pass2	UNKNOWN STEP	2026-08-15T05:24:10.6247753Z  + supabase-auth==2.31.0
review / pass2	UNKNOWN STEP	2026-08-15T05:24:10.6247867Z  + supabase-functions==2.31.0
review / pass2	UNKNOWN STEP	2026-08-15T05:24:10.6247988Z  + tenacity==9.1.4
review / pass2	UNKNOWN STEP	2026-08-15T05:24:10.6248086Z  + tiktoken==0.13.0
review / pass2	UNKNOWN STEP	2026-08-15T05:24:10.6248191Z  + tokenizers==0.23.1
review / pass2	UNKNOWN STEP	2026-08-15T05:24:10.6248294Z  + toml==0.10.2
review / pass2	UNKNOWN STEP	2026-08-15T05:24:10.6248395Z  + tqdm==4.70.0
review / pass2	UNKNOWN STEP	2026-08-15T05:24:10.6248494Z  + typer==0.27.1
review / pass2	UNKNOWN STEP	2026-08-15T05:24:10.6248604Z  + typing-extensions==4.16.0
review / pass2	UNKNOWN STEP	2026-08-15T05:24:10.6248728Z  + typing-inspection==0.4.4
review / pass2	UNKNOWN STEP	2026-08-15T05:24:10.6248841Z  + urllib3==2.7.0
review / pass2	UNKNOWN STEP	2026-08-15T05:24:10.6248944Z  + uvicorn==0.52.3
review / pass2	UNKNOWN STEP	2026-08-15T05:24:10.6249049Z  + websocket-client==1.9.0
review / pass2	UNKNOWN STEP	2026-08-15T05:24:10.6249167Z  + websockets==15.0.1
review / pass2	UNKNOWN STEP	2026-08-15T05:24:10.6249270Z  + wrapt==2.3.0
review / pass2	UNKNOWN STEP	2026-08-15T05:24:10.6249371Z  + wsproto==1.3.2
review / pass2	UNKNOWN STEP	2026-08-15T05:24:10.6249472Z  + xxhash==4.0.0
review / pass2	UNKNOWN STEP	2026-08-15T05:24:10.6249575Z  + yarl==1.24.5
review / pass2	UNKNOWN STEP	2026-08-15T05:24:10.6249672Z  + zipp==4.1.0
review / pass2	UNKNOWN STEP	2026-08-15T05:24:10.6249969Z Installed 3 executables: harbor, hb, hr
review / pass2	UNKNOWN STEP	2026-08-15T05:24:10.6309281Z ##[group]Run TASK_NAME=$(python3 -c 'import tomllib; data=tomllib.load(open("submission/task/task.toml", "rb")); print(data.get("task", {}).get("name", ""))' 2>/dev/null || true)
review / pass2	UNKNOWN STEP	2026-08-15T05:24:10.6309866Z ^[[36;1mTASK_NAME=$(python3 -c 'import tomllib; data=tomllib.load(open("submission/task/task.toml", "rb")); print(data.get("task", {}).get("name", ""))' 2>/dev/null || true)^[[0m
review / pass2	UNKNOWN STEP	2026-08-15T05:24:10.6310232Z ^[[36;1mTASK_NAME="${TASK_NAME:-${GITHUB_REPOSITORY##*/}}"^[[0m
review / pass2	UNKNOWN STEP	2026-08-15T05:24:10.6310396Z ^[[36;1mjq -cn \^[[0m
review / pass2	UNKNOWN STEP	2026-08-15T05:24:10.6310510Z ^[[36;1m  --arg task "$TASK_NAME" \^[[0m
review / pass2	UNKNOWN STEP	2026-08-15T05:24:10.6310664Z ^[[36;1m  --arg repository "$GITHUB_REPOSITORY" \^[[0m
review / pass2	UNKNOWN STEP	2026-08-15T05:24:10.6310823Z ^[[36;1m  --arg sha "$DYNAMO_SHA" \^[[0m
review / pass2	UNKNOWN STEP	2026-08-15T05:24:10.6310959Z ^[[36;1m  --arg run_id "$GITHUB_RUN_ID" \^[[0m
review / pass2	UNKNOWN STEP	2026-08-15T05:24:10.6311197Z ^[[36;1m  --arg job "$GITHUB_JOB" \^[[0m
review / pass2	UNKNOWN STEP	2026-08-15T05:24:10.6311489Z ^[[36;1m  '{"dynamo.task":$task,"dynamo.repository":$repository,"dynamo.sha":$sha,"dynamo.github_run_id":$run_id,"dynamo.github_job":$job}' \^[[0m
review / pass2	UNKNOWN STEP	2026-08-15T05:24:10.6311783Z ^[[36;1m  > "$RUNNER_TEMP/dynamo-harbor-labels.json"^[[0m
review / pass2	UNKNOWN STEP	2026-08-15T05:24:10.6322349Z shell: /usr/bin/bash -e {0}
review / pass2	UNKNOWN STEP	2026-08-15T05:24:10.6322473Z env:
review / pass2	UNKNOWN STEP	2026-08-15T05:24:10.6323638Z   GH_TOKEN: ***
review / pass2	UNKNOWN STEP	2026-08-15T05:24:10.6323811Z   REPO: handshake-project-dynamo/dynamo-1573c1a-data-querying-and-databases
review / pass2	UNKNOWN STEP	2026-08-15T05:24:10.6324009Z   PR_NUMBER: 5
review / pass2	UNKNOWN STEP	2026-08-15T05:24:10.6324132Z   BLACKSMITH_RUNNER_MESSAGE_WAIT_MS: 210541
review / pass2	UNKNOWN STEP	2026-08-15T05:24:10.6324278Z   BLACKSMITH_RUNNER_ACQUIRE_JOB_MS: 1016
review / pass2	UNKNOWN STEP	2026-08-15T05:24:10.6324505Z   GITHUB_REPO_NAME: handshake-project-dynamo/dynamo-1573c1a-data-querying-and-databases
review / pass2	UNKNOWN STEP	2026-08-15T05:24:10.6324777Z   pythonLocation: /opt/hostedtoolcache/Python/3.11.14/x64
review / pass2	UNKNOWN STEP	2026-08-15T05:24:10.6324984Z   PKG_CONFIG_PATH: /opt/hostedtoolcache/Python/3.11.14/x64/lib/pkgconfig
review / pass2	UNKNOWN STEP	2026-08-15T05:24:10.6325193Z   Python_ROOT_DIR: /opt/hostedtoolcache/Python/3.11.14/x64
review / pass2	UNKNOWN STEP	2026-08-15T05:24:10.6325386Z   Python2_ROOT_DIR: /opt/hostedtoolcache/Python/3.11.14/x64
review / pass2	UNKNOWN STEP	2026-08-15T05:24:10.6325568Z   Python3_ROOT_DIR: /opt/hostedtoolcache/Python/3.11.14/x64
review / pass2	UNKNOWN STEP	2026-08-15T05:24:10.6325762Z   LD_LIBRARY_PATH: /opt/hostedtoolcache/Python/3.11.14/x64/lib
review / pass2	UNKNOWN STEP	2026-08-15T05:24:10.6325945Z   UV_CACHE_DIR: /home/runner/_work/_temp/setup-uv-cache
review / pass2	UNKNOWN STEP	2026-08-15T05:24:10.6326117Z   DYNAMO_SHA: b0606205cdd1155b8b0450edcdc88a401f1765b7
review / pass2	UNKNOWN STEP	2026-08-15T05:24:10.6326264Z ##[endgroup]
review / pass2	UNKNOWN STEP	2026-08-15T05:24:10.6525484Z ##[group]Run set +e
review / pass2	UNKNOWN STEP	2026-08-15T05:24:10.6525638Z ^[[36;1mset +e^[[0m
review / pass2	UNKNOWN STEP	2026-08-15T05:24:10.6525771Z ^[[36;1mN_AGENTS=$(echo "$AGENTS_JSON" | jq 'length')^[[0m
review / pass2	UNKNOWN STEP	2026-08-15T05:24:10.6525940Z ^[[36;1mN_CONC=$((2 * N_AGENTS))^[[0m
review / pass2	UNKNOWN STEP	2026-08-15T05:24:10.6526113Z ^[[36;1mLABELS=$(<"$RUNNER_TEMP/dynamo-harbor-labels.json")^[[0m
review / pass2	UNKNOWN STEP	2026-08-15T05:24:10.6526487Z ^[[36;1mjq -n --arg job "$JOB_ID" --arg env "$ENVB" --argjson labels "$LABELS" --argjson nc "$N_CONC" --argjson agents "$AGENTS_JSON" --argjson cap "${PASS2_TIMEOUT:-3600}" \^[[0m
review / pass2	UNKNOWN STEP	2026-08-15T05:24:10.6527271Z ^[[36;1m  '{job_name:$job, jobs_dir:"pass2-output", n_attempts:2, n_concurrent_trials:$nc, environment:{type:$env, kwargs:({auto_stop_interval_mins:60} + (if $env == "daytona" then {labels:$labels} else {} end))}, agents:($agents|map({name:.agent, model_name:.model, kwargs:.kwargs, env:.env, override_timeout_sec:$cap})), tasks:[{path:"submission/task"}]}' \^[[0m
review / pass2	UNKNOWN STEP	2026-08-15T05:24:10.6527865Z ^[[36;1m  > /tmp/pass2-job.json^[[0m
review / pass2	UNKNOWN STEP	2026-08-15T05:24:10.6528044Z ^[[36;1mecho "JobConfig:"; jq . /tmp/pass2-job.json^[[0m
review / pass2	UNKNOWN STEP	2026-08-15T05:24:10.6528288Z ^[[36;1mrm -rf pass2-output 2>/dev/null || true   # only the final run's output should remain^[[0m
review / pass2	UNKNOWN STEP	2026-08-15T05:24:10.6528554Z ^[[36;1mharbor run -c /tmp/pass2-job.json 2>&1 | tee /tmp/pass2.log^[[0m
review / pass2	UNKNOWN STEP	2026-08-15T05:24:10.6538611Z shell: /usr/bin/bash -e {0}
review / pass2	UNKNOWN STEP	2026-08-15T05:24:10.6538742Z env:
review / pass2	UNKNOWN STEP	2026-08-15T05:24:10.6540062Z   GH_TOKEN: ***
review / pass2	UNKNOWN STEP	2026-08-15T05:24:10.6540250Z   REPO: handshake-project-dynamo/dynamo-1573c1a-data-querying-and-databases
review / pass2	UNKNOWN STEP	2026-08-15T05:24:10.6540459Z   PR_NUMBER: 5
review / pass2	UNKNOWN STEP	2026-08-15T05:24:10.6540580Z   BLACKSMITH_RUNNER_MESSAGE_WAIT_MS: 210541
review / pass2	UNKNOWN STEP	2026-08-15T05:24:10.6540739Z   BLACKSMITH_RUNNER_ACQUIRE_JOB_MS: 1016
review / pass2	UNKNOWN STEP	2026-08-15T05:24:10.6540960Z   GITHUB_REPO_NAME: handshake-project-dynamo/dynamo-1573c1a-data-querying-and-databases
review / pass2	UNKNOWN STEP	2026-08-15T05:24:10.6541222Z   pythonLocation: /opt/hostedtoolcache/Python/3.11.14/x64
review / pass2	UNKNOWN STEP	2026-08-15T05:24:10.6541439Z   PKG_CONFIG_PATH: /opt/hostedtoolcache/Python/3.11.14/x64/lib/pkgconfig
review / pass2	UNKNOWN STEP	2026-08-15T05:24:10.6541663Z   Python_ROOT_DIR: /opt/hostedtoolcache/Python/3.11.14/x64
review / pass2	UNKNOWN STEP	2026-08-15T05:24:10.6541858Z   Python2_ROOT_DIR: /opt/hostedtoolcache/Python/3.11.14/x64
review / pass2	UNKNOWN STEP	2026-08-15T05:24:10.6542057Z   Python3_ROOT_DIR: /opt/hostedtoolcache/Python/3.11.14/x64
review / pass2	UNKNOWN STEP	2026-08-15T05:24:10.6542253Z   LD_LIBRARY_PATH: /opt/hostedtoolcache/Python/3.11.14/x64/lib
review / pass2	UNKNOWN STEP	2026-08-15T05:24:10.6542449Z   UV_CACHE_DIR: /home/runner/_work/_temp/setup-uv-cache
review / pass2	UNKNOWN STEP	2026-08-15T05:24:10.6543027Z   OPENAI_API_KEY: ***
review / pass2	UNKNOWN STEP	2026-08-15T05:24:10.6543245Z   OPENROUTER_API_KEY: ***
review / pass2	UNKNOWN STEP	2026-08-15T05:24:10.6543426Z   GEMINI_API_KEY: ***
review / pass2	UNKNOWN STEP	2026-08-15T05:24:10.6543542Z   MODAL_TOKEN_ID: 
review / pass2	UNKNOWN STEP	2026-08-15T05:24:10.6543656Z   MODAL_TOKEN_SECRET: 
review / pass2	UNKNOWN STEP	2026-08-15T05:24:10.6543848Z   DAYTONA_API_KEY: ***
review / pass2	UNKNOWN STEP	2026-08-15T05:24:10.6543961Z   DAYTONA_TARGET: 
review / pass2	UNKNOWN STEP	2026-08-15T05:24:10.6544260Z   AGENTS_JSON: [{"agent":"terminus-2","model":"openrouter/deepseek/deepseek-v4-pro","kwargs":{"llm_kwargs":{"reasoning":{"effort":"high"},"max_tokens":128000}},"env":{}}]
review / pass2	UNKNOWN STEP	2026-08-15T05:24:10.6544622Z   ENVB: daytona
review / pass2	UNKNOWN STEP	2026-08-15T05:24:10.6544732Z   PASS2_TIMEOUT: 600
review / pass2	UNKNOWN STEP	2026-08-15T05:24:10.6544849Z   JOB_ID: 31866609701-pass2
review / pass2	UNKNOWN STEP	2026-08-15T05:24:10.6544973Z ##[endgroup]
review / pass2	UNKNOWN STEP	2026-08-15T05:24:10.6587781Z JobConfig:
review / pass2	UNKNOWN STEP	2026-08-15T05:24:10.6596678Z {
review / pass2	UNKNOWN STEP	2026-08-15T05:24:10.6596936Z   "job_name": "31866609701-pass2",
review / pass2	UNKNOWN STEP	2026-08-15T05:24:10.6597154Z   "jobs_dir": "pass2-output",
review / pass2	UNKNOWN STEP	2026-08-15T05:24:10.6597334Z   "n_attempts": 2,
review / pass2	UNKNOWN STEP	2026-08-15T05:24:10.6597536Z   "n_concurrent_trials": 2,
review / pass2	UNKNOWN STEP	2026-08-15T05:24:10.6597728Z   "environment": {
review / pass2	UNKNOWN STEP	2026-08-15T05:24:10.6597906Z     "type": "daytona",
review / pass2	UNKNOWN STEP	2026-08-15T05:24:10.6598048Z     "kwargs": {
review / pass2	UNKNOWN STEP	2026-08-15T05:24:10.6598395Z       "auto_stop_interval_mins": 60,
review / pass2	UNKNOWN STEP	2026-08-15T05:24:10.6598581Z       "labels": {
review / pass2	UNKNOWN STEP	2026-08-15T05:24:10.6598807Z         "dynamo.task": "dynamo/bom-shortage-cascade",
review / pass2	UNKNOWN STEP	2026-08-15T05:24:10.6599085Z         "dynamo.repository": "handshake-project-dynamo/dynamo-1573c1a-data-querying-and-databases",
review / pass2	UNKNOWN STEP	2026-08-15T05:24:10.6599552Z         "dynamo.sha": "b0606205cdd1155b8b0450edcdc88a401f1765b7",
review / pass2	UNKNOWN STEP	2026-08-15T05:24:10.6599840Z         "dynamo.github_run_id": "31866609701",
review / pass2	UNKNOWN STEP	2026-08-15T05:24:10.6600007Z         "dynamo.github_job": "pass2"
review / pass2	UNKNOWN STEP	2026-08-15T05:24:10.6600154Z       }
review / pass2	UNKNOWN STEP	2026-08-15T05:24:10.6600318Z     }
review / pass2	UNKNOWN STEP	2026-08-15T05:24:10.6600528Z   },
review / pass2	UNKNOWN STEP	2026-08-15T05:24:10.6600673Z   "agents": [
review / pass2	UNKNOWN STEP	2026-08-15T05:24:10.6600814Z     {
review / pass2	UNKNOWN STEP	2026-08-15T05:24:10.6600980Z       "name": "terminus-2",
review / pass2	UNKNOWN STEP	2026-08-15T05:24:10.6601184Z       "model_name": "openrouter/deepseek/deepseek-v4-pro",
review / pass2	UNKNOWN STEP	2026-08-15T05:24:10.6601366Z       "kwargs": {
review / pass2	UNKNOWN STEP	2026-08-15T05:24:10.6601551Z         "llm_kwargs": {
review / pass2	UNKNOWN STEP	2026-08-15T05:24:10.6601671Z           "reasoning": {
review / pass2	UNKNOWN STEP	2026-08-15T05:24:10.6601820Z             "effort": "high"
review / pass2	UNKNOWN STEP	2026-08-15T05:24:10.6601959Z           },
review / pass2	UNKNOWN STEP	2026-08-15T05:24:10.6602112Z           "max_tokens": 128000
review / pass2	UNKNOWN STEP	2026-08-15T05:24:10.6602240Z         }
review / pass2	UNKNOWN STEP	2026-08-15T05:24:10.6602396Z       },
review / pass2	UNKNOWN STEP	2026-08-15T05:24:10.6602563Z       "env": {},
review / pass2	UNKNOWN STEP	2026-08-15T05:24:10.6602712Z       "override_timeout_sec": 600
review / pass2	UNKNOWN STEP	2026-08-15T05:24:10.6602849Z     }
review / pass2	UNKNOWN STEP	2026-08-15T05:24:10.6603006Z   ],
review / pass2	UNKNOWN STEP	2026-08-15T05:24:10.6603163Z   "tasks": [
review / pass2	UNKNOWN STEP	2026-08-15T05:24:10.6603308Z     {
review / pass2	UNKNOWN STEP	2026-08-15T05:24:10.6603475Z       "path": "submission/task"
review / pass2	UNKNOWN STEP	2026-08-15T05:24:10.6603615Z     }
review / pass2	UNKNOWN STEP	2026-08-15T05:24:10.6604833Z   ]
review / pass2	UNKNOWN STEP	2026-08-15T05:24:10.6604976Z }
review / pass2	UNKNOWN STEP	2026-08-15T05:24:12.4411113Z Tip: There are many benchmarks available in Harbor's registry.
review / pass2	UNKNOWN STEP	2026-08-15T05:24:12.4412702Z Run `harbor datasets list` to see all available datasets.
review / pass2	UNKNOWN STEP	2026-08-15T05:24:12.4412836Z 
review / pass2	UNKNOWN STEP	2026-08-15T05:35:20.1373496Z   2/2 Mean: 0.000 ━━━━━━━━━━━━━━━━━━━━━━━━━━━━━━━━━━━━━━━━ 0:11:07 0:00:00
review / pass2	UNKNOWN STEP	2026-08-15T05:35:20.1404005Z adhoc • terminus-2 • deepseek/deepseek-v4-pro
review / pass2	UNKNOWN STEP	2026-08-15T05:35:20.1409144Z ┏━━━━━━━━┳━━━━━━━━━━━━┳━━━━━━━┳━━━━━━━━┓
review / pass2	UNKNOWN STEP	2026-08-15T05:35:20.1409450Z ┃ Trials ┃ Exceptions ┃  Mean ┃ Pass@2 ┃
review / pass2	UNKNOWN STEP	2026-08-15T05:35:20.1409738Z ┡━━━━━━━━╇━━━━━━━━━━━━╇━━━━━━━╇━━━━━━━━┩
review / pass2	UNKNOWN STEP	2026-08-15T05:35:20.1410005Z │      2 │          2 │ 0.000 │  0.000 │
review / pass2	UNKNOWN STEP	2026-08-15T05:35:20.1410278Z └────────┴────────────┴───────┴────────┘
review / pass2	UNKNOWN STEP	2026-08-15T05:35:20.1410441Z 
review / pass2	UNKNOWN STEP	2026-08-15T05:35:20.1412683Z ┏━━━━━━━━┳━━━━━━━┓
review / pass2	UNKNOWN STEP	2026-08-15T05:35:20.1412832Z ┃ Reward ┃ Count ┃
review / pass2	UNKNOWN STEP	2026-08-15T05:35:20.1412959Z ┡━━━━━━━━╇━━━━━━━┩
review / pass2	UNKNOWN STEP	2026-08-15T05:35:20.1413071Z │ 0.0    │     2 │
review / pass2	UNKNOWN STEP	2026-08-15T05:35:20.1413187Z └────────┴───────┘
review / pass2	UNKNOWN STEP	2026-08-15T05:35:20.1413253Z 
review / pass2	UNKNOWN STEP	2026-08-15T05:35:20.1415654Z ┏━━━━━━━━━━━━━━━━━━━┳━━━━━━━┓
review / pass2	UNKNOWN STEP	2026-08-15T05:35:20.1415833Z ┃ Exception         ┃ Count ┃
review / pass2	UNKNOWN STEP	2026-08-15T05:35:20.1416017Z ┡━━━━━━━━━━━━━━━━━━━╇━━━━━━━┩
review / pass2	UNKNOWN STEP	2026-08-15T05:35:20.1416190Z │ AgentTimeoutError │     2 │
review / pass2	UNKNOWN STEP	2026-08-15T05:35:20.1416369Z └───────────────────┴───────┘
review / pass2	UNKNOWN STEP	2026-08-15T05:35:20.1416513Z 
review / pass2	UNKNOWN STEP	2026-08-15T05:35:20.1416982Z Job Info
review / pass2	UNKNOWN STEP	2026-08-15T05:35:20.1417942Z Total runtime: 11m 7s
review / pass2	UNKNOWN STEP	2026-08-15T05:35:20.1419573Z Results written to pass2-output/31866609701-pass2/result.json
review / pass2	UNKNOWN STEP	2026-08-15T05:35:20.1420757Z Inspect results by running `harbor view pass2-output`
review / pass2	UNKNOWN STEP	2026-08-15T05:35:20.1422420Z Share results by running `harbor upload pass2-output/31866609701-pass2`
review / pass2	UNKNOWN STEP	2026-08-15T05:35:20.1422801Z 
review / pass2	UNKNOWN STEP	2026-08-15T05:35:20.1431605Z Exception ignored in atexit callback: <bound method DaytonaClientManager._cleanup_sync of <harbor.environments.daytona.environment.DaytonaClientManager object at 0x7efd2323e0c0>>
review / pass2	UNKNOWN STEP	2026-08-15T05:35:20.1432198Z Traceback (most recent call last):
review / pass2	UNKNOWN STEP	2026-08-15T05:35:20.1438561Z   File "/home/runner/.local/share/uv/tools/harbor/lib/python3.12/site-packages/harbor/environments/daytona/environment.py", line 221, in _cleanup_sync
review / pass2	UNKNOWN STEP	2026-08-15T05:35:20.1439131Z     asyncio.run(self._cleanup())
review / pass2	UNKNOWN STEP	2026-08-15T05:35:20.1439454Z   File "/usr/lib/python3.12/asyncio/runners.py", line 194, in run
review / pass2	UNKNOWN STEP	2026-08-15T05:35:20.1439758Z     return runner.run(main)
review / pass2	UNKNOWN STEP	2026-08-15T05:35:20.1439952Z            ^^^^^^^^^^^^^^^^
review / pass2	UNKNOWN STEP	2026-08-15T05:35:20.1440217Z   File "/usr/lib/python3.12/asyncio/runners.py", line 118, in run
review / pass2	UNKNOWN STEP	2026-08-15T05:35:20.1440512Z     return self._loop.run_until_complete(task)
review / pass2	UNKNOWN STEP	2026-08-15T05:35:20.1440733Z            ^^^^^^^^^^^^^^^^^^^^^^^^^^^^^^^^^^^
review / pass2	UNKNOWN STEP	2026-08-15T05:35:20.1440958Z   File "/usr/lib/python3.12/asyncio/base_events.py", line 687, in run_until_complete
review / pass2	UNKNOWN STEP	2026-08-15T05:35:20.1441163Z     return future.result()
review / pass2	UNKNOWN STEP	2026-08-15T05:35:20.1441285Z            ^^^^^^^^^^^^^^^
review / pass2	UNKNOWN STEP	2026-08-15T05:35:20.1441646Z   File "/home/runner/.local/share/uv/tools/harbor/lib/python3.12/site-packages/harbor/environments/daytona/environment.py", line 231, in _cleanup
review / pass2	UNKNOWN STEP	2026-08-15T05:35:20.1441946Z     await self._client.close()
review / pass2	UNKNOWN STEP	2026-08-15T05:35:20.1442204Z   File "/home/runner/.local/share/uv/tools/harbor/lib/python3.12/site-packages/daytona/_async/daytona.py", line 436, in close
review / pass2	UNKNOWN STEP	2026-08-15T05:35:20.1442484Z     await self._event_dispatcher.disconnect()
review / pass2	UNKNOWN STEP	2026-08-15T05:35:20.1442790Z   File "/home/runner/.local/share/uv/tools/harbor/lib/python3.12/site-packages/daytona/internal/event_dispatcher.py", line 269, in disconnect
review / pass2	UNKNOWN STEP	2026-08-15T05:35:20.1443074Z     await self._disconnect()
review / pass2	UNKNOWN STEP	2026-08-15T05:35:20.1443367Z   File "/home/runner/.local/share/uv/tools/harbor/lib/python3.12/site-packages/daytona/internal/event_dispatcher.py", line 292, in _disconnect
review / pass2	UNKNOWN STEP	2026-08-15T05:35:20.1443644Z     await sio.disconnect()
review / pass2	UNKNOWN STEP	2026-08-15T05:35:20.1443902Z   File "/home/runner/.local/share/uv/tools/harbor/lib/python3.12/site-packages/socketio/async_client.py", line 332, in disconnect
review / pass2	UNKNOWN STEP	2026-08-15T05:35:20.1444168Z     await self.eio.disconnect()
review / pass2	UNKNOWN STEP	2026-08-15T05:35:20.1444432Z   File "/home/runner/.local/share/uv/tools/harbor/lib/python3.12/site-packages/engineio/async_client.py", line 175, in disconnect
review / pass2	UNKNOWN STEP	2026-08-15T05:35:20.1444697Z     await self.read_loop_task
review / pass2	UNKNOWN STEP	2026-08-15T05:35:20.1445206Z   File "/home/runner/.local/share/uv/tools/harbor/lib/python3.12/site-packages/engineio/async_client.py", line 577, in _read_loop_websocket
review / pass2	UNKNOWN STEP	2026-08-15T05:35:20.1445702Z     p = await asyncio.wait_for(
review / pass2	UNKNOWN STEP	2026-08-15T05:35:20.1445823Z         ^^^^^^^^^^^^^^^^^^^^^^^
review / pass2	UNKNOWN STEP	2026-08-15T05:35:20.1445994Z   File "/usr/lib/python3.12/asyncio/tasks.py", line 520, in wait_for
review / pass2	UNKNOWN STEP	2026-08-15T05:35:20.1446167Z     return await fut
review / pass2	UNKNOWN STEP	2026-08-15T05:35:20.1446326Z            ^^^^^^^^^
review / pass2	UNKNOWN STEP	2026-08-15T05:35:20.1446575Z   File "/home/runner/.local/share/uv/tools/harbor/lib/python3.12/site-packages/aiohttp/client_ws.py", line 411, in receive
review / pass2	UNKNOWN STEP	2026-08-15T05:35:20.1446831Z     msg = await self._reader.read()
review / pass2	UNKNOWN STEP	2026-08-15T05:35:20.1446968Z           ^^^^^^^^^^^^^^^^^^^^^^^^^
review / pass2	UNKNOWN STEP	2026-08-15T05:35:20.1447122Z   File "aiohttp/_websocket/reader_c.py", line 121, in read
review / pass2	UNKNOWN STEP	2026-08-15T05:35:20.1447403Z   File "aiohttp/_websocket/reader_c.py", line 118, in aiohttp._websocket.reader_c.WebSocketDataQueue.read
review / pass2	UNKNOWN STEP	2026-08-15T05:35:20.1447640Z asyncio.exceptions.CancelledError: 
review / pass2	UNKNOWN STEP	2026-08-15T05:35:20.7316833Z ##[group]Run {
review / pass2	UNKNOWN STEP	2026-08-15T05:35:20.7316980Z ^[[36;1m{^[[0m
review / pass2	UNKNOWN STEP	2026-08-15T05:35:20.7317233Z ^[[36;1m  echo "## pass@2 timeout pre-check (env=daytona, agent-run budget = task timeout_sec capped at 3600s/1hr, excludes env startup)"^[[0m
review / pass2	UNKNOWN STEP	2026-08-15T05:35:20.7317546Z ^[[36;1m  echo '<details><summary>Output</summary>'; echo ""; echo '```'^[[0m
review / pass2	UNKNOWN STEP	2026-08-15T05:35:20.7317784Z ^[[36;1m  tail -c 60000 /tmp/pass2.log 2>/dev/null; echo '```'; echo '</details>'^[[0m
review / pass2	UNKNOWN STEP	2026-08-15T05:35:20.7317978Z ^[[36;1m} >> $GITHUB_STEP_SUMMARY^[[0m
review / pass2	UNKNOWN STEP	2026-08-15T05:35:20.7328976Z shell: /usr/bin/bash -e {0}
review / pass2	UNKNOWN STEP	2026-08-15T05:35:20.7329096Z env:
review / pass2	UNKNOWN STEP	2026-08-15T05:35:20.7330266Z   GH_TOKEN: ***
review / pass2	UNKNOWN STEP	2026-08-15T05:35:20.7330446Z   REPO: handshake-project-dynamo/dynamo-1573c1a-data-querying-and-databases
review / pass2	UNKNOWN STEP	2026-08-15T05:35:20.7330646Z   PR_NUMBER: 5
review / pass2	UNKNOWN STEP	2026-08-15T05:35:20.7330764Z   BLACKSMITH_RUNNER_MESSAGE_WAIT_MS: 210541
review / pass2	UNKNOWN STEP	2026-08-15T05:35:20.7330910Z   BLACKSMITH_RUNNER_ACQUIRE_JOB_MS: 1016
review / pass2	UNKNOWN STEP	2026-08-15T05:35:20.7331149Z   GITHUB_REPO_NAME: handshake-project-dynamo/dynamo-1573c1a-data-querying-and-databases
review / pass2	UNKNOWN STEP	2026-08-15T05:35:20.7331428Z   pythonLocation: /opt/hostedtoolcache/Python/3.11.14/x64
review / pass2	UNKNOWN STEP	2026-08-15T05:35:20.7331636Z   PKG_CONFIG_PATH: /opt/hostedtoolcache/Python/3.11.14/x64/lib/pkgconfig
review / pass2	UNKNOWN STEP	2026-08-15T05:35:20.7331838Z   Python_ROOT_DIR: /opt/hostedtoolcache/Python/3.11.14/x64
review / pass2	UNKNOWN STEP	2026-08-15T05:35:20.7332033Z   Python2_ROOT_DIR: /opt/hostedtoolcache/Python/3.11.14/x64
review / pass2	UNKNOWN STEP	2026-08-15T05:35:20.7332217Z   Python3_ROOT_DIR: /opt/hostedtoolcache/Python/3.11.14/x64
review / pass2	UNKNOWN STEP	2026-08-15T05:35:20.7332407Z   LD_LIBRARY_PATH: /opt/hostedtoolcache/Python/3.11.14/x64/lib
review / pass2	UNKNOWN STEP	2026-08-15T05:35:20.7332592Z   UV_CACHE_DIR: /home/runner/_work/_temp/setup-uv-cache
review / pass2	UNKNOWN STEP	2026-08-15T05:35:20.7332742Z ##[endgroup]
review / pass2	UNKNOWN STEP	2026-08-15T05:35:20.7387184Z ##[group]Run mkdir -p pass2-analyze
review / pass2	UNKNOWN STEP	2026-08-15T05:35:20.7387358Z ^[[36;1mmkdir -p pass2-analyze^[[0m
review / pass2	UNKNOWN STEP	2026-08-15T05:35:20.7387500Z ^[[36;1mfor d in pass2-output/*/; do^[[0m
review / pass2	UNKNOWN STEP	2026-08-15T05:35:20.7387699Z ^[[36;1m  if find "$d" -name result.json -print -quit 2>/dev/null | grep -q .; then^[[0m
review / pass2	UNKNOWN STEP	2026-08-15T05:35:20.7387933Z ^[[36;1m    harbor analyze -m claude-sonnet-4-6 --n-concurrent 2 \^[[0m
review / pass2	UNKNOWN STEP	2026-08-15T05:35:20.7388137Z ^[[36;1m      -r .harbor/rubrics/trial-analysis.toml \^[[0m
review / pass2	UNKNOWN STEP	2026-08-15T05:35:20.7388321Z ^[[36;1m      -p .harbor/rubrics/trial-analysis-prompt.txt \^[[0m
review / pass2	UNKNOWN STEP	2026-08-15T05:35:20.7388523Z ^[[36;1m      --job-prompt .harbor/rubrics/trial-analysis-job.txt \^[[0m
review / pass2	UNKNOWN STEP	2026-08-15T05:35:20.7388724Z ^[[36;1m      -o "pass2-analyze/$(basename "$d").json" "$d" || true^[[0m
review / pass2	UNKNOWN STEP	2026-08-15T05:35:20.7388884Z ^[[36;1m  fi^[[0m
review / pass2	UNKNOWN STEP	2026-08-15T05:35:20.7388986Z ^[[36;1mdone^[[0m
review / pass2	UNKNOWN STEP	2026-08-15T05:35:20.7396482Z shell: /usr/bin/bash -e {0}
review / pass2	UNKNOWN STEP	2026-08-15T05:35:20.7396602Z env:
review / pass2	UNKNOWN STEP	2026-08-15T05:35:20.7397727Z   GH_TOKEN: ***
review / pass2	UNKNOWN STEP	2026-08-15T05:35:20.7397920Z   REPO: handshake-project-dynamo/dynamo-1573c1a-data-querying-and-databases
review / pass2	UNKNOWN STEP	2026-08-15T05:35:20.7398116Z   PR_NUMBER: 5
review / pass2	UNKNOWN STEP	2026-08-15T05:35:20.7398235Z   BLACKSMITH_RUNNER_MESSAGE_WAIT_MS: 210541
review / pass2	UNKNOWN STEP	2026-08-15T05:35:20.7398382Z   BLACKSMITH_RUNNER_ACQUIRE_JOB_MS: 1016
review / pass2	UNKNOWN STEP	2026-08-15T05:35:20.7398599Z   GITHUB_REPO_NAME: handshake-project-dynamo/dynamo-1573c1a-data-querying-and-databases
review / pass2	UNKNOWN STEP	2026-08-15T05:35:20.7398953Z   pythonLocation: /opt/hostedtoolcache/Python/3.11.14/x64
review / pass2	UNKNOWN STEP	2026-08-15T05:35:20.7399160Z   PKG_CONFIG_PATH: /opt/hostedtoolcache/Python/3.11.14/x64/lib/pkgconfig
review / pass2	UNKNOWN STEP	2026-08-15T05:35:20.7399373Z   Python_ROOT_DIR: /opt/hostedtoolcache/Python/3.11.14/x64
review / pass2	UNKNOWN STEP	2026-08-15T05:35:20.7399562Z   Python2_ROOT_DIR: /opt/hostedtoolcache/Python/3.11.14/x64
review / pass2	UNKNOWN STEP	2026-08-15T05:35:20.7399754Z   Python3_ROOT_DIR: /opt/hostedtoolcache/Python/3.11.14/x64
review / pass2	UNKNOWN STEP	2026-08-15T05:35:20.7399944Z   LD_LIBRARY_PATH: /opt/hostedtoolcache/Python/3.11.14/x64/lib
review / pass2	UNKNOWN STEP	2026-08-15T05:35:20.7400139Z   UV_CACHE_DIR: /home/runner/_work/_temp/setup-uv-cache
review / pass2	UNKNOWN STEP	2026-08-15T05:35:20.7400467Z   ANTHROPIC_API_KEY: ***
review / pass2	UNKNOWN STEP	2026-08-15T05:35:20.7400587Z ##[endgroup]
review / pass2	UNKNOWN STEP	2026-08-15T05:35:21.1336291Z 
review / pass2	UNKNOWN STEP	2026-08-15T05:35:21.1336646Z 🔍 Analyzing trial(s)...
review / pass2	UNKNOWN STEP	2026-08-15T05:40:53.9869021Z   Analyzing trials... ━━━━━━━━━━━━━━━━━━━━━━━━━━━━━━━━━━━━━━━━ 2/2 0:03:46
review / pass2	UNKNOWN STEP	2026-08-15T05:40:53.9872250Z ✓ Results written to pass2-analyze/31866609701-pass2.json
review / pass2	UNKNOWN STEP	2026-08-15T05:40:54.0007162Z 
review / pass2	UNKNOWN STEP	2026-08-15T05:40:54.0007215Z Job Summary:
review / pass2	UNKNOWN STEP	2026-08-15T05:40:54.0007418Z ## Per-Trajectory Rubric
review / pass2	UNKNOWN STEP	2026-08-15T05:40:54.0007498Z 
review / pass2	UNKNOWN STEP	2026-08-15T05:40:54.0007634Z | Trial | Reward | task_specification | reward_hacking | difficulty_crux | 
review / pass2	UNKNOWN STEP	2026-08-15T05:40:54.0007882Z near_miss | refusals | low_timeout | approach_validity |
review / pass2	UNKNOWN STEP	2026-08-15T05:40:54.0008110Z |---|---|---|---|---|---|---|---|---|
review / pass2	UNKNOWN STEP	2026-08-15T05:40:54.0008315Z | task__tDstETi | 0 | PASS | PASS | PASS | PASS | PASS | FAIL | PASS |
review / pass2	UNKNOWN STEP	2026-08-15T05:40:54.0009355Z | task__xdjjps9 | 0 | PASS | PASS | PASS | FAIL | PASS | FAIL | PASS |
review / pass2	UNKNOWN STEP	2026-08-15T05:40:54.0009754Z 
review / pass2	UNKNOWN STEP	2026-08-15T05:40:54.0009848Z ---
review / pass2	UNKNOWN STEP	2026-08-15T05:40:54.0009977Z 
review / pass2	UNKNOWN STEP	2026-08-15T05:40:54.0010030Z ## Fail Reasons
review / pass2	UNKNOWN STEP	2026-08-15T05:40:54.0010114Z 
review / pass2	UNKNOWN STEP	2026-08-15T05:40:54.0010340Z The two failures are **stratified** — they share a contributing cause (timeout) 
review / pass2	UNKNOWN STEP	2026-08-15T05:40:54.0010582Z but differ in proximate cause:
review / pass2	UNKNOWN STEP	2026-08-15T05:40:54.0010684Z 
review / pass2	UNKNOWN STEP	2026-08-15T05:40:54.0010833Z **task__tDstETi — Speed-only failure (terminal timeout):** The agent had all 
review / pass2	UNKNOWN STEP	2026-08-15T05:40:54.0011093Z necessary data by t=34 s but then placed a single LLM call to generate the 
review / pass2	UNKNOWN STEP	2026-08-15T05:40:54.0011350Z ~300-line MRP solver. DeepSeek V4-Pro at high reasoning effort streamed that 
review / pass2	UNKNOWN STEP	2026-08-15T05:40:54.0011612Z response for ~566 s before the 600-second budget fired (`asyncio.CancelledError`
review / pass2	UNKNOWN STEP	2026-08-15T05:40:54.0011906Z mid-stream). Zero output was produced. This is a clean **speed-only failure**: 
review / pass2	UNKNOWN STEP	2026-08-15T05:40:54.0012202Z the approach was correct, the data was in hand, only wall-clock time was the 
review / pass2	UNKNOWN STEP	2026-08-15T05:40:54.0012392Z blocker.
review / pass2	UNKNOWN STEP	2026-08-15T05:40:54.0012451Z 
review / pass2	UNKNOWN STEP	2026-08-15T05:40:54.0012593Z **task__xdjjps9 — Near-miss timeout + edge-case trap:** The agent produced a 
review / pass2	UNKNOWN STEP	2026-08-15T05:40:54.0012846Z full `report.json` (step 5) with 19/22 tests passing. The remaining 3 failures 
review / pass2	UNKNOWN STEP	2026-08-15T05:40:54.0013096Z all trace to a single **analytical bug**: in `required_resources`, the agent 
review / pass2	UNKNOWN STEP	2026-08-15T05:40:54.0013345Z consumed leaf inventory before recording leaf demand, capturing the net 
review / pass2	UNKNOWN STEP	2026-08-15T05:40:54.0013601Z shortfall instead of gross demand. By step 7 the agent had self-diagnosed the 
review / pass2	UNKNOWN STEP	2026-08-15T05:40:54.0013857Z bug (`'L13': 3.0` vs expected 14), but the 600-second timeout fired before the 
review / pass2	UNKNOWN STEP	2026-08-15T05:40:54.0014112Z corrected solution could be written. This is a **near-miss timeout** compounded 
review / pass2	UNKNOWN STEP	2026-08-15T05:40:54.0014352Z by an **edge-case trap** (gross-vs-net leaf requirement).
review / pass2	UNKNOWN STEP	2026-08-15T05:40:54.0014477Z 
review / pass2	UNKNOWN STEP	2026-08-15T05:40:54.0014573Z **Common thread:** Both trials hit `low_timeout = FAIL`, establishing a 
review / pass2	UNKNOWN STEP	2026-08-15T05:40:54.0014826Z consistent signal that the 600-second budget is systematically too tight for 
review / pass2	UNKNOWN STEP	2026-08-15T05:40:54.0015054Z this model/task combination regardless of agent quality.
review / pass2	UNKNOWN STEP	2026-08-15T05:40:54.0015172Z 
review / pass2	UNKNOWN STEP	2026-08-15T05:40:54.0015217Z ---
review / pass2	UNKNOWN STEP	2026-08-15T05:40:54.0015276Z 
review / pass2	UNKNOWN STEP	2026-08-15T05:40:54.0015333Z ## Golden vs Agent Values
review / pass2	UNKNOWN STEP	2026-08-15T05:40:54.0015412Z 
review / pass2	UNKNOWN STEP	2026-08-15T05:40:54.0015506Z | Quantity | Golden expected | Agent value | Off by | Trial(s) |
review / pass2	UNKNOWN STEP	2026-08-15T05:40:54.0015688Z |---|---|---|---|---|
review / pass2	UNKNOWN STEP	2026-08-15T05:40:54.0015879Z | All 19 orders — allocated_qty, shortfall_qty, limiting_resource |  | 
review / pass2	UNKNOWN STEP	2026-08-15T05:40:54.0016137Z **Unrecoverable** — no report.json produced | N/A | task__tDstETi |
review / pass2	UNKNOWN STEP	2026-08-15T05:40:54.0016387Z | O00_F — limiting_resource | "L13" | `null` | Gross req=14, avail=11, 
review / pass2	UNKNOWN STEP	2026-08-15T05:40:54.0016655Z ratio=0.786 → constraining; agent computed net req=3 (14−11 consumed from 
review / pass2	UNKNOWN STEP	2026-08-15T05:40:54.0033276Z snapshot), ratio=3.67 → not flagged | task__xdjjps9 |
review / pass2	UNKNOWN STEP	2026-08-15T05:40:54.0033604Z | O00_H — limiting_resource | "L15" | "WC6" | L15 ratio=0.9 < WC6 ratio=0.91 → 
review / pass2	UNKNOWN STEP	2026-08-15T05:40:54.0033903Z L15 more constraining; agent computed L15 net req=1 (10−9), ratio=9.0 → not 
review / pass2	UNKNOWN STEP	2026-08-15T05:40:54.0034131Z constraining; only WC6 detected | task__xdjjps9 |
review / pass2	UNKNOWN STEP	2026-08-15T05:40:54.0034638Z | O00_M — limiting_resource | "L21" | `null` | Gross req=2 (ceil(1×1×1.01)=2), 
review / pass2	UNKNOWN STEP	2026-08-15T05:40:54.0034999Z avail=1, ratio=0.5 → constraining; agent computed net req=1 (2−1), avail=1, 
review / pass2	UNKNOWN STEP	2026-08-15T05:40:54.0035230Z ratio=1.0 → not flagged | task__xdjjps9 |
review / pass2	UNKNOWN STEP	2026-08-15T05:40:54.0035459Z | O00_F / O00_H / O00_M — allocated_qty, shortfall_qty |  | **Matched** (all 
review / pass2	UNKNOWN STEP	2026-08-15T05:40:54.0035675Z correct) | — | task__xdjjps9 |
review / pass2	UNKNOWN STEP	2026-08-15T05:40:54.0035764Z 
review / pass2	UNKNOWN STEP	2026-08-15T05:40:54.0035806Z ---
review / pass2	UNKNOWN STEP	2026-08-15T05:40:54.0035870Z 
review / pass2	UNKNOWN STEP	2026-08-15T05:40:54.0035923Z ## Failing Tests
review / pass2	UNKNOWN STEP	2026-08-15T05:40:54.0035994Z 
review / pass2	UNKNOWN STEP	2026-08-15T05:40:54.0036129Z **task__tDstETi** — all 22 tests failed (ctrf.json confirmed, preferred source 
review / pass2	UNKNOWN STEP	2026-08-15T05:40:54.0036326Z present):
review / pass2	UNKNOWN STEP	2026-08-15T05:40:54.0036489Z - `test_file_exists_and_not_symlink` — `AssertionError: 
review / pass2	UNKNOWN STEP	2026-08-15T05:40:54.0036687Z os.path.exists('/app/report.json') is False`
review / pass2	UNKNOWN STEP	2026-08-15T05:40:54.0036931Z - 21 per-order allocation tests — `FileNotFoundError` (report.json absent)
review / pass2	UNKNOWN STEP	2026-08-15T05:40:54.0037081Z 
review / pass2	UNKNOWN STEP	2026-08-15T05:40:54.0037220Z **task__xdjjps9** — 3 tests failed (ctrf.json confirmed, preferred source 
review / pass2	UNKNOWN STEP	2026-08-15T05:40:54.0037412Z present):
review / pass2	UNKNOWN STEP	2026-08-15T05:40:54.0037568Z - `test_outputs.py::test_order_O00_F_allocation`
review / pass2	UNKNOWN STEP	2026-08-15T05:40:54.0037743Z - `test_outputs.py::test_order_O00_H_allocation`
review / pass2	UNKNOWN STEP	2026-08-15T05:40:54.0037909Z - `test_outputs.py::test_order_O00_M_allocation`
review / pass2	UNKNOWN STEP	2026-08-15T05:40:54.0038017Z 
review / pass2	UNKNOWN STEP	2026-08-15T05:40:54.0038123Z **Cross-trial pattern:** No test name fails uniformly across both trials 
review / pass2	UNKNOWN STEP	2026-08-15T05:40:54.0038376Z (task__tDstETi's failures are structurally caused by a missing file, not by the 
review / pass2	UNKNOWN STEP	2026-08-15T05:40:54.0038644Z same value errors that appear in task__xdjjps9). The three `limiting_resource` 
review / pass2	UNKNOWN STEP	2026-08-15T05:40:54.0038905Z failures in task__xdjjps9 are trial-specific; task__tDstETi cannot be assessed 
review / pass2	UNKNOWN STEP	2026-08-15T05:40:54.0039122Z for those same tests due to absent output.
review / pass2	UNKNOWN STEP	2026-08-15T05:40:54.0039225Z 
review / pass2	UNKNOWN STEP	2026-08-15T05:40:54.0039275Z ---
review / pass2	UNKNOWN STEP	2026-08-15T05:40:54.0039328Z 
review / pass2	UNKNOWN STEP	2026-08-15T05:40:54.0039390Z ## Golden Solution Approach
review / pass2	UNKNOWN STEP	2026-08-15T05:40:54.0039477Z 
review / pass2	UNKNOWN STEP	2026-08-15T05:40:54.0039584Z Both trials describe the same reference implementation (no discrepancy):
review / pass2	UNKNOWN STEP	2026-08-15T05:40:54.0039732Z 
review / pass2	UNKNOWN STEP	2026-08-15T05:40:54.0039826Z `simulate_explosion()` performs a **top-down BOM DAG traversal**:
review / pass2	UNKNOWN STEP	2026-08-15T05:40:54.0040118Z 1. **Stock netting at each node:** consume on-hand inventory before propagating 
review / pass2	UNKNOWN STEP	2026-08-15T05:40:54.0040316Z demand downward.
review / pass2	UNKNOWN STEP	2026-08-15T05:40:54.0040517Z 2. **Scrap computation:** `ceil(build_qty × qty_per × (1 + scrap_rate_pct/100)) 
review / pass2	UNKNOWN STEP	2026-08-15T05:40:54.0040714Z + setup_scrap_qty`.
review / pass2	UNKNOWN STEP	2026-08-15T05:40:54.0040881Z 3. **Batch rounding:** shortfalls rounded up to the nearest `batch_size` 
review / pass2	UNKNOWN STEP	2026-08-15T05:40:54.0041068Z multiple.
review / pass2	UNKNOWN STEP	2026-08-15T05:40:54.0041234Z 4. **Substitute consumption:** consumed in `preference_rank` order via floor 
review / pass2	UNKNOWN STEP	2026-08-15T05:40:54.0041445Z division of available stock.
review / pass2	UNKNOWN STEP	2026-08-15T05:40:54.0041658Z 5. **Workcenter hours:** `setup_hrs + run_per_unit_hrs × build_qty` accumulated 
review / pass2	UNKNOWN STEP	2026-08-15T05:40:54.0041860Z per routing.
review / pass2	UNKNOWN STEP	2026-08-15T05:40:54.0042005Z 6. **Order processing order:** priority ASC, order_id DESC.
review / pass2	UNKNOWN STEP	2026-08-15T05:40:54.0042232Z 7. **`allocated_qty`:** found by stepping down from max_units in `batch_size` 
review / pass2	UNKNOWN STEP	2026-08-15T05:40:54.0042424Z increments.
review / pass2	UNKNOWN STEP	2026-08-15T05:40:54.0042594Z 8. **`limiting_resource`:** resource with the lowest `available/required` ratio 
review / pass2	UNKNOWN STEP	2026-08-15T05:40:54.0042849Z below 1.0, evaluated against **initial (pre-allocation) resource state** for 
review / pass2	UNKNOWN STEP	2026-08-15T05:40:54.0043110Z `allocated_qty + batch_size` units. Crucially: **gross leaf demand** is recorded
review / pass2	UNKNOWN STEP	2026-08-15T05:40:54.0043396Z before any leaf inventory is consumed — leaf stock is never subtracted from the 
review / pass2	UNKNOWN STEP	2026-08-15T05:40:54.0043610Z requirement figure used in the ratio.
review / pass2	UNKNOWN STEP	2026-08-15T05:40:54.0043708Z 
review / pass2	UNKNOWN STEP	2026-08-15T05:40:54.0043749Z ---
review / pass2	UNKNOWN STEP	2026-08-15T05:40:54.0043808Z 
review / pass2	UNKNOWN STEP	2026-08-15T05:40:54.0043860Z ## Agent Approach
review / pass2	UNKNOWN STEP	2026-08-15T05:40:54.0043929Z 
review / pass2	UNKNOWN STEP	2026-08-15T05:40:54.0044125Z Both trials **independently converged** on the same high-level approach: read 
review / pass2	UNKNOWN STEP	2026-08-15T05:40:54.0044436Z the SQLite manufacturing database with Python's `sqlite3`, then implement a 
review / pass2	UNKNOWN STEP	2026-08-15T05:40:54.0044700Z simulation script mirroring the BOM explosion logic. This strong convergence 
review / pass2	UNKNOWN STEP	2026-08-15T05:40:54.0044964Z across independently run trials is consistent with training-data familiarity 
review / pass2	UNKNOWN STEP	2026-08-15T05:40:54.0045218Z with MRP/BOM solver patterns rather than first-principles derivation.
review / pass2	UNKNOWN STEP	2026-08-15T05:40:54.0045366Z 
review / pass2	UNKNOWN STEP	2026-08-15T05:40:54.0045472Z **task__tDstETi:** Agent ran `ls`, discovered `sqlite3` CLI absent, switched to 
review / pass2	UNKNOWN STEP	2026-08-15T05:40:54.0045727Z Python (step 2, t=14 s), inspected schema (step 3, t=25 s), printed all table 
review / pass2	UNKNOWN STEP	2026-08-15T05:40:54.0045973Z data (51 parts, 40 BOM edges, 8 workcenters, 16 routings, 8 substitutes, 19 
review / pass2	UNKNOWN STEP	2026-08-15T05:40:54.0046247Z orders; step 4, t=34 s). A 4th LLM call was initiated to generate the solver — 
review / pass2	UNKNOWN STEP	2026-08-15T05:40:54.0046504Z this call was still streaming when the 600-second timeout fired. No code was 
review / pass2	UNKNOWN STEP	2026-08-15T05:40:54.0046700Z ever emitted.
review / pass2	UNKNOWN STEP	2026-08-15T05:40:54.0046767Z 
review / pass2	UNKNOWN STEP	2026-08-15T05:40:54.0046854Z **task__xdjjps9:** Agent inspected schema, wrote a recursive 
review / pass2	UNKNOWN STEP	2026-08-15T05:40:54.0047095Z `required_resources` function implementing BOM explosion with lot-size rounding 
review / pass2	UNKNOWN STEP	2026-08-15T05:40:54.0047366Z and workcenter capacity tracking, generated `report.json` at step 5, then ran 
review / pass2	UNKNOWN STEP	2026-08-15T05:40:54.0047939Z two diagnostic steps (steps 6–7). At step 7 the agent printed `'leaf': {'L13': 
review / pass2	UNKNOWN STEP	2026-08-15T05:40:54.0048238Z 3.0}` (actual gross: 14), directly identifying the bug — `required_resources` 
review / pass2	UNKNOWN STEP	2026-08-15T05:40:54.0048484Z consumed leaf inventory from the state copy (`take = min(avail, qty); 
review / pass2	UNKNOWN STEP	2026-08-15T05:40:54.0048746Z state['inv'] -= take; need = qty - take`) and recorded only the residual `need`,
review / pass2	UNKNOWN STEP	2026-08-15T05:40:54.0049004Z making the ratio denominator the net shortfall rather than gross demand. The 
review / pass2	UNKNOWN STEP	2026-08-15T05:40:54.0049263Z timeout fired during the LLM call that would have emitted the corrected version.
review / pass2	UNKNOWN STEP	2026-08-15T05:40:54.0049422Z 
review / pass2	UNKNOWN STEP	2026-08-15T05:40:54.0049470Z ---
review / pass2	UNKNOWN STEP	2026-08-15T05:40:54.0049527Z 
review / pass2	UNKNOWN STEP	2026-08-15T05:40:54.0049573Z ## Approach Diff
review / pass2	UNKNOWN STEP	2026-08-15T05:40:54.0049641Z 
review / pass2	UNKNOWN STEP	2026-08-15T05:40:54.0049702Z | Trial | Divergence point | Effect |
review / pass2	UNKNOWN STEP	2026-08-15T05:40:54.0049841Z |---|---|---|
review / pass2	UNKNOWN STEP	2026-08-15T05:40:54.0050082Z | task__tDstETi | No divergence in logic; purely temporal — solver never emitted
review / pass2	UNKNOWN STEP	2026-08-15T05:40:54.0050286Z | All tests fail (absent file) |
review / pass2	UNKNOWN STEP	2026-08-15T05:40:54.0050482Z | task__xdjjps9 | In `required_resources`: leaf stock consumed from state copy 
review / pass2	UNKNOWN STEP	2026-08-15T05:40:54.0050762Z **before** recording leaf demand → `req = qty − min(avail, qty)` (net) instead 
review / pass2	UNKNOWN STEP	2026-08-15T05:40:54.0051021Z of `req = qty` (gross) | Ratio denominator under-stated for partially-covered 
review / pass2	UNKNOWN STEP	2026-08-15T05:40:54.0051313Z leaves → constraining leaves appear non-constraining → wrong `limiting_resource`
review / pass2	UNKNOWN STEP	2026-08-15T05:40:54.0051522Z for O00_F, O00_H, O00_M |
review / pass2	UNKNOWN STEP	2026-08-15T05:40:54.0051602Z 
review / pass2	UNKNOWN STEP	2026-08-15T05:40:54.0051720Z The task__xdjjps9 divergence is a **single-function, single-ordering error**: 
review / pass2	UNKNOWN STEP	2026-08-15T05:40:54.0051984Z the agent performed consumption and recording in the wrong sequence. The golden 
review / pass2	UNKNOWN STEP	2026-08-15T05:40:54.0052245Z approach records gross demand independently, then computes `curr_inv / 
review / pass2	UNKNOWN STEP	2026-08-15T05:40:54.0052500Z gross_demand`. The agent's net-first approach inflated the ratio whenever a leaf
review / pass2	UNKNOWN STEP	2026-08-15T05:40:54.0052790Z had partial coverage (e.g., L13: 14 gross, 11 available → net req=3, ratio=3.67 
review / pass2	UNKNOWN STEP	2026-08-15T05:40:54.0053038Z instead of 0.786), masking the constraint. All three failing test cases (O00_F, 
review / pass2	UNKNOWN STEP	2026-08-15T05:40:54.0053292Z O00_H, O00_M) were "trap" orders whose binding resource was a partially-covered 
review / pass2	UNKNOWN STEP	2026-08-15T05:40:54.0053486Z leaf component.
review / pass2	UNKNOWN STEP	2026-08-15T05:40:54.0053551Z 
review / pass2	UNKNOWN STEP	2026-08-15T05:40:54.0053594Z ---
review / pass2	UNKNOWN STEP	2026-08-15T05:40:54.0053650Z 
review / pass2	UNKNOWN STEP	2026-08-15T05:40:54.0053707Z ## Validity of Agent Approach
review / pass2	UNKNOWN STEP	2026-08-15T05:40:54.0053789Z 
review / pass2	UNKNOWN STEP	2026-08-15T05:40:54.0053932Z **approach_validity = PASS in both trials.** The agents used sound, 
review / pass2	UNKNOWN STEP	2026-08-15T05:40:54.0054260Z instruction-permitted methods — Python + SQLite simulation of the BOM explosion 
review / pass2	UNKNOWN STEP	2026-08-15T05:40:54.0054557Z — that directly match the golden approach at the architectural level. Neither 
review / pass2	UNKNOWN STEP	2026-08-15T05:40:54.0054822Z failure traces to an over-tight tolerance, undisclosed verifier convention, spec
review / pass2	UNKNOWN STEP	2026-08-15T05:40:54.0055026Z gap, or verifier bug.
review / pass2	UNKNOWN STEP	2026-08-15T05:40:54.0055103Z 
review / pass2	UNKNOWN STEP	2026-08-15T05:40:54.0055213Z - **task__tDstETi:** The approach was entirely correct; only wall-clock time was
review / pass2	UNKNOWN STEP	2026-08-15T05:40:54.0055467Z the blocker. This is a genuine model-speed limitation, not a task problem.
review / pass2	UNKNOWN STEP	2026-08-15T05:40:54.0055710Z - **task__xdjjps9:** The approach was substantively correct (19/22 tests 
review / pass2	UNKNOWN STEP	2026-08-15T05:40:54.0055989Z passing). The single bug — net vs. gross leaf demand — was self-diagnosed by the
review / pass2	UNKNOWN STEP	2026-08-15T05:40:54.0056249Z agent before timeout. The decisive rule (gross requirement, not net, as the 
review / pass2	UNKNOWN STEP	2026-08-15T05:40:54.0056513Z denominator) is **explicitly stated in instruction.md** ("The required amount 
review / pass2	UNKNOWN STEP	2026-08-15T05:40:54.0056770Z for any leaf component or workcenter must be the gross requirement calculated 
review / pass2	UNKNOWN STEP	2026-08-15T05:40:54.0057028Z after fully netting out any available stock of parent sub-assemblies"). The 
review / pass2	UNKNOWN STEP	2026-08-15T05:40:54.0057278Z agent misimplemented a disclosed rule; it was not defeated by a hidden 
review / pass2	UNKNOWN STEP	2026-08-15T05:40:54.0057470Z convention.
review / pass2	UNKNOWN STEP	2026-08-15T05:40:54.0057534Z 
review / pass2	UNKNOWN STEP	2026-08-15T05:40:54.0057641Z **Conclusion: the difficulty is genuine.** The task's multi-constraint MRP 
review / pass2	UNKNOWN STEP	2026-08-15T05:40:54.0057905Z simulation is complex enough to cause both timeout and subtle implementation 
review / pass2	UNKNOWN STEP	2026-08-15T05:40:54.0058148Z errors in independent trials. No task/verifier fix is indicated.
review / pass2	UNKNOWN STEP	2026-08-15T05:40:54.0058280Z 
review / pass2	UNKNOWN STEP	2026-08-15T05:40:54.0058324Z ---
review / pass2	UNKNOWN STEP	2026-08-15T05:40:54.0058381Z 
review / pass2	UNKNOWN STEP	2026-08-15T05:40:54.0058432Z ## Rubric Aggregate
review / pass2	UNKNOWN STEP	2026-08-15T05:40:54.0058499Z 
review / pass2	UNKNOWN STEP	2026-08-15T05:40:54.0058562Z | Criterion | PASS | FAIL | NA | Pattern |
review / pass2	UNKNOWN STEP	2026-08-15T05:40:54.0058712Z |---|---|---|---|---|
review / pass2	UNKNOWN STEP	2026-08-15T05:40:54.0058922Z | task_specification | 2 | 0 | 0 | Consistent PASS — instruction.md is complete 
review / pass2	UNKNOWN STEP	2026-08-15T05:40:54.0059165Z and precise; all failures trace to agent execution, not spec gaps |
review / pass2	UNKNOWN STEP	2026-08-15T05:40:54.0060056Z | reward_hacking | 2 | 0 | 0 | Consistent PASS — no access to 
review / pass2	UNKNOWN STEP	2026-08-15T05:40:54.0060262Z solutions/tests/reward files observed in either trial |
review / pass2	UNKNOWN STEP	2026-08-15T05:40:54.0060567Z | difficulty_crux | 2 | 0 | 0 | Consistent PASS — both failures map directly to 
review / pass2	UNKNOWN STEP	2026-08-15T05:40:54.0060797Z the task's stated crux (multi-constraint MRP simulation) |
review / pass2	UNKNOWN STEP	2026-08-15T05:40:54.0061038Z | near_miss | 1 | 1 | 0 | Split — task__xdjjps9 FAIL (19/22 passing, bug 
review / pass2	UNKNOWN STEP	2026-08-15T05:40:54.0061279Z self-diagnosed, timeout prevented fix = clear near-miss); task__tDstETi PASS 
review / pass2	UNKNOWN STEP	2026-08-15T05:40:54.0061501Z (zero output, no near-miss to measure) |
review / pass2	UNKNOWN STEP	2026-08-15T05:40:54.0061723Z | refusals | 2 | 0 | 0 | Consistent PASS — no refusal language observed; both 
review / pass2	UNKNOWN STEP	2026-08-15T05:40:54.0061928Z agents engaged fully with the task |
review / pass2	UNKNOWN STEP	2026-08-15T05:40:54.0062150Z | low_timeout | 0 | 2 | 0 | Consistent FAIL — the 600-second budget is too tight
review / pass2	UNKNOWN STEP	2026-08-15T05:40:54.0062402Z for DeepSeek V4-Pro at high reasoning effort to complete this task; both trials 
review / pass2	UNKNOWN STEP	2026-08-15T05:40:54.0062616Z were actively making progress when cut off |
review / pass2	UNKNOWN STEP	2026-08-15T05:40:54.0062853Z | approach_validity | 2 | 0 | 0 | Consistent PASS — agent approaches are sound 
review / pass2	UNKNOWN STEP	2026-08-15T05:40:54.0063095Z and instruction-permitted; failures are genuine agent limitations |
review / pass2	UNKNOWN STEP	2026-08-15T05:40:54.0063237Z 
review / pass2	UNKNOWN STEP	2026-08-15T05:40:54.0063284Z **Key signals:**
review / pass2	UNKNOWN STEP	2026-08-15T05:40:54.0063445Z - **low_timeout (2/2 FAIL):** The strongest rubric signal. Both trials show 
review / pass2	UNKNOWN STEP	2026-08-15T05:40:54.0063702Z productive work being interrupted at the model-API-call level (task__tDstETi: 
review / pass2	UNKNOWN STEP	2026-08-15T05:40:54.0063968Z solver generation; task__xdjjps9: fix generation). The timeout is the dominant 
review / pass2	UNKNOWN STEP	2026-08-15T05:40:54.0064178Z failure driver across the pass set.
review / pass2	UNKNOWN STEP	2026-08-15T05:40:54.0064457Z - **near_miss (1 FAIL):** task__xdjjps9 demonstrates the task rewards correct 
review / pass2	UNKNOWN STEP	2026-08-15T05:40:54.0064853Z partial work — 19/22 tests passed without any timeout issue on the allocation 
review / pass2	UNKNOWN STEP	2026-08-15T05:40:54.0065111Z logic. This confirms the task difficulty is real and graded: agents that get the
review / pass2	UNKNOWN STEP	2026-08-15T05:40:54.0065330Z limiting_resource logic right would score higher.
review / pass2	UNKNOWN STEP	2026-08-15T05:40:54.0065544Z - **refusals (0 FAIL):** No sensitive-word or policy trigger detected. Task 
review / pass2	UNKNOWN STEP	2026-08-15T05:40:54.0065730Z framing is neutral.
review / pass2	UNKNOWN STEP	2026-08-15T05:40:54.0065902Z - **approach_validity (0 FAIL):** No task/verifier fix indicated. Failures are 
review / pass2	UNKNOWN STEP	2026-08-15T05:40:54.0066161Z attributed to agent speed and a single implementation-ordering error, both 
review / pass2	UNKNOWN STEP	2026-08-15T05:40:54.0066360Z legitimate difficulty.
review / pass2	UNKNOWN STEP	2026-08-15T05:40:54.0066439Z 
review / pass2	UNKNOWN STEP	2026-08-15T05:40:54.0066483Z ---
review / pass2	UNKNOWN STEP	2026-08-15T05:40:54.0066537Z 
review / pass2	UNKNOWN STEP	2026-08-15T05:40:54.0066582Z ## Summary
review / pass2	UNKNOWN STEP	2026-08-15T05:40:54.0066642Z 
review / pass2	UNKNOWN STEP	2026-08-15T05:40:54.0066786Z ANALYSIS COMPLETE — Both failures are driven by the 600-second timeout being 
review / pass2	UNKNOWN STEP	2026-08-15T05:40:54.0067048Z systematically too tight for this model/task combination: one trial produced no 
review / pass2	UNKNOWN STEP	2026-08-15T05:40:54.0067318Z output (pure speed failure), the other produced a 19/22-passing near-miss with 
review / pass2	UNKNOWN STEP	2026-08-15T05:40:54.0067579Z the limiting-resource bug self-diagnosed but unfixed before cutoff; the task 
review / pass2	UNKNOWN STEP	2026-08-15T05:40:54.0067835Z specification and verifier are sound, and the difficulty is genuine.
review / pass2	UNKNOWN STEP	2026-08-15T05:40:54.0067996Z 
review / pass2	UNKNOWN STEP	2026-08-15T05:40:54.0068104Z Summary: Outcome: FAIL, reward=0, failure taxonomy: low_timeout. The agent was 
review / pass2	UNKNOWN STEP	2026-08-15T05:40:54.0068360Z actively generating the Python MRP solver when the 600-second agent timeout 
review / pass2	UNKNOWN STEP	2026-08-15T05:40:54.0068573Z fired; no /app/report.json was produced.
review / pass2	UNKNOWN STEP	2026-08-15T05:40:54.0068673Z 
review / pass2	UNKNOWN STEP	2026-08-15T05:40:54.0068775Z Failing tests: All 22 tests in test_outputs.py failed — 
review / pass2	UNKNOWN STEP	2026-08-15T05:40:54.0068971Z test_file_exists_and_not_symlink with AssertionError 
review / pass2	UNKNOWN STEP	2026-08-15T05:40:54.0069194Z (os.path.exists('/app/report.json') is False), and the remaining 21 with 
review / pass2	UNKNOWN STEP	2026-08-15T05:40:54.0069444Z FileNotFoundError. Source: ctrf.json (preferred source, present).
review / pass2	UNKNOWN STEP	2026-08-15T05:40:54.0069585Z 
review / pass2	UNKNOWN STEP	2026-08-15T05:40:54.0069688Z Golden vs agent values: No output was produced. All 19 order allocations 
review / pass2	UNKNOWN STEP	2026-08-15T05:40:54.0069970Z (allocated_qty, shortfall_qty, limiting_resource) are unrecoverable for this 
review / pass2	UNKNOWN STEP	2026-08-15T05:40:54.0070238Z trial. Artifacts manifest.json confirms status "failed" for /app/report.json. No
review / pass2	UNKNOWN STEP	2026-08-15T05:40:54.0070445Z fallback values available.
review / pass2	UNKNOWN STEP	2026-08-15T05:40:54.0070527Z 
review / pass2	UNKNOWN STEP	2026-08-15T05:40:54.0070641Z Golden approach: solve.py implements a simulate_explosion() function that does 
review / pass2	UNKNOWN STEP	2026-08-15T05:40:54.0070912Z top-down BOM DAG traversal — consuming on-hand stock at each node, 
review / pass2	UNKNOWN STEP	2026-08-15T05:40:54.0071159Z batch-rounding shortfalls, computing scrap (ceil(build_qty * qty_per * (1 + 
review / pass2	UNKNOWN STEP	2026-08-15T05:40:54.0071413Z scrap_pct/100)) + setup_scrap_qty), accumulating workcenter hours (setup + 
review / pass2	UNKNOWN STEP	2026-08-15T05:40:54.0071669Z run_per_unit * build_qty), and consuming substitutes in preference_rank order 
review / pass2	UNKNOWN STEP	2026-08-15T05:40:54.0071915Z via floor division. Orders are sorted by priority ASC, order_id DESC; 
review / pass2	UNKNOWN STEP	2026-08-15T05:40:54.0072169Z allocated_qty is found by stepping down from max_units in batch_size increments;
review / pass2	UNKNOWN STEP	2026-08-15T05:40:54.0072431Z limiting_resource is the resource with the lowest available/required ratio below
review / pass2	UNKNOWN STEP	2026-08-15T05:40:54.0072693Z 1.0, evaluated against the initial resource state for allocated_qty + batch_size
review / pass2	UNKNOWN STEP	2026-08-15T05:40:54.0072888Z units.
review / pass2	UNKNOWN STEP	2026-08-15T05:40:54.0072944Z 
review / pass2	UNKNOWN STEP	2026-08-15T05:40:54.0073048Z Agent approach: Step 2 (t=14s): discovered sqlite3 CLI absent, switched to 
review / pass2	UNKNOWN STEP	2026-08-15T05:40:54.0073292Z Python. Step 3 (t=25s): inspected schema via Python sqlite3. Step 4 (t=34s): 
review / pass2	UNKNOWN STEP	2026-08-15T05:40:54.0073541Z printed all table rows (51 parts, 40 BOM edges, 8 workcenters, 16 routings, 8 
review / pass2	UNKNOWN STEP	2026-08-15T05:40:54.0073797Z substitutes, 19 orders). After step 4, a 4th LLM call was placed to generate the
review / pass2	UNKNOWN STEP	2026-08-15T05:40:54.0074118Z Python solver script; this call ran for ~566 seconds before the 600-second agent
review / pass2	UNKNOWN STEP	2026-08-15T05:40:54.0074416Z timeout killed it (traceback shows asyncio.CancelledError mid-httpx stream 
review / pass2	UNKNOWN STEP	2026-08-15T05:40:54.0074665Z read). The trajectory has exactly 4 steps (3 agent turns), confirming 3 
review / pass2	UNKNOWN STEP	2026-08-15T05:40:54.0074868Z completed API calls and 1 incomplete.
review / pass2	UNKNOWN STEP	2026-08-15T05:40:54.0074964Z 
review / pass2	UNKNOWN STEP	2026-08-15T05:40:54.0075072Z Approach diff: The agent's planned approach was sound and matched the golden 
review / pass2	UNKNOWN STEP	2026-08-15T05:40:54.0075328Z method (Python script reading SQLite then simulating MRP). The divergence was 
review / pass2	UNKNOWN STEP	2026-08-15T05:40:54.0075587Z purely a time issue: DeepSeek V4-Pro with high reasoning effort required ~9+ 
review / pass2	UNKNOWN STEP	2026-08-15T05:40:54.0075842Z minutes to reason through and generate the ~300-line solver, exceeding the 
review / pass2	UNKNOWN STEP	2026-08-15T05:40:54.0076097Z 600-second budget. The agent had all the data it needed at step 4 (t=34s) and 
review / pass2	UNKNOWN STEP	2026-08-15T05:40:54.0076340Z diverged from the golden approach only by lacking time to emit code.
review / pass2	UNKNOWN STEP	2026-08-15T05:40:54.0076483Z 
review / pass2	UNKNOWN STEP	2026-08-15T05:40:54.0076628Z Artifacts: Missing — manifest.json lists /app/report.json with status "failed". 
review / pass2	UNKNOWN STEP	2026-08-15T05:40:54.0076894Z No artifacts/app/report.json file exists. Agent output values are unrecoverable;
review / pass2	UNKNOWN STEP	2026-08-15T05:40:54.0077099Z recommend a re-run.
review / pass2	UNKNOWN STEP	2026-08-15T05:40:54.0077170Z 
review / pass2	UNKNOWN STEP	2026-08-15T05:40:54.0077264Z                               Trial: task__tDstETi                              
review / pass2	UNKNOWN STEP	2026-08-15T05:40:54.0077520Z ┏━━━━━━━━━━━━━━━━━━━━━━━━━┳━━━━━━━━━┳━━━━━━━━━━━━━━━━━━━━━━━━━━━━━━━━━━━━━━━━━━┓
review / pass2	UNKNOWN STEP	2026-08-15T05:40:54.0077761Z ┃ Check                   ┃ Outcome ┃ Explanation                              ┃
review / pass2	UNKNOWN STEP	2026-08-15T05:40:54.0078020Z ┡━━━━━━━━━━━━━━━━━━━━━━━━━╇━━━━━━━━━╇━━━━━━━━━━━━━━━━━━━━━━━━━━━━━━━━━━━━━━━━━━┩
review / pass2	UNKNOWN STEP	2026-08-15T05:40:54.0078275Z │ Task Specification      │ pass    │ instruction.md is detailed and complete: │
review / pass2	UNKNOWN STEP	2026-08-15T05:40:54.0078530Z │                         │         │ it specifies the BOM explosion           │
review / pass2	UNKNOWN STEP	2026-08-15T05:40:54.0078762Z │                         │         │ algorithm, scrap formula (ceil(build_qty │
review / pass2	UNKNOWN STEP	2026-08-15T05:40:54.0078993Z │                         │         │ * qty_per * (1 + scrap_rate_pct/100)) +  │
review / pass2	UNKNOWN STEP	2026-08-15T05:40:54.0079213Z │                         │         │ setup_scrap_qty), batch_size rounding,   │
review / pass2	UNKNOWN STEP	2026-08-15T05:40:54.0079442Z │                         │         │ substitute preference_rank ordering,     │
review / pass2	UNKNOWN STEP	2026-08-15T05:40:54.0079667Z │                         │         │ workcenter hour accounting,              │
review / pass2	UNKNOWN STEP	2026-08-15T05:40:54.0079924Z │                         │         │ limiting_resource ratio calculation      │
review / pass2	UNKNOWN STEP	2026-08-15T05:40:54.0080145Z │                         │         │ using initial (pre-allocation) resource  │
review / pass2	UNKNOWN STEP	2026-08-15T05:40:54.0080369Z │                         │         │ state, and exact JSON output format. All │
review / pass2	UNKNOWN STEP	2026-08-15T05:40:54.0080593Z │                         │         │ test failures stem from the absent       │
review / pass2	UNKNOWN STEP	2026-08-15T05:40:54.0080816Z │                         │         │ report.json, not from spec gaps.         │
review / pass2	UNKNOWN STEP	2026-08-15T05:40:54.0081068Z ├─────────────────────────┼─────────┼──────────────────────────────────────────┤
review / pass2	UNKNOWN STEP	2026-08-15T05:40:54.0081315Z │ Reward Hacking          │ pass    │ The trajectory shows no access to tests/ │
review / pass2	UNKNOWN STEP	2026-08-15T05:40:54.0081561Z │                         │         │ or solution/ directories, no writes to   │
review / pass2	UNKNOWN STEP	2026-08-15T05:40:54.0081783Z │                         │         │ verifier/reward.txt, and no manipulation │
review / pass2	UNKNOWN STEP	2026-08-15T05:40:54.0082008Z │                         │         │ of the grading mechanism. The agent ran  │
review / pass2	UNKNOWN STEP	2026-08-15T05:40:54.0082228Z │                         │         │ ls, inspected the manufacturing.db       │
review / pass2	UNKNOWN STEP	2026-08-15T05:40:54.0082454Z │                         │         │ schema and data, and was generating a    │
review / pass2	UNKNOWN STEP	2026-08-15T05:40:54.0082677Z │                         │         │ legitimate Python MRP solver when cut    │
review / pass2	UNKNOWN STEP	2026-08-15T05:40:54.0082944Z │                         │         │ off.                                     │
review / pass2	UNKNOWN STEP	2026-08-15T05:40:54.0083252Z ├─────────────────────────┼─────────┼──────────────────────────────────────────┤
review / pass2	UNKNOWN STEP	2026-08-15T05:40:54.0083506Z │ Difficulty Crux         │ pass    │ task.toml difficulty_explanation         │
review / pass2	UNKNOWN STEP	2026-08-15T05:40:54.0083759Z │                         │         │ identifies the crux as 'complex          │
review / pass2	UNKNOWN STEP	2026-08-15T05:40:54.0083983Z │                         │         │ multi-level MRP simulation combining     │
review / pass2	UNKNOWN STEP	2026-08-15T05:40:54.0084211Z │                         │         │ top-down BOM DAG explosion, routing      │
review / pass2	UNKNOWN STEP	2026-08-15T05:40:54.0084457Z │                         │         │ workcenter capacity limits, scrap,       │
review / pass2	UNKNOWN STEP	2026-08-15T05:40:54.0084685Z │                         │         │ substitute conversions, batch_size lot   │
review / pass2	UNKNOWN STEP	2026-08-15T05:40:54.0084913Z │                         │         │ rounding, leftover stock crediting, and  │
review / pass2	UNKNOWN STEP	2026-08-15T05:40:54.0085137Z │                         │         │ identifying binding bottleneck           │
review / pass2	UNKNOWN STEP	2026-08-15T05:40:54.0085366Z │                         │         │ resources.' The agent's 4th LLM call was │
review / pass2	UNKNOWN STEP	2026-08-15T05:40:54.0085591Z │                         │         │ timed out while the model was reasoning  │
review / pass2	UNKNOWN STEP	2026-08-15T05:40:54.0085812Z │                         │         │ through exactly these interlocking       │
review / pass2	UNKNOWN STEP	2026-08-15T05:40:54.0086033Z │                         │         │ constraints — the task's complexity is   │
review / pass2	UNKNOWN STEP	2026-08-15T05:40:54.0086253Z │                         │         │ what caused the LLM to need >600 seconds │
review / pass2	UNKNOWN STEP	2026-08-15T05:40:54.0086470Z │                         │         │ to generate the solver. The failure is   │
review / pass2	UNKNOWN STEP	2026-08-15T05:40:54.0086693Z │                         │         │ causally linked to the intended          │
review / pass2	UNKNOWN STEP	2026-08-15T05:40:54.0086909Z │                         │         │ difficulty.                              │
review / pass2	UNKNOWN STEP	2026-08-15T05:40:54.0087146Z ├─────────────────────────┼─────────┼──────────────────────────────────────────┤
review / pass2	UNKNOWN STEP	2026-08-15T05:40:54.0087408Z │ Near Miss               │ pass    │ No output was produced; /app/report.json │
review / pass2	UNKNOWN STEP	2026-08-15T05:40:54.0087651Z │                         │         │ does not exist. The agent never          │
review / pass2	UNKNOWN STEP	2026-08-15T05:40:54.0087870Z │                         │         │ converged on a usable answer, so there   │
review / pass2	UNKNOWN STEP	2026-08-15T05:40:54.0088093Z │                         │         │ is no quantitative near-miss to measure. │
review / pass2	UNKNOWN STEP	2026-08-15T05:40:54.0088317Z │                         │         │ This is a complete non-delivery due to   │
review / pass2	UNKNOWN STEP	2026-08-15T05:40:54.0088540Z │                         │         │ timeout, not a solution that missed a    │
review / pass2	UNKNOWN STEP	2026-08-15T05:40:54.0088762Z │                         │         │ threshold by a small margin.             │
review / pass2	UNKNOWN STEP	2026-08-15T05:40:54.0089003Z ├─────────────────────────┼─────────┼──────────────────────────────────────────┤
review / pass2	UNKNOWN STEP	2026-08-15T05:40:54.0089247Z │ Refusals                │ pass    │ The agent engaged the task throughout —  │
review / pass2	UNKNOWN STEP	2026-08-15T05:40:54.0089549Z │                         │         │ exploring the DB schema, printing all    │
review / pass2	UNKNOWN STEP	2026-08-15T05:40:54.0089811Z │                         │         │ table rows, and initiating a 4th LLM     │
review / pass2	UNKNOWN STEP	2026-08-15T05:40:54.0090067Z │                         │         │ call to generate the solver. No refusal  │
review / pass2	UNKNOWN STEP	2026-08-15T05:40:54.0090289Z │                         │         │ language or policy-based abort appears   │
review / pass2	UNKNOWN STEP	2026-08-15T05:40:54.0090516Z │                         │         │ anywhere in the 4-step trajectory.       │
review / pass2	UNKNOWN STEP	2026-08-15T05:40:54.0090760Z ├─────────────────────────┼─────────┼──────────────────────────────────────────┤
review / pass2	UNKNOWN STEP	2026-08-15T05:40:54.0091005Z │ Low Timeout             │ fail    │ After collecting all necessary data in   │
review / pass2	UNKNOWN STEP	2026-08-15T05:40:54.0091245Z │                         │         │ ~34 seconds (steps 2-4), the agent       │
review / pass2	UNKNOWN STEP	2026-08-15T05:40:54.0091473Z │                         │         │ placed a 4th LLM API call to generate    │
review / pass2	UNKNOWN STEP	2026-08-15T05:40:54.0091697Z │                         │         │ the Python MRP solver. The traceback     │
review / pass2	UNKNOWN STEP	2026-08-15T05:40:54.0091925Z │                         │         │ shows this call was still reading the    │
review / pass2	UNKNOWN STEP	2026-08-15T05:40:54.0092152Z │                         │         │ LLM response stream                      │
review / pass2	UNKNOWN STEP	2026-08-15T05:40:54.0092371Z │                         │         │ (asyncio.CancelledError from             │
review / pass2	UNKNOWN STEP	2026-08-15T05:40:54.0092594Z │                         │         │ httpx/aiohttp) when the 600-second agent │
review / pass2	UNKNOWN STEP	2026-08-15T05:40:54.0092811Z │                         │         │ timeout fired at 05:34:48 —              │
review / pass2	UNKNOWN STEP	2026-08-15T05:40:54.0093031Z │                         │         │ approximately 566 seconds into that      │
review / pass2	UNKNOWN STEP	2026-08-15T05:40:54.0093251Z │                         │         │ single LLM call. The agent was actively  │
review / pass2	UNKNOWN STEP	2026-08-15T05:40:54.0093473Z │                         │         │ doing productive work (the model was     │
review / pass2	UNKNOWN STEP	2026-08-15T05:40:54.0093705Z │                         │         │ reasoning through and generating the     │
review / pass2	UNKNOWN STEP	2026-08-15T05:40:54.0093938Z │                         │         │ ~300-line solver code) when cut off. The │
review / pass2	UNKNOWN STEP	2026-08-15T05:40:54.0094165Z │                         │         │ timeout is insufficient for DeepSeek     │
review / pass2	UNKNOWN STEP	2026-08-15T05:40:54.0094387Z │                         │         │ V4-Pro at high reasoning effort to       │
review / pass2	UNKNOWN STEP	2026-08-15T05:40:54.0094610Z │                         │         │ handle this task complexity.             │
review / pass2	UNKNOWN STEP	2026-08-15T05:40:54.0094851Z ├─────────────────────────┼─────────┼──────────────────────────────────────────┤
review / pass2	UNKNOWN STEP	2026-08-15T05:40:54.0095102Z │ Approach Validity       │ pass    │ The agent's approach — explore SQLite    │
review / pass2	UNKNOWN STEP	2026-08-15T05:40:54.0095347Z │                         │         │ schema and data with Python, then        │
review / pass2	UNKNOWN STEP	2026-08-15T05:40:54.0095569Z │                         │         │ generate a Python MRP solver — is        │
review / pass2	UNKNOWN STEP	2026-08-15T05:40:54.0095789Z │                         │         │ exactly the golden approach and is fully │
review / pass2	UNKNOWN STEP	2026-08-15T05:40:54.0096022Z │                         │         │ permitted by instruction.md (which       │
review / pass2	UNKNOWN STEP	2026-08-15T05:40:54.0096253Z │                         │         │ imposes no constraints on implementation │
review / pass2	UNKNOWN STEP	2026-08-15T05:40:54.0096476Z │                         │         │ language or method). The failure is not  │
review / pass2	UNKNOWN STEP	2026-08-15T05:40:54.0096702Z │                         │         │ caused by any task/verifier problem; no  │
review / pass2	UNKNOWN STEP	2026-08-15T05:40:54.0096922Z │                         │         │ verifier check rejected a produced       │
review / pass2	UNKNOWN STEP	2026-08-15T05:40:54.0097145Z │                         │         │ value. The failure reflects a legitimate │
review / pass2	UNKNOWN STEP	2026-08-15T05:40:54.0097365Z │                         │         │ agent limitation: the chosen model       │
review / pass2	UNKNOWN STEP	2026-08-15T05:40:54.0097592Z │                         │         │ (DeepSeek V4-Pro, high reasoning effort) │
review / pass2	UNKNOWN STEP	2026-08-15T05:40:54.0097814Z │                         │         │ could not generate the complex solver    │
review / pass2	UNKNOWN STEP	2026-08-15T05:40:54.0098040Z │                         │         │ script within the 600-second budget.     │
review / pass2	UNKNOWN STEP	2026-08-15T05:40:54.0098347Z ├─────────────────────────┼─────────┼──────────────────────────────────────────┤
review / pass2	UNKNOWN STEP	2026-08-15T05:40:54.0098638Z │ Decisive Rule Disclosed │ pass    │ The agent failed broadly — all 22 tests  │
review / pass2	UNKNOWN STEP	2026-08-15T05:40:54.0098893Z │                         │         │ failed with FileNotFoundError because no │
review / pass2	UNKNOWN STEP	2026-08-15T05:40:54.0099116Z │                         │         │ output file was produced. There is no    │
review / pass2	UNKNOWN STEP	2026-08-15T05:40:54.0099404Z │                         │         │ single deciding rule or format           │
review / pass2	UNKNOWN STEP	2026-08-15T05:40:54.0099626Z │                         │         │ convention that turned the reward to 0;  │
review / pass2	UNKNOWN STEP	2026-08-15T05:40:54.0099852Z │                         │         │ the entire failure traces to the absent  │
review / pass2	UNKNOWN STEP	2026-08-15T05:40:54.0100101Z │                         │         │ report.json, which in turn traces to the │
review / pass2	UNKNOWN STEP	2026-08-15T05:40:54.0100325Z │                         │         │ LLM timeout. Per the criterion, when the │
review / pass2	UNKNOWN STEP	2026-08-15T05:40:54.0100558Z │                         │         │ agent 'failed broadly (structurally      │
review / pass2	UNKNOWN STEP	2026-08-15T05:40:54.0100783Z │                         │         │ wrong output, gave up, many unrelated    │
review / pass2	UNKNOWN STEP	2026-08-15T05:40:54.0101006Z │                         │         │ failures), there is no single deciding   │
review / pass2	UNKNOWN STEP	2026-08-15T05:40:54.0101223Z │                         │         │ rule — mark PASS.'                       │
review / pass2	UNKNOWN STEP	2026-08-15T05:40:54.0101465Z ├─────────────────────────┼─────────┼──────────────────────────────────────────┤
review / pass2	UNKNOWN STEP	2026-08-15T05:40:54.0101709Z │ Spec Consistency        │ pass    │ The failure does not trace to any        │
review / pass2	UNKNOWN STEP	2026-08-15T05:40:54.0101957Z │                         │         │ contradiction, ambiguity, or authority   │
review / pass2	UNKNOWN STEP	2026-08-15T05:40:54.0102181Z │                         │         │ inversion in the spec. instruction.md is │
review / pass2	UNKNOWN STEP	2026-08-15T05:40:54.0102403Z │                         │         │ internally consistent and matches the    │
review / pass2	UNKNOWN STEP	2026-08-15T05:40:54.0102632Z │                         │         │ verifier's expectations. The agent       │
review / pass2	UNKNOWN STEP	2026-08-15T05:40:54.0102860Z │                         │         │ produced no output at all; there is no   │
review / pass2	UNKNOWN STEP	2026-08-15T05:40:54.0103086Z │                         │         │ implementation decision by the agent to  │
review / pass2	UNKNOWN STEP	2026-08-15T05:40:54.0103312Z │                         │         │ compare against a conflicting spec       │
review / pass2	UNKNOWN STEP	2026-08-15T05:40:54.0103534Z │                         │         │ statement.                               │
review / pass2	UNKNOWN STEP	2026-08-15T05:40:54.0103772Z └─────────────────────────┴─────────┴──────────────────────────────────────────┘
review / pass2	UNKNOWN STEP	2026-08-15T05:40:54.0110502Z 
review / pass2	UNKNOWN STEP	2026-08-15T05:40:54.0110620Z Summary: **Outcome:** FAIL, reward=0. Analytical failure (bug in leaf demand 
review / pass2	UNKNOWN STEP	2026-08-15T05:40:54.0110881Z computation within the limiting-resource analysis function). 19/22 tests passed;
review / pass2	UNKNOWN STEP	2026-08-15T05:40:54.0111108Z 3 tests failed on `limiting_resource` values.
review / pass2	UNKNOWN STEP	2026-08-15T05:40:54.0111247Z 
review / pass2	UNKNOWN STEP	2026-08-15T05:40:54.0111350Z **Failing tests** (from ctrf.json): 
review / pass2	UNKNOWN STEP	2026-08-15T05:40:54.0111605Z `test_outputs.py::test_order_O00_F_allocation`, 
review / pass2	UNKNOWN STEP	2026-08-15T05:40:54.0111822Z `test_outputs.py::test_order_O00_H_allocation`, 
review / pass2	UNKNOWN STEP	2026-08-15T05:40:54.0111992Z `test_outputs.py::test_order_O00_M_allocation`.
review / pass2	UNKNOWN STEP	2026-08-15T05:40:54.0112101Z 
review / pass2	UNKNOWN STEP	2026-08-15T05:40:54.0112201Z **Golden vs agent values (limiting_resource only; all allocated_qty / 
review / pass2	UNKNOWN STEP	2026-08-15T05:40:54.0112393Z shortfall_qty matched):**
review / pass2	UNKNOWN STEP	2026-08-15T05:40:54.0112573Z - O00_F: expected "L13", got `null`. Correct gross leaf req=14, avail=11, 
review / pass2	UNKNOWN STEP	2026-08-15T05:40:54.0112858Z ratio=0.786 → L13. Agent computed req=3 (14 minus 11 consumed from leaf state 
review / pass2	UNKNOWN STEP	2026-08-15T05:40:54.0113115Z snapshot), avail=11, ratio=3.67 → not constraining → None.
review / pass2	UNKNOWN STEP	2026-08-15T05:40:54.0113330Z - O00_H: expected "L15", got "WC6". Correct gross L15 req=10, avail=9, 
review / pass2	UNKNOWN STEP	2026-08-15T05:40:54.0113570Z ratio=0.9; WC6 req=9.0, avail=8.2, ratio=0.91. L15 is more constraining (0.9 < 
review / pass2	UNKNOWN STEP	2026-08-15T05:40:54.0113849Z 0.91). Agent computed req L15=1 (10 minus 9 consumed), avail=9, ratio=9.0 → not 
review / pass2	UNKNOWN STEP	2026-08-15T05:40:54.0114060Z constraining; only WC6 detected below 1.
review / pass2	UNKNOWN STEP	2026-08-15T05:40:54.0114293Z - O00_M: expected "L21", got `null`. Correct gross L21 req=2 (ceil(1×1×1.01)=2),
review / pass2	UNKNOWN STEP	2026-08-15T05:40:54.0114531Z avail=1, ratio=0.5. Agent computed req=1 (2 minus 1 consumed), avail=1, 
review / pass2	UNKNOWN STEP	2026-08-15T05:40:54.0114757Z ratio=1.0 → not below 1 → None.
review / pass2	UNKNOWN STEP	2026-08-15T05:40:54.0114842Z 
review / pass2	UNKNOWN STEP	2026-08-15T05:40:54.0114945Z **Golden approach:** `simulate_explosion` in analysis mode accumulates 
review / pass2	UNKNOWN STEP	2026-08-15T05:40:54.0115199Z `gross_leaf_demand` (raw leaf demand before any leaf inventory consumption) and 
review / pass2	UNKNOWN STEP	2026-08-15T05:40:54.0115465Z `gross_wc_demand`, returns them as separate outputs. Limiting-resource ratio is 
review / pass2	UNKNOWN STEP	2026-08-15T05:40:54.0115749Z `eff_avail / req` where `eff_avail = curr_inv` and `req = gross_leaf_demand` — 
review / pass2	UNKNOWN STEP	2026-08-15T05:40:54.0115954Z leaf stock is never subtracted from `req`.
review / pass2	UNKNOWN STEP	2026-08-15T05:40:54.0116057Z 
review / pass2	UNKNOWN STEP	2026-08-15T05:40:54.0116167Z **Agent approach:** Wrote a `required_resources` recursive function that, when 
review / pass2	UNKNOWN STEP	2026-08-15T05:40:54.0116429Z it reached a leaf node, first consumed the leaf's primary stock from the state 
review / pass2	UNKNOWN STEP	2026-08-15T05:40:54.0116688Z copy (`take = min(avail, qty); state['inv'] -= take; need = qty - take`), then 
review / pass2	UNKNOWN STEP	2026-08-15T05:40:54.0116940Z recorded only the residual `need` as the leaf requirement. Then computed the 
review / pass2	UNKNOWN STEP	2026-08-15T05:40:54.0117193Z ratio as `initial_state['inv'] / need`, inflating the ratio whenever the leaf 
review / pass2	UNKNOWN STEP	2026-08-15T05:40:54.0117455Z had partial coverage. The agent generated /app/report.json at trajectory step 5 
review / pass2	UNKNOWN STEP	2026-08-15T05:40:54.0117742Z with this bug, then spent steps 6–7 on diagnostics. At step 7 the agent 
review / pass2	UNKNOWN STEP	2026-08-15T05:40:54.0118021Z confirmed the bug (printed "required for target 1 → {'leaf': {'L13': 3.0}}" vs 
review / pass2	UNKNOWN STEP	2026-08-15T05:40:54.0118275Z expected 14) but timed out (AgentTimeoutError, 600 s) before writing a corrected
review / pass2	UNKNOWN STEP	2026-08-15T05:40:54.0118474Z solution.
review / pass2	UNKNOWN STEP	2026-08-15T05:40:54.0118535Z 
review / pass2	UNKNOWN STEP	2026-08-15T05:40:54.0118640Z **Approach diff:** In `required_resources`, the agent consumed leaf stock before
review / pass2	UNKNOWN STEP	2026-08-15T05:40:54.0118902Z recording the leaf demand, making the "required" quantity the net shortfall 
review / pass2	UNKNOWN STEP	2026-08-15T05:40:54.0119156Z rather than the gross demand. The golden approach records gross demand 
review / pass2	UNKNOWN STEP	2026-08-15T05:40:54.0119414Z independently of availability. This divergence caused all three leaf-constrained
review / pass2	UNKNOWN STEP	2026-08-15T05:40:54.0119632Z limiting-resource failures.
review / pass2	UNKNOWN STEP	2026-08-15T05:40:54.0119714Z 
review / pass2	UNKNOWN STEP	2026-08-15T05:40:54.0119820Z **Artifacts:** Present at `artifacts/app/report.json`. Contains the buggy 
review / pass2	UNKNOWN STEP	2026-08-15T05:40:54.0120114Z first-run output from trajectory step 5 (the one that the agent had already 
review / pass2	UNKNOWN STEP	2026-08-15T05:40:54.0120342Z identified as incorrect at step 7 but never overwrote).
review / pass2	UNKNOWN STEP	2026-08-15T05:40:54.0120465Z 
review / pass2	UNKNOWN STEP	2026-08-15T05:40:54.0159026Z                               Trial: task__xdjjps9                              
review / pass2	UNKNOWN STEP	2026-08-15T05:40:54.0159303Z ┏━━━━━━━━━━━━━━━━━━━━━━━━━┳━━━━━━━━━┳━━━━━━━━━━━━━━━━━━━━━━━━━━━━━━━━━━━━━━━━━━┓
review / pass2	UNKNOWN STEP	2026-08-15T05:40:54.0159647Z ┃ Check                   ┃ Outcome ┃ Explanation                              ┃
review / pass2	UNKNOWN STEP	2026-08-15T05:40:54.0159989Z ┡━━━━━━━━━━━━━━━━━━━━━━━━━╇━━━━━━━━━╇━━━━━━━━━━━━━━━━━━━━━━━━━━━━━━━━━━━━━━━━━━┩
review / pass2	UNKNOWN STEP	2026-08-15T05:40:54.0160298Z │ Task Specification      │ pass    │ instruction.md precisely specifies the   │
review / pass2	UNKNOWN STEP	2026-08-15T05:40:54.0160574Z │                         │         │ limiting-resource formula: 'The required │
review / pass2	UNKNOWN STEP	2026-08-15T05:40:54.0160819Z │                         │         │ amount for any leaf component or         │
review / pass2	UNKNOWN STEP	2026-08-15T05:40:54.0161066Z │                         │         │ workcenter must be the gross requirement │
review / pass2	UNKNOWN STEP	2026-08-15T05:40:54.0161308Z │                         │         │ calculated after fully netting out any   │
review / pass2	UNKNOWN STEP	2026-08-15T05:40:54.0161556Z │                         │         │ available stock of parent sub-assemblies │
review / pass2	UNKNOWN STEP	2026-08-15T05:40:54.0161801Z │                         │         │ (i.e., only the demand that propagates   │
review / pass2	UNKNOWN STEP	2026-08-15T05:40:54.0162047Z │                         │         │ down the BOM after sub-assemblies are    │
review / pass2	UNKNOWN STEP	2026-08-15T05:40:54.0162298Z │                         │         │ consumed). For leaf components, include  │
review / pass2	UNKNOWN STEP	2026-08-15T05:40:54.0162543Z │                         │         │ available substitute stock (converted at │
review / pass2	UNKNOWN STEP	2026-08-15T05:40:54.0162789Z │                         │         │ the appropriate qty_ratio) in the        │
review / pass2	UNKNOWN STEP	2026-08-15T05:40:54.0163034Z │                         │         │ available supply.' All three failing     │
review / pass2	UNKNOWN STEP	2026-08-15T05:40:54.0163275Z │                         │         │ tests enforce exactly this rule, which   │
review / pass2	UNKNOWN STEP	2026-08-15T05:40:54.0163519Z │                         │         │ is fully stated in the instruction. The  │
review / pass2	UNKNOWN STEP	2026-08-15T05:40:54.0163756Z │                         │         │ failures are due to the agent            │
review / pass2	UNKNOWN STEP	2026-08-15T05:40:54.0163997Z │                         │         │ misimplementing the rule, not to         │
review / pass2	UNKNOWN STEP	2026-08-15T05:40:54.0164233Z │                         │         │ specification gaps.                      │
review / pass2	UNKNOWN STEP	2026-08-15T05:40:54.0164479Z ├─────────────────────────┼─────────┼──────────────────────────────────────────┤
review / pass2	UNKNOWN STEP	2026-08-15T05:40:54.0164733Z │ Reward Hacking          │ pass    │ The trajectory (7 steps) shows the agent │
review / pass2	UNKNOWN STEP	2026-08-15T05:40:54.0164976Z │                         │         │ inspecting the database, writing an      │
review / pass2	UNKNOWN STEP	2026-08-15T05:40:54.0165203Z │                         │         │ exploratory simulation script, running   │
review / pass2	UNKNOWN STEP	2026-08-15T05:40:54.0165430Z │                         │         │ diagnostics, and attempting to debug its │
review / pass2	UNKNOWN STEP	2026-08-15T05:40:54.0165651Z │                         │         │ solution. There is no evidence of        │
review / pass2	UNKNOWN STEP	2026-08-15T05:40:54.0165874Z │                         │         │ accessing solution/, modifying test      │
review / pass2	UNKNOWN STEP	2026-08-15T05:40:54.0166089Z │                         │         │ files, or writing to                     │
review / pass2	UNKNOWN STEP	2026-08-15T05:40:54.0166312Z │                         │         │ verifier/reward.txt. The agent solved    │
review / pass2	UNKNOWN STEP	2026-08-15T05:40:54.0166591Z │                         │         │ the task through legitimate coding and   │
review / pass2	UNKNOWN STEP	2026-08-15T05:40:54.0166850Z │                         │         │ debugging attempts.                      │
review / pass2	UNKNOWN STEP	2026-08-15T05:40:54.0167090Z ├─────────────────────────┼─────────┼──────────────────────────────────────────┤
review / pass2	UNKNOWN STEP	2026-08-15T05:40:54.0167338Z │ Difficulty Crux         │ pass    │ task.toml difficulty_explanation cites   │
review / pass2	UNKNOWN STEP	2026-08-15T05:40:54.0167583Z │                         │         │ 'identifying binding bottleneck          │
review / pass2	UNKNOWN STEP	2026-08-15T05:40:54.0167800Z │                         │         │ resources across heterogeneous           │
review / pass2	UNKNOWN STEP	2026-08-15T05:40:54.0168023Z │                         │         │ constraints (raw leaf materials vs       │
review / pass2	UNKNOWN STEP	2026-08-15T05:40:54.0168243Z │                         │         │ workcenters)' as the core challenge. The │
review / pass2	UNKNOWN STEP	2026-08-15T05:40:54.0168465Z │                         │         │ agent failed on exactly this: the        │
review / pass2	UNKNOWN STEP	2026-08-15T05:40:54.0168696Z │                         │         │ limiting_resource for O00_F (L13), O00_H │
review / pass2	UNKNOWN STEP	2026-08-15T05:40:54.0168917Z │                         │         │ (L15 vs WC6), and O00_M (L21) — all      │
review / pass2	UNKNOWN STEP	2026-08-15T05:40:54.0169132Z │                         │         │ 'trap' test cases in the synthetic       │
review / pass2	UNKNOWN STEP	2026-08-15T05:40:54.0169357Z │                         │         │ dataset that exercise leaf vs workcenter │
review / pass2	UNKNOWN STEP	2026-08-15T05:40:54.0169589Z │                         │         │ ratio comparisons under lot-size         │
review / pass2	UNKNOWN STEP	2026-08-15T05:40:54.0169809Z │                         │         │ rounding. The failure traces directly to │
review / pass2	UNKNOWN STEP	2026-08-15T05:40:54.0170115Z │                         │         │ the intended crux.                       │
review / pass2	UNKNOWN STEP	2026-08-15T05:40:54.0170351Z ├─────────────────────────┼─────────┼──────────────────────────────────────────┤
review / pass2	UNKNOWN STEP	2026-08-15T05:40:54.0170585Z │ Near Miss               │ fail    │ 19 of 22 tests passed. The agent         │
review / pass2	UNKNOWN STEP	2026-08-15T05:40:54.0170817Z │                         │         │ correctly computed allocated_qty and     │
review / pass2	UNKNOWN STEP	2026-08-15T05:40:54.0171049Z │                         │         │ shortfall_qty for all 19 orders and got  │
review / pass2	UNKNOWN STEP	2026-08-15T05:40:54.0171271Z │                         │         │ limiting_resource right for 16 orders.   │
review / pass2	UNKNOWN STEP	2026-08-15T05:40:54.0171491Z │                         │         │ The only failures were 3                 │
review / pass2	UNKNOWN STEP	2026-08-15T05:40:54.0171707Z │                         │         │ limiting_resource values (O00_F, O00_H,  │
review / pass2	UNKNOWN STEP	2026-08-15T05:40:54.0171929Z │                         │         │ O00_M) due to a single systematic bug in │
review / pass2	UNKNOWN STEP	2026-08-15T05:40:54.0172149Z │                         │         │ one function (required_resources         │
review / pass2	UNKNOWN STEP	2026-08-15T05:40:54.0172375Z │                         │         │ consuming leaf stock before recording    │
review / pass2	UNKNOWN STEP	2026-08-15T05:40:54.0172598Z │                         │         │ demand). At trajectory step 7, the       │
review / pass2	UNKNOWN STEP	2026-08-15T05:40:54.0172819Z │                         │         │ agent's diagnostic printout showed the   │
review / pass2	UNKNOWN STEP	2026-08-15T05:40:54.0173049Z │                         │         │ wrong required value ('leaf': {'L13':    │
review / pass2	UNKNOWN STEP	2026-08-15T05:40:54.0173269Z │                         │         │ 3.0} instead of 14) — it had identified  │
review / pass2	UNKNOWN STEP	2026-08-15T05:40:54.0173490Z │                         │         │ the bug but timed out before writing a   │
review / pass2	UNKNOWN STEP	2026-08-15T05:40:54.0173712Z │                         │         │ fix. This is a clear near-miss: a        │
review / pass2	UNKNOWN STEP	2026-08-15T05:40:54.0173933Z │                         │         │ substantively working solution that      │
review / pass2	UNKNOWN STEP	2026-08-15T05:40:54.0174158Z │                         │         │ missed on a narrow subset due to a       │
review / pass2	UNKNOWN STEP	2026-08-15T05:40:54.0174378Z │                         │         │ single, late-identified implementation   │
review / pass2	UNKNOWN STEP	2026-08-15T05:40:54.0174597Z │                         │         │ error.                                   │
review / pass2	UNKNOWN STEP	2026-08-15T05:40:54.0174834Z ├─────────────────────────┼─────────┼──────────────────────────────────────────┤
review / pass2	UNKNOWN STEP	2026-08-15T05:40:54.0175150Z │ Refusals                │ pass    │ The agent engaged fully with the task    │
review / pass2	UNKNOWN STEP	2026-08-15T05:40:54.0175426Z │                         │         │ across 7 steps: it inspected the         │
review / pass2	UNKNOWN STEP	2026-08-15T05:40:54.0175651Z │                         │         │ database schema, wrote a complete        │
review / pass2	UNKNOWN STEP	2026-08-15T05:40:54.0175873Z │                         │         │ simulation, produced /app/report.json,   │
review / pass2	UNKNOWN STEP	2026-08-15T05:40:54.0176099Z │                         │         │ and ran diagnostic scripts to debug      │
review / pass2	UNKNOWN STEP	2026-08-15T05:40:54.0176319Z │                         │         │ failures. No refusal language or         │
review / pass2	UNKNOWN STEP	2026-08-15T05:40:54.0176541Z │                         │         │ policy-based stopping was observed.      │
review / pass2	UNKNOWN STEP	2026-08-15T05:40:54.0176790Z ├─────────────────────────┼─────────┼──────────────────────────────────────────┤
review / pass2	UNKNOWN STEP	2026-08-15T05:40:54.0177032Z │ Low Timeout             │ fail    │ The agent was actively making productive │
review / pass2	UNKNOWN STEP	2026-08-15T05:40:54.0177271Z │                         │         │ progress when cut off. At step 7 (~7     │
review / pass2	UNKNOWN STEP	2026-08-15T05:40:54.0177496Z │                         │         │ minutes into the 10-minute window), the  │
review / pass2	UNKNOWN STEP	2026-08-15T05:40:54.0177724Z │                         │         │ agent ran a diagnostic that printed      │
review / pass2	UNKNOWN STEP	2026-08-15T05:40:54.0177940Z │                         │         │ 'required for target 1 → {"leaf":        │
review / pass2	UNKNOWN STEP	2026-08-15T05:40:54.0178170Z │                         │         │ {"L13": 3.0}}' — directly identifying    │
review / pass2	UNKNOWN STEP	2026-08-15T05:40:54.0178390Z │                         │         │ the bug in required_resources. The       │
review / pass2	UNKNOWN STEP	2026-08-15T05:40:54.0178613Z │                         │         │ timeout (AgentTimeoutError at 600 s)     │
review / pass2	UNKNOWN STEP	2026-08-15T05:40:54.0178838Z │                         │         │ interrupted the LLM call that would have │
review / pass2	UNKNOWN STEP	2026-08-15T05:40:54.0179059Z │                         │         │ generated step 8 (the corrected          │
review / pass2	UNKNOWN STEP	2026-08-15T05:40:54.0179354Z │                         │         │ solution). The agent had the right       │
review / pass2	UNKNOWN STEP	2026-08-15T05:40:54.0179586Z │                         │         │ approach and had pinpointed the precise  │
review / pass2	UNKNOWN STEP	2026-08-15T05:40:54.0179812Z │                         │         │ bug; additional time would very likely   │
review / pass2	UNKNOWN STEP	2026-08-15T05:40:54.0180084Z │                         │         │ have produced a passing solution. The    │
review / pass2	UNKNOWN STEP	2026-08-15T05:40:54.0180304Z │                         │         │ timeout was the proximate cause of not   │
review / pass2	UNKNOWN STEP	2026-08-15T05:40:54.0180525Z │                         │         │ submitting the fix.                      │
review / pass2	UNKNOWN STEP	2026-08-15T05:40:54.0180762Z ├─────────────────────────┼─────────┼──────────────────────────────────────────┤
review / pass2	UNKNOWN STEP	2026-08-15T05:40:54.0181016Z │ Approach Validity       │ pass    │ The agent's overall approach — recursive │
review / pass2	UNKNOWN STEP	2026-08-15T05:40:54.0181262Z │                         │         │ BOM explosion with inventory netting,    │
review / pass2	UNKNOWN STEP	2026-08-15T05:40:54.0181486Z │                         │         │ lot-size rounding, substitute            │
review / pass2	UNKNOWN STEP	2026-08-15T05:40:54.0181781Z │                         │         │ consumption, workcenter capacity         │
review / pass2	UNKNOWN STEP	2026-08-15T05:40:54.0182060Z │                         │         │ checking, and limiting-resource ratio    │
review / pass2	UNKNOWN STEP	2026-08-15T05:40:54.0182283Z │                         │         │ computation — is sound and matches what  │
review / pass2	UNKNOWN STEP	2026-08-15T05:40:54.0182507Z │                         │         │ instruction.md describes. The failure    │
review / pass2	UNKNOWN STEP	2026-08-15T05:40:54.0182728Z │                         │         │ stems from a coding bug in               │
review / pass2	UNKNOWN STEP	2026-08-15T05:40:54.0182946Z │                         │         │ required_resources: for leaf parts, the  │
review / pass2	UNKNOWN STEP	2026-08-15T05:40:54.0183171Z │                         │         │ agent consumed leaf stock from the state │
review / pass2	UNKNOWN STEP	2026-08-15T05:40:54.0183390Z │                         │         │ copy before recording leaf demand, so    │
review / pass2	UNKNOWN STEP	2026-08-15T05:40:54.0183614Z │                         │         │ 'req['leaf']' captured the residual      │
review / pass2	UNKNOWN STEP	2026-08-15T05:40:54.0183839Z │                         │         │ shortfall (3) rather than the gross      │
review / pass2	UNKNOWN STEP	2026-08-15T05:40:54.0184067Z │                         │         │ demand (14 for L13). The instruction     │
review / pass2	UNKNOWN STEP	2026-08-15T05:40:54.0184292Z │                         │         │ clearly permits (and the agent used) a   │
review / pass2	UNKNOWN STEP	2026-08-15T05:40:54.0184515Z │                         │         │ simulation-based approach; the test      │
review / pass2	UNKNOWN STEP	2026-08-15T05:40:54.0184742Z │                         │         │ rejections (test_order_O00_F_allocation: │
review / pass2	UNKNOWN STEP	2026-08-15T05:40:54.0184957Z │                         │         │ got None, expected 'L13';                │
review / pass2	UNKNOWN STEP	2026-08-15T05:40:54.0185179Z │                         │         │ test_order_O00_H_allocation: got 'WC6',  │
review / pass2	UNKNOWN STEP	2026-08-15T05:40:54.0185396Z │                         │         │ expected 'L15';                          │
review / pass2	UNKNOWN STEP	2026-08-15T05:40:54.0185615Z │                         │         │ test_order_O00_M_allocation: got None,   │
review / pass2	UNKNOWN STEP	2026-08-15T05:40:54.0185831Z │                         │         │ expected 'L21') reflect a competent      │
review / pass2	UNKNOWN STEP	2026-08-15T05:40:54.0186056Z │                         │         │ agent limitation rather than a           │
review / pass2	UNKNOWN STEP	2026-08-15T05:40:54.0186277Z │                         │         │ task/verifier problem.                   │
review / pass2	UNKNOWN STEP	2026-08-15T05:40:54.0186517Z ├─────────────────────────┼─────────┼──────────────────────────────────────────┤
review / pass2	UNKNOWN STEP	2026-08-15T05:40:54.0186774Z │ Decisive Rule Disclosed │ pass    │ The deciding rule — that leaf required   │
review / pass2	UNKNOWN STEP	2026-08-15T05:40:54.0187023Z │                         │         │ quantity must be the gross demand after  │
review / pass2	UNKNOWN STEP	2026-08-15T05:40:54.0187246Z │                         │         │ netting only parent sub-assemblies (not  │
review / pass2	UNKNOWN STEP	2026-08-15T05:40:54.0187467Z │                         │         │ leaf stock) — is explicitly stated in    │
review / pass2	UNKNOWN STEP	2026-08-15T05:40:54.0187688Z │                         │         │ instruction.md: 'The required amount for │
review / pass2	UNKNOWN STEP	2026-08-15T05:40:54.0187907Z │                         │         │ any leaf component or workcenter must be │
review / pass2	UNKNOWN STEP	2026-08-15T05:40:54.0188136Z │                         │         │ the gross requirement calculated after   │
review / pass2	UNKNOWN STEP	2026-08-15T05:40:54.0188363Z │                         │         │ fully netting out any available stock of │
review / pass2	UNKNOWN STEP	2026-08-15T05:40:54.0188585Z │                         │         │ parent sub-assemblies (i.e., only the    │
review / pass2	UNKNOWN STEP	2026-08-15T05:40:54.0188808Z │                         │         │ demand that propagates down the BOM      │
review / pass2	UNKNOWN STEP	2026-08-15T05:40:54.0189032Z │                         │         │ after sub-assemblies are consumed).' The │
review / pass2	UNKNOWN STEP	2026-08-15T05:40:54.0189254Z │                         │         │ phrase 'gross requirement' and the       │
review / pass2	UNKNOWN STEP	2026-08-15T05:40:54.0189479Z │                         │         │ parenthetical clarification both appear  │
review / pass2	UNKNOWN STEP	2026-08-15T05:40:54.0189704Z │                         │         │ in the agent-visible material. The       │
review / pass2	UNKNOWN STEP	2026-08-15T05:40:54.0189949Z │                         │         │ agent's failure was in misimplementing   │
review / pass2	UNKNOWN STEP	2026-08-15T05:40:54.0190173Z │                         │         │ the rule (consuming leaf stock before    │
review / pass2	UNKNOWN STEP	2026-08-15T05:40:54.0190464Z │                         │         │ recording demand), not in lacking access │
review / pass2	UNKNOWN STEP	2026-08-15T05:40:54.0190718Z │                         │         │ to the rule.                             │
review / pass2	UNKNOWN STEP	2026-08-15T05:40:54.0190957Z ├─────────────────────────┼─────────┼──────────────────────────────────────────┤
review / pass2	UNKNOWN STEP	2026-08-15T05:40:54.0191207Z │ Spec Consistency        │ pass    │ instruction.md consistently describes    │
review / pass2	UNKNOWN STEP	2026-08-15T05:40:54.0191459Z │                         │         │ the limiting-resource algorithm; the     │
review / pass2	UNKNOWN STEP	2026-08-15T05:40:54.0191682Z │                         │         │ verifier enforces what the instruction   │
review / pass2	UNKNOWN STEP	2026-08-15T05:40:54.0191908Z │                         │         │ states. There is no contradiction,       │
review / pass2	UNKNOWN STEP	2026-08-15T05:40:54.0192127Z │                         │         │ ambiguity, or authority inversion. The   │
review / pass2	UNKNOWN STEP	2026-08-15T05:40:54.0192349Z │                         │         │ agent followed a reasonable (if buggy)   │
review / pass2	UNKNOWN STEP	2026-08-15T05:40:54.0192574Z │                         │         │ interpretation of the stated rule. No    │
review / pass2	UNKNOWN STEP	2026-08-15T05:40:54.0192799Z │                         │         │ spec consistency defect.                 │
review / pass2	UNKNOWN STEP	2026-08-15T05:40:54.0193042Z └─────────────────────────┴─────────┴──────────────────────────────────────────┘
review / pass2	UNKNOWN STEP	2026-08-15T05:40:54.0762724Z ##[group]Run python3 tools/claude_costs.py extract-harbor-analysis \
review / pass2	UNKNOWN STEP	2026-08-15T05:40:54.0763137Z ^[[36;1mpython3 tools/claude_costs.py extract-harbor-analysis \^[[0m
review / pass2	UNKNOWN STEP	2026-08-15T05:40:54.0763383Z ^[[36;1m  --stage pass2-analyze \^[[0m
review / pass2	UNKNOWN STEP	2026-08-15T05:40:54.0763616Z ^[[36;1m  --model claude-sonnet-4-6 \^[[0m
review / pass2	UNKNOWN STEP	2026-08-15T05:40:54.0763879Z ^[[36;1m  --cost-dir "$RUNNER_TEMP/claude-costs" \^[[0m
review / pass2	UNKNOWN STEP	2026-08-15T05:40:54.0764169Z ^[[36;1m  pass2-analyze/^[[0m
review / pass2	UNKNOWN STEP	2026-08-15T05:40:54.0764433Z ^[[36;1mpython3 tools/claude_costs.py extract-harbor-trials \^[[0m
review / pass2	UNKNOWN STEP	2026-08-15T05:40:54.0764731Z ^[[36;1m  --stage pass2-agent-trial \^[[0m
review / pass2	UNKNOWN STEP	2026-08-15T05:40:54.0764988Z ^[[36;1m  --cost-dir "$RUNNER_TEMP/claude-costs" \^[[0m
review / pass2	UNKNOWN STEP	2026-08-15T05:40:54.0765245Z ^[[36;1m  pass2-output/^[[0m
review / pass2	UNKNOWN STEP	2026-08-15T05:40:54.0777015Z shell: /usr/bin/bash -e {0}
review / pass2	UNKNOWN STEP	2026-08-15T05:40:54.0777158Z env:
review / pass2	UNKNOWN STEP	2026-08-15T05:40:54.0778430Z   GH_TOKEN: ***
review / pass2	UNKNOWN STEP	2026-08-15T05:40:54.0778612Z   REPO: handshake-project-dynamo/dynamo-1573c1a-data-querying-and-databases
review / pass2	UNKNOWN STEP	2026-08-15T05:40:54.0778844Z   PR_NUMBER: 5
review / pass2	UNKNOWN STEP	2026-08-15T05:40:54.0778966Z   BLACKSMITH_RUNNER_MESSAGE_WAIT_MS: 210541
review / pass2	UNKNOWN STEP	2026-08-15T05:40:54.0779126Z   BLACKSMITH_RUNNER_ACQUIRE_JOB_MS: 1016
review / pass2	UNKNOWN STEP	2026-08-15T05:40:54.0779469Z   GITHUB_REPO_NAME: handshake-project-dynamo/dynamo-1573c1a-data-querying-and-databases
review / pass2	UNKNOWN STEP	2026-08-15T05:40:54.0779735Z   pythonLocation: /opt/hostedtoolcache/Python/3.11.14/x64
review / pass2	UNKNOWN STEP	2026-08-15T05:40:54.0779962Z   PKG_CONFIG_PATH: /opt/hostedtoolcache/Python/3.11.14/x64/lib/pkgconfig
review / pass2	UNKNOWN STEP	2026-08-15T05:40:54.0780209Z   Python_ROOT_DIR: /opt/hostedtoolcache/Python/3.11.14/x64
review / pass2	UNKNOWN STEP	2026-08-15T05:40:54.0780403Z   Python2_ROOT_DIR: /opt/hostedtoolcache/Python/3.11.14/x64
review / pass2	UNKNOWN STEP	2026-08-15T05:40:54.0780602Z   Python3_ROOT_DIR: /opt/hostedtoolcache/Python/3.11.14/x64
review / pass2	UNKNOWN STEP	2026-08-15T05:40:54.0781042Z   LD_LIBRARY_PATH: /opt/hostedtoolcache/Python/3.11.14/x64/lib
review / pass2	UNKNOWN STEP	2026-08-15T05:40:54.0781238Z   UV_CACHE_DIR: /home/runner/_work/_temp/setup-uv-cache
review / pass2	UNKNOWN STEP	2026-08-15T05:40:54.0781395Z ##[endgroup]
review / pass2	UNKNOWN STEP	2026-08-15T05:40:54.1352330Z Node 20 is being deprecated. This workflow is running with Node 24 by default. If you need to temporarily use Node 20, you can set the ACTIONS_ALLOW_USE_UNSECURE_NODE_VERSION=true environment variable. For more information see: https://github.blog/changelog/2025-09-19-deprecation-of-node-20-on-github-actions-runners/
review / pass2	UNKNOWN STEP	2026-08-15T05:40:54.1353015Z ##[group]Run actions/upload-artifact@ea165f8d65b6e75b540449e92b4886f43607fa02
review / pass2	UNKNOWN STEP	2026-08-15T05:40:54.1353222Z with:
review / pass2	UNKNOWN STEP	2026-08-15T05:40:54.1353333Z   name: pass2-output
review / pass2	UNKNOWN STEP	2026-08-15T05:40:54.1353465Z   path: pass2-output/
review / pass2	UNKNOWN STEP	2026-08-15T05:40:54.1353590Z   if-no-files-found: ignore
review / pass2	UNKNOWN STEP	2026-08-15T05:40:54.1353725Z   compression-level: 6
review / pass2	UNKNOWN STEP	2026-08-15T05:40:54.1353844Z   overwrite: false
review / pass2	UNKNOWN STEP	2026-08-15T05:40:54.1353965Z   include-hidden-files: false
review / pass2	UNKNOWN STEP	2026-08-15T05:40:54.1354106Z env:
review / pass2	UNKNOWN STEP	2026-08-15T05:40:54.1355354Z   GH_TOKEN: ***
review / pass2	UNKNOWN STEP	2026-08-15T05:40:54.1355545Z   REPO: handshake-project-dynamo/dynamo-1573c1a-data-querying-and-databases
review / pass2	UNKNOWN STEP	2026-08-15T05:40:54.1355777Z   PR_NUMBER: 5
review / pass2	UNKNOWN STEP	2026-08-15T05:40:54.1355901Z   BLACKSMITH_RUNNER_MESSAGE_WAIT_MS: 210541
review / pass2	UNKNOWN STEP	2026-08-15T05:40:54.1356066Z   BLACKSMITH_RUNNER_ACQUIRE_JOB_MS: 1016
review / pass2	UNKNOWN STEP	2026-08-15T05:40:54.1356296Z   GITHUB_REPO_NAME: handshake-project-dynamo/dynamo-1573c1a-data-querying-and-databases
review / pass2	UNKNOWN STEP	2026-08-15T05:40:54.1356563Z   pythonLocation: /opt/hostedtoolcache/Python/3.11.14/x64
review / pass2	UNKNOWN STEP	2026-08-15T05:40:54.1356785Z   PKG_CONFIG_PATH: /opt/hostedtoolcache/Python/3.11.14/x64/lib/pkgconfig
review / pass2	UNKNOWN STEP	2026-08-15T05:40:54.1357006Z   Python_ROOT_DIR: /opt/hostedtoolcache/Python/3.11.14/x64
review / pass2	UNKNOWN STEP	2026-08-15T05:40:54.1357209Z   Python2_ROOT_DIR: /opt/hostedtoolcache/Python/3.11.14/x64
review / pass2	UNKNOWN STEP	2026-08-15T05:40:54.1357411Z   Python3_ROOT_DIR: /opt/hostedtoolcache/Python/3.11.14/x64
review / pass2	UNKNOWN STEP	2026-08-15T05:40:54.1357614Z   LD_LIBRARY_PATH: /opt/hostedtoolcache/Python/3.11.14/x64/lib
review / pass2	UNKNOWN STEP	2026-08-15T05:40:54.1357815Z   UV_CACHE_DIR: /home/runner/_work/_temp/setup-uv-cache
review / pass2	UNKNOWN STEP	2026-08-15T05:40:54.1357979Z ##[endgroup]
review / pass2	UNKNOWN STEP	2026-08-15T05:40:54.2161617Z (node:5211) [DEP0040] DeprecationWarning: The `punycode` module is deprecated. Please use a userland alternative instead.
review / pass2	UNKNOWN STEP	2026-08-15T05:40:54.2162433Z (Use `node --trace-deprecation ...` to show where the warning was created)
review / pass2	UNKNOWN STEP	2026-08-15T05:40:54.2216877Z With the provided path, there will be 33 files uploaded
review / pass2	UNKNOWN STEP	2026-08-15T05:40:54.2219296Z Artifact name is valid!
review / pass2	UNKNOWN STEP	2026-08-15T05:40:54.2219740Z Root directory input is valid!
review / pass2	UNKNOWN STEP	2026-08-15T05:40:54.4996304Z Beginning upload of artifact content to blob storage
review / pass2	UNKNOWN STEP	2026-08-15T05:40:54.5349987Z (node:5211) [DEP0169] DeprecationWarning: `url.parse()` behavior is not standardized and prone to errors that have security implications. Use the WHATWG URL API instead. CVEs are not issued for `url.parse()` vulnerabilities.
review / pass2	UNKNOWN STEP	2026-08-15T05:40:55.0028056Z Uploaded bytes 123956
review / pass2	UNKNOWN STEP	2026-08-15T05:40:55.0778415Z Finished uploading artifact content to blob storage!
review / pass2	UNKNOWN STEP	2026-08-15T05:40:55.0779038Z SHA256 digest of uploaded artifact zip is 47e105d484e33f51001b26277f2d814b47c38dcd3459353b99ce76cc73c65a38
review / pass2	UNKNOWN STEP	2026-08-15T05:40:55.0779832Z Finalizing artifact upload
review / pass2	UNKNOWN STEP	2026-08-15T05:40:55.4039332Z Artifact pass2-output.zip successfully finalized. Artifact ID 9242456418
review / pass2	UNKNOWN STEP	2026-08-15T05:40:55.4039780Z Artifact pass2-output has been successfully uploaded! Final size is 123956 bytes. Artifact ID is 9242456418
review / pass2	UNKNOWN STEP	2026-08-15T05:40:55.4043984Z Artifact download URL: https://github.com/handshake-project-dynamo/dynamo-1573c1a-data-querying-and-databases/actions/runs/31866609701/artifacts/9242456418
review / pass2	UNKNOWN STEP	2026-08-15T05:40:55.4110984Z Node 20 is being deprecated. This workflow is running with Node 24 by default. If you need to temporarily use Node 20, you can set the ACTIONS_ALLOW_USE_UNSECURE_NODE_VERSION=true environment variable. For more information see: https://github.blog/changelog/2025-09-19-deprecation-of-node-20-on-github-actions-runners/
review / pass2	UNKNOWN STEP	2026-08-15T05:40:55.4111638Z ##[group]Run actions/upload-artifact@ea165f8d65b6e75b540449e92b4886f43607fa02
review / pass2	UNKNOWN STEP	2026-08-15T05:40:55.4111970Z with:
review / pass2	UNKNOWN STEP	2026-08-15T05:40:55.4112130Z   name: claude-costs-partial-attempt-1-pass2
review / pass2	UNKNOWN STEP	2026-08-15T05:40:55.4112303Z   path: /home/runner/_work/_temp/claude-costs/
review / pass2	UNKNOWN STEP	2026-08-15T05:40:55.4112464Z   if-no-files-found: ignore
review / pass2	UNKNOWN STEP	2026-08-15T05:40:55.4112598Z   retention-days: 1
review / pass2	UNKNOWN STEP	2026-08-15T05:40:55.4112712Z   compression-level: 6
review / pass2	UNKNOWN STEP	2026-08-15T05:40:55.4112832Z   overwrite: false
review / pass2	UNKNOWN STEP	2026-08-15T05:40:55.4112951Z   include-hidden-files: false
review / pass2	UNKNOWN STEP	2026-08-15T05:40:55.4113080Z env:
review / pass2	UNKNOWN STEP	2026-08-15T05:40:55.4114293Z   GH_TOKEN: ***
review / pass2	UNKNOWN STEP	2026-08-15T05:40:55.4114501Z   REPO: handshake-project-dynamo/dynamo-1573c1a-data-querying-and-databases
review / pass2	UNKNOWN STEP	2026-08-15T05:40:55.4114706Z   PR_NUMBER: 5
review / pass2	UNKNOWN STEP	2026-08-15T05:40:55.4114830Z   BLACKSMITH_RUNNER_MESSAGE_WAIT_MS: 210541
review / pass2	UNKNOWN STEP	2026-08-15T05:40:55.4114992Z   BLACKSMITH_RUNNER_ACQUIRE_JOB_MS: 1016
review / pass2	UNKNOWN STEP	2026-08-15T05:40:55.4115218Z   GITHUB_REPO_NAME: handshake-project-dynamo/dynamo-1573c1a-data-querying-and-databases
review / pass2	UNKNOWN STEP	2026-08-15T05:40:55.4115484Z   pythonLocation: /opt/hostedtoolcache/Python/3.11.14/x64
review / pass2	UNKNOWN STEP	2026-08-15T05:40:55.4115707Z   PKG_CONFIG_PATH: /opt/hostedtoolcache/Python/3.11.14/x64/lib/pkgconfig
review / pass2	UNKNOWN STEP	2026-08-15T05:40:55.4115931Z   Python_ROOT_DIR: /opt/hostedtoolcache/Python/3.11.14/x64
review / pass2	UNKNOWN STEP	2026-08-15T05:40:55.4116128Z   Python2_ROOT_DIR: /opt/hostedtoolcache/Python/3.11.14/x64
review / pass2	UNKNOWN STEP	2026-08-15T05:40:55.4116332Z   Python3_ROOT_DIR: /opt/hostedtoolcache/Python/3.11.14/x64
review / pass2	UNKNOWN STEP	2026-08-15T05:40:55.4116537Z   LD_LIBRARY_PATH: /opt/hostedtoolcache/Python/3.11.14/x64/lib
review / pass2	UNKNOWN STEP	2026-08-15T05:40:55.4116734Z   UV_CACHE_DIR: /home/runner/_work/_temp/setup-uv-cache
review / pass2	UNKNOWN STEP	2026-08-15T05:40:55.4116901Z ##[endgroup]
review / pass2	UNKNOWN STEP	2026-08-15T05:40:55.4921124Z (node:5224) [DEP0040] DeprecationWarning: The `punycode` module is deprecated. Please use a userland alternative instead.
review / pass2	UNKNOWN STEP	2026-08-15T05:40:55.4921489Z (Use `node --trace-deprecation ...` to show where the warning was created)
review / pass2	UNKNOWN STEP	2026-08-15T05:40:55.4953167Z With the provided path, there will be 3 files uploaded
review / pass2	UNKNOWN STEP	2026-08-15T05:40:55.4953485Z Artifact name is valid!
review / pass2	UNKNOWN STEP	2026-08-15T05:40:55.4953673Z Root directory input is valid!
review / pass2	UNKNOWN STEP	2026-08-15T05:40:55.7656529Z Beginning upload of artifact content to blob storage
review / pass2	UNKNOWN STEP	2026-08-15T05:40:55.7782077Z (node:5224) [DEP0169] DeprecationWarning: `url.parse()` behavior is not standardized and prone to errors that have security implications. Use the WHATWG URL API instead. CVEs are not issued for `url.parse()` vulnerabilities.
review / pass2	UNKNOWN STEP	2026-08-15T05:40:55.9977869Z Uploaded bytes 1940
review / pass2	UNKNOWN STEP	2026-08-15T05:40:56.0584673Z Finished uploading artifact content to blob storage!
review / pass2	UNKNOWN STEP	2026-08-15T05:40:56.0585450Z SHA256 digest of uploaded artifact zip is 2b84065a85922bb87f13fb75b8d47353f0c83c057f618bfed1d574caab394563
review / pass2	UNKNOWN STEP	2026-08-15T05:40:56.0585934Z Finalizing artifact upload
review / pass2	UNKNOWN STEP	2026-08-15T05:40:56.3891573Z Artifact claude-costs-partial-attempt-1-pass2.zip successfully finalized. Artifact ID 9242456613
review / pass2	UNKNOWN STEP	2026-08-15T05:40:56.3891996Z Artifact claude-costs-partial-attempt-1-pass2 has been successfully uploaded! Final size is 1940 bytes. Artifact ID is 9242456613
review / pass2	UNKNOWN STEP	2026-08-15T05:40:56.3892527Z Artifact download URL: https://github.com/handshake-project-dynamo/dynamo-1573c1a-data-querying-and-databases/actions/runs/31866609701/artifacts/9242456613
review / pass2	UNKNOWN STEP	2026-08-15T05:40:56.3947678Z ##[group]Run python3 - <<'PY' > comment.md
review / pass2	UNKNOWN STEP	2026-08-15T05:40:56.3947946Z ^[[36;1mpython3 - <<'PY' > comment.md^[[0m
review / pass2	UNKNOWN STEP	2026-08-15T05:40:56.3948098Z ^[[36;1mimport json, glob, os^[[0m
review / pass2	UNKNOWN STEP	2026-08-15T05:40:56.3948331Z ^[[36;1m# Timeout taxonomy — see the pass@5 step. AgentTimeoutError still runs the verifier^[[0m
review / pass2	UNKNOWN STEP	2026-08-15T05:40:56.3948649Z ^[[36;1m# (reward 0/1): reward>=1 -> SOLVED; reward 0 + low_timeout=PASS (stuck/looping, had enough^[[0m
review / pass2	UNKNOWN STEP	2026-08-15T05:40:56.3948951Z ^[[36;1m# time) -> VALID fail; reward 0 + low_timeout=FAIL/NA (still progressing) -> invalid;^[[0m
review / pass2	UNKNOWN STEP	2026-08-15T05:40:56.3949239Z ^[[36;1m# setup/verifier timeouts and reward-null timeouts -> invalid (infra).^[[0m
review / pass2	UNKNOWN STEP	2026-08-15T05:40:56.3949558Z ^[[36;1mSETUP_TIMEOUTS = {"EnvironmentStartTimeoutError","AgentSetupTimeoutError","VerifierTimeoutError"}^[[0m
review / pass2	UNKNOWN STEP	2026-08-15T05:40:56.3949983Z ^[[36;1mdef _outcome(a, check):^[[0m
review / pass2	UNKNOWN STEP	2026-08-15T05:40:56.3950166Z ^[[36;1m    o=((a.get("checks") or {}).get(check) or {}).get("outcome")^[[0m
review / pass2	UNKNOWN STEP	2026-08-15T05:40:56.3950414Z ^[[36;1m    v=(o.get("value") if isinstance(o,dict) else o)^[[0m
review / pass2	UNKNOWN STEP	2026-08-15T05:40:56.3950618Z ^[[36;1m    return v.lower() if isinstance(v,str) else None^[[0m
review / pass2	UNKNOWN STEP	2026-08-15T05:40:56.3950785Z ^[[36;1mtrials=[]^[[0m
review / pass2	UNKNOWN STEP	2026-08-15T05:40:56.3950962Z ^[[36;1mfor rj in sorted(glob.glob("pass2-output/*/*/result.json")):^[[0m
review / pass2	UNKNOWN STEP	2026-08-15T05:40:56.3951191Z ^[[36;1m    tdir=os.path.dirname(rj); name=os.path.basename(tdir)^[[0m
review / pass2	UNKNOWN STEP	2026-08-15T05:40:56.3951379Z ^[[36;1m    if "__" not in name:^[[0m
review / pass2	UNKNOWN STEP	2026-08-15T05:40:56.3951518Z ^[[36;1m        continue^[[0m
review / pass2	UNKNOWN STEP	2026-08-15T05:40:56.3951654Z ^[[36;1m    try: d=json.load(open(rj))^[[0m
review / pass2	UNKNOWN STEP	2026-08-15T05:40:56.3951810Z ^[[36;1m    except Exception: continue^[[0m
review / pass2	UNKNOWN STEP	2026-08-15T05:40:56.3952003Z ^[[36;1m    vr=d.get("verifier_result") or {}; rws=vr.get("rewards") or {}^[[0m
review / pass2	UNKNOWN STEP	2026-08-15T05:40:56.3952191Z ^[[36;1m    r=None^[[0m
review / pass2	UNKNOWN STEP	2026-08-15T05:40:56.3952313Z ^[[36;1m    if rws:^[[0m
review / pass2	UNKNOWN STEP	2026-08-15T05:40:56.3952481Z ^[[36;1m        try: r=float(next(iter(rws.values())))^[[0m
review / pass2	UNKNOWN STEP	2026-08-15T05:40:56.3952660Z ^[[36;1m        except Exception: r=None^[[0m
review / pass2	UNKNOWN STEP	2026-08-15T05:40:56.3952846Z ^[[36;1m    exc=(d.get("exception_info") or {}).get("exception_type")^[[0m
review / pass2	UNKNOWN STEP	2026-08-15T05:40:56.3953032Z ^[[36;1m    av=lt=None; analyzed=False^[[0m
review / pass2	UNKNOWN STEP	2026-08-15T05:40:56.3953170Z ^[[36;1m    try:^[[0m
review / pass2	UNKNOWN STEP	2026-08-15T05:40:56.3953327Z ^[[36;1m        a=json.load(open(os.path.join(tdir,"analysis.json")))^[[0m
review / pass2	UNKNOWN STEP	2026-08-15T05:40:56.3953560Z ^[[36;1m        av=_outcome(a,"approach_validity"); lt=_outcome(a,"low_timeout")^[[0m
review / pass2	UNKNOWN STEP	2026-08-15T05:40:56.3953796Z ^[[36;1m        analyzed=av in ("pass","fail","not_applicable")^[[0m
review / pass2	UNKNOWN STEP	2026-08-15T05:40:56.3953974Z ^[[36;1m    except Exception:^[[0m
review / pass2	UNKNOWN STEP	2026-08-15T05:40:56.3954116Z ^[[36;1m        analyzed=False^[[0m
review / pass2	UNKNOWN STEP	2026-08-15T05:40:56.3954331Z ^[[36;1m    trials.append(dict(name=name,reward=r,exc=exc,av=av,lt=lt,analyzed=analyzed))^[[0m
review / pass2	UNKNOWN STEP	2026-08-15T05:40:56.3954554Z ^[[36;1mdef categorize(t):^[[0m
review / pass2	UNKNOWN STEP	2026-08-15T05:40:56.3954695Z ^[[36;1m    r=t["reward"]; exc=t["exc"]^[[0m
review / pass2	UNKNOWN STEP	2026-08-15T05:40:56.3954877Z ^[[36;1m    if r is not None and r>=1.0:          return "solved"^[[0m
review / pass2	UNKNOWN STEP	2026-08-15T05:40:56.3955081Z ^[[36;1m    if exc in SETUP_TIMEOUTS:             return "infra"^[[0m
review / pass2	UNKNOWN STEP	2026-08-15T05:40:56.3955288Z ^[[36;1m    if exc and exc!="AgentTimeoutError":  return "infra"^[[0m
review / pass2	UNKNOWN STEP	2026-08-15T05:40:56.3955497Z ^[[36;1m    if not t["analyzed"]:                 return "unanalyzed"^[[0m
review / pass2	UNKNOWN STEP	2026-08-15T05:40:56.3955704Z ^[[36;1m    if t["av"]=="fail":                   return "task_bug"^[[0m
review / pass2	UNKNOWN STEP	2026-08-15T05:40:56.3955884Z ^[[36;1m    if exc=="AgentTimeoutError":^[[0m
review / pass2	UNKNOWN STEP	2026-08-15T05:40:56.3956062Z ^[[36;1m        if r is None:                     return "infra"^[[0m
review / pass2	UNKNOWN STEP	2026-08-15T05:40:56.3956281Z ^[[36;1m        return "valid_fail" if t["lt"]=="pass" else "timeout_progress"^[[0m
review / pass2	UNKNOWN STEP	2026-08-15T05:40:56.3956480Z ^[[36;1m    return "valid_fail"^[[0m
review / pass2	UNKNOWN STEP	2026-08-15T05:40:56.3956633Z ^[[36;1mfor t in trials: t["cat"]=categorize(t)^[[0m
review / pass2	UNKNOWN STEP	2026-08-15T05:40:56.3956802Z ^[[36;1mn=len(trials)^[[0m
review / pass2	UNKNOWN STEP	2026-08-15T05:40:56.3956958Z ^[[36;1msolved=[t for t in trials if t["cat"]=="solved"]^[[0m
review / pass2	UNKNOWN STEP	2026-08-15T05:40:56.3957217Z ^[[36;1mvalid=[t for t in trials if t["cat"]=="valid_fail"]^[[0m
review / pass2	UNKNOWN STEP	2026-08-15T05:40:56.3957423Z ^[[36;1mtask_bug=[t for t in trials if t["cat"]=="task_bug"]^[[0m
review / pass2	UNKNOWN STEP	2026-08-15T05:40:56.3957636Z ^[[36;1mtprog=[t for t in trials if t["cat"]=="timeout_progress"]^[[0m
review / pass2	UNKNOWN STEP	2026-08-15T05:40:56.3975628Z ^[[36;1minfra=[t for t in trials if t["cat"]=="infra"]^[[0m
review / pass2	UNKNOWN STEP	2026-08-15T05:40:56.3975835Z ^[[36;1munan=[t for t in trials if t["cat"]=="unanalyzed"]^[[0m
review / pass2	UNKNOWN STEP	2026-08-15T05:40:56.3976070Z ^[[36;1m# GATE (pass@2 pre-check): proceed to pass@5 iff at least ONE VALID fail.^[[0m
review / pass2	UNKNOWN STEP	2026-08-15T05:40:56.3976275Z ^[[36;1mproceed = len(valid) >= 1^[[0m
review / pass2	UNKNOWN STEP	2026-08-15T05:40:56.3976503Z ^[[36;1mmodel="Model A"   # fellow-facing label; the real model name is intentionally not revealed^[[0m
review / pass2	UNKNOWN STEP	2026-08-15T05:40:56.3976727Z ^[[36;1mdef icon(t):^[[0m
review / pass2	UNKNOWN STEP	2026-08-15T05:40:56.3976847Z ^[[36;1m    c=t["cat"]^[[0m
review / pass2	UNKNOWN STEP	2026-08-15T05:40:56.3977091Z ^[[36;1m    if c=="solved": return "✅"^[[0m
review / pass2	UNKNOWN STEP	2026-08-15T05:40:56.3977243Z ^[[36;1m    if c=="valid_fail": return "❌"^[[0m
review / pass2	UNKNOWN STEP	2026-08-15T05:40:56.3977394Z ^[[36;1m    return "⚠️"^[[0m
review / pass2	UNKNOWN STEP	2026-08-15T05:40:56.3977532Z ^[[36;1mprint("## ⏱️ Pre-check (pass@2)\n")^[[0m
review / pass2	UNKNOWN STEP	2026-08-15T05:40:56.3977906Z ^[[36;1mif n: print(f"**pass@{n}: {len(solved)}/{n} passed** — `{model}` on Daytona (agent-run budget = task timeout_sec, capped 3600s/1hr — working time only, excludes environment startup)\n")^[[0m
review / pass2	UNKNOWN STEP	2026-08-15T05:40:56.3978340Z ^[[36;1melse: print("No pass@2 results were produced — see the run logs.\n")^[[0m
review / pass2	UNKNOWN STEP	2026-08-15T05:40:56.3978584Z ^[[36;1mif n: print("Trials: " + " ".join(icon(t) for t in trials) + "\n")^[[0m
review / pass2	UNKNOWN STEP	2026-08-15T05:40:56.3978859Z ^[[36;1mreason_kind = None   # which block reason fired — drives infra messaging + suggestion gating^[[0m
review / pass2	UNKNOWN STEP	2026-08-15T05:40:56.3979088Z ^[[36;1mif n and proceed:^[[0m
review / pass2	UNKNOWN STEP	2026-08-15T05:40:56.3979425Z ^[[36;1m    print(f"✅ **At least one valid agent failure** ({len(valid)}/{n}) — the task is plausibly hard. Proceeding to pass@5.\n")^[[0m
review / pass2	UNKNOWN STEP	2026-08-15T05:40:56.3979712Z ^[[36;1m    print("**Rerun Recommended: NO**\n")^[[0m
review / pass2	UNKNOWN STEP	2026-08-15T05:40:56.3979871Z ^[[36;1melif n:^[[0m
review / pass2	UNKNOWN STEP	2026-08-15T05:40:56.3980018Z ^[[36;1m    if unan:^[[0m
review / pass2	UNKNOWN STEP	2026-08-15T05:40:56.3980145Z ^[[36;1m        reason_kind = "unanalyzed"^[[0m
review / pass2	UNKNOWN STEP	2026-08-15T05:40:56.3980449Z ^[[36;1m        print("❌ **Blocked — analysis incomplete.** A failing trial could not be classified, so a valid fail can't be confirmed. Re-run.\n")^[[0m
review / pass2	UNKNOWN STEP	2026-08-15T05:40:56.3980750Z ^[[36;1m    elif len(solved)==n:^[[0m
review / pass2	UNKNOWN STEP	2026-08-15T05:40:56.3980900Z ^[[36;1m        reason_kind = "too_easy"^[[0m
review / pass2	UNKNOWN STEP	2026-08-15T05:40:56.3981228Z ^[[36;1m        print(f"❌ **Blocked — no valid fail.** The agent solved all {n}/{n} runs (passed the tests, even if it timed out); the task looks too easy. Make it harder.\n")^[[0m
review / pass2	UNKNOWN STEP	2026-08-15T05:40:56.3981550Z ^[[36;1m    elif task_bug:^[[0m
review / pass2	UNKNOWN STEP	2026-08-15T05:40:56.3981690Z ^[[36;1m        reason_kind = "task_bug"^[[0m
review / pass2	UNKNOWN STEP	2026-08-15T05:40:56.3982115Z ^[[36;1m        print(f"❌ **Blocked — the failure looks like a task/verifier problem** (a sound, permitted approach was defeated), not a genuine agent failure. Fix the task or verifier (see the analysis below), then push again.\n")^[[0m
review / pass2	UNKNOWN STEP	2026-08-15T05:40:56.3982547Z ^[[36;1m    elif tprog:^[[0m
review / pass2	UNKNOWN STEP	2026-08-15T05:40:56.3982690Z ^[[36;1m        reason_kind = "timeout_progress"^[[0m
review / pass2	UNKNOWN STEP	2026-08-15T05:40:56.3983090Z ^[[36;1m        print(f"❌ **Blocked — the only non-passing run(s) were still making progress when the timeout hit**, not genuinely stumped. Raise [agent].timeout_sec so the agent can finish, then re-run.\n")^[[0m
review / pass2	UNKNOWN STEP	2026-08-15T05:40:56.3983470Z ^[[36;1m    else:^[[0m
review / pass2	UNKNOWN STEP	2026-08-15T05:40:56.3983601Z ^[[36;1m        reason_kind = "infra"^[[0m
review / pass2	UNKNOWN STEP	2026-08-15T05:40:56.3983781Z ^[[36;1m        errs=sorted({t['exc'] for t in infra if t['exc']})^[[0m
review / pass2	UNKNOWN STEP	2026-08-15T05:40:56.3984015Z ^[[36;1m        ej=", ".join(f"`{e}`" for e in errs) if errs else "an infrastructure error"^[[0m
review / pass2	UNKNOWN STEP	2026-08-15T05:40:56.3984908Z ^[[36;1m        print(f"🛠️ **Blocked by an infrastructure error — not a problem with your task.** The automated environment (Daytona) could not build/allocate a sandbox ({ej}), so the agent trials could not run. The pipeline already retried this automatically. **You don't need to change anything** — this needs to be resolved by the project team, not by editing your task. If it keeps happening on re-run, please contact the project team.\n")^[[0m
review / pass2	UNKNOWN STEP	2026-08-15T05:40:56.3985713Z ^[[36;1m    # Rerun guidance: an infra failure may clear on its own; task issues need a fix first.^[[0m
review / pass2	UNKNOWN STEP	2026-08-15T05:40:56.3985960Z ^[[36;1m    print("**Rerun Recommended: YES**\n")^[[0m
review / pass2	UNKNOWN STEP	2026-08-15T05:40:56.3986204Z ^[[36;1m    # Difficulty suggestion is help for GENUINE (task) failures only — never for infra,^[[0m
review / pass2	UNKNOWN STEP	2026-08-15T05:40:56.3986515Z ^[[36;1m    # which the fellow cannot fix (mirrored by the pass2_suggestion job's infra_only guard).^[[0m
review / pass2	UNKNOWN STEP	2026-08-15T05:40:56.3986791Z ^[[36;1m    if reason_kind in ("too_easy", "task_bug", "timeout_progress"):^[[0m
review / pass2	UNKNOWN STEP	2026-08-15T05:40:56.3987246Z ^[[36;1m        print("\n> 💡 On your first attempt, or after you push meaningful revisions, an automated **pass@2 difficulty suggestion** for this task may be posted to help you (advisory only; it does not gate the PR).\n")^[[0m
review / pass2	UNKNOWN STEP	2026-08-15T05:40:56.3987984Z ^[[36;1mif n: print(f"<sub>Breakdown: {len(solved)} solved · {len(valid)} valid-fail · {len(task_bug)} task/verifier-issue · {len(tprog)} in-progress-timeout · {len(infra)} infra/setup-timeout · {len(unan)} unanalyzed</sub>\n")^[[0m
review / pass2	UNKNOWN STEP	2026-08-15T05:40:56.3988431Z ^[[36;1mfor af in sorted(glob.glob("pass2-analyze/*.json")):^[[0m
review / pass2	UNKNOWN STEP	2026-08-15T05:40:56.3988618Z ^[[36;1m    try: a=json.load(open(af))^[[0m
review / pass2	UNKNOWN STEP	2026-08-15T05:40:56.3988773Z ^[[36;1m    except Exception: continue^[[0m
review / pass2	UNKNOWN STEP	2026-08-15T05:40:56.3988928Z ^[[36;1m    js=a.get("job_summary")^[[0m
review / pass2	UNKNOWN STEP	2026-08-15T05:40:56.3989069Z ^[[36;1m    if js:^[[0m
review / pass2	UNKNOWN STEP	2026-08-15T05:40:56.3989252Z ^[[36;1m        print(f"<details><summary>Pass@ Analysis — {model}</summary>\n")^[[0m
review / pass2	UNKNOWN STEP	2026-08-15T05:40:56.3989484Z ^[[36;1m        print(js.replace("<","&lt;").replace(">","&gt;"))^[[0m
review / pass2	UNKNOWN STEP	2026-08-15T05:40:56.3989668Z ^[[36;1m        print("\n</details>\n")^[[0m
review / pass2	UNKNOWN STEP	2026-08-15T05:40:56.3989874Z ^[[36;1mprint(f"📋 [View logs & artifacts]({os.environ.get('RUN_URL','')})")^[[0m
review / pass2	UNKNOWN STEP	2026-08-15T05:40:56.3990143Z ^[[36;1mwith open(os.environ["GITHUB_OUTPUT"],"a") as o:^[[0m
review / pass2	UNKNOWN STEP	2026-08-15T05:40:56.3990355Z ^[[36;1m    o.write(f"proceed={'true' if proceed else 'false'}\n")^[[0m
review / pass2	UNKNOWN STEP	2026-08-15T05:40:56.3990548Z ^[[36;1m    o.write(f"valid={len(valid)}\n")^[[0m
review / pass2	UNKNOWN STEP	2026-08-15T05:40:56.3990705Z ^[[36;1m    o.write(f"n={n}\n")^[[0m
review / pass2	UNKNOWN STEP	2026-08-15T05:40:56.3990897Z ^[[36;1m    o.write(f"infra_only={'true' if reason_kind=='infra' else 'false'}\n")^[[0m
review / pass2	UNKNOWN STEP	2026-08-15T05:40:56.3991094Z ^[[36;1mPY^[[0m
review / pass2	UNKNOWN STEP	2026-08-15T05:40:56.4002695Z shell: /usr/bin/bash -e {0}
review / pass2	UNKNOWN STEP	2026-08-15T05:40:56.4002835Z env:
review / pass2	UNKNOWN STEP	2026-08-15T05:40:56.4004127Z   GH_TOKEN: ***
review / pass2	UNKNOWN STEP	2026-08-15T05:40:56.4004324Z   REPO: handshake-project-dynamo/dynamo-1573c1a-data-querying-and-databases
review / pass2	UNKNOWN STEP	2026-08-15T05:40:56.4004541Z   PR_NUMBER: 5
review / pass2	UNKNOWN STEP	2026-08-15T05:40:56.4004667Z   BLACKSMITH_RUNNER_MESSAGE_WAIT_MS: 210541
review / pass2	UNKNOWN STEP	2026-08-15T05:40:56.4004841Z   BLACKSMITH_RUNNER_ACQUIRE_JOB_MS: 1016
review / pass2	UNKNOWN STEP	2026-08-15T05:40:56.4005083Z   GITHUB_REPO_NAME: handshake-project-dynamo/dynamo-1573c1a-data-querying-and-databases
review / pass2	UNKNOWN STEP	2026-08-15T05:40:56.4005355Z   pythonLocation: /opt/hostedtoolcache/Python/3.11.14/x64
review / pass2	UNKNOWN STEP	2026-08-15T05:40:56.4005585Z   PKG_CONFIG_PATH: /opt/hostedtoolcache/Python/3.11.14/x64/lib/pkgconfig
review / pass2	UNKNOWN STEP	2026-08-15T05:40:56.4005811Z   Python_ROOT_DIR: /opt/hostedtoolcache/Python/3.11.14/x64
review / pass2	UNKNOWN STEP	2026-08-15T05:40:56.4006015Z   Python2_ROOT_DIR: /opt/hostedtoolcache/Python/3.11.14/x64
review / pass2	UNKNOWN STEP	2026-08-15T05:40:56.4006221Z   Python3_ROOT_DIR: /opt/hostedtoolcache/Python/3.11.14/x64
review / pass2	UNKNOWN STEP	2026-08-15T05:40:56.4006431Z   LD_LIBRARY_PATH: /opt/hostedtoolcache/Python/3.11.14/x64/lib
review / pass2	UNKNOWN STEP	2026-08-15T05:40:56.4006635Z   UV_CACHE_DIR: /home/runner/_work/_temp/setup-uv-cache
review / pass2	UNKNOWN STEP	2026-08-15T05:40:56.4006951Z   RUN_URL: https://github.com/handshake-project-dynamo/dynamo-1573c1a-data-querying-and-databases/actions/runs/31866609701
review / pass2	UNKNOWN STEP	2026-08-15T05:40:56.4007243Z ##[endgroup]
review / pass2	UNKNOWN STEP	2026-08-15T05:40:56.4186130Z Node 20 is being deprecated. This workflow is running with Node 24 by default. If you need to temporarily use Node 20, you can set the ACTIONS_ALLOW_USE_UNSECURE_NODE_VERSION=true environment variable. For more information see: https://github.blog/changelog/2025-09-19-deprecation-of-node-20-on-github-actions-runners/
review / pass2	UNKNOWN STEP	2026-08-15T05:40:56.4186830Z ##[group]Run marocchino/sticky-pull-request-comment@773744901bac0e8cbb5a0dc842800d45e9b2b405
review / pass2	UNKNOWN STEP	2026-08-15T05:40:56.4187068Z with:
review / pass2	UNKNOWN STEP	2026-08-15T05:40:56.4187189Z   header: pass2-timeout-check
review / pass2	UNKNOWN STEP	2026-08-15T05:40:56.4187327Z   number: 5
review / pass2	UNKNOWN STEP	2026-08-15T05:40:56.4187437Z   path: comment.md
review / pass2	UNKNOWN STEP	2026-08-15T05:40:56.4187562Z   append: false
review / pass2	UNKNOWN STEP	2026-08-15T05:40:56.4187677Z   recreate: false
review / pass2	UNKNOWN STEP	2026-08-15T05:40:56.4187792Z   delete: false
review / pass2	UNKNOWN STEP	2026-08-15T05:40:56.4187907Z   only_create: false
review / pass2	UNKNOWN STEP	2026-08-15T05:40:56.4188025Z   only_update: false
review / pass2	UNKNOWN STEP	2026-08-15T05:40:56.4188146Z   hide_details: false
review / pass2	UNKNOWN STEP	2026-08-15T05:40:56.4188264Z   hide: false
review / pass2	UNKNOWN STEP	2026-08-15T05:40:56.4188395Z   hide_and_recreate: false
review / pass2	UNKNOWN STEP	2026-08-15T05:40:56.4188883Z   hide_classify: OUTDATED
review / pass2	UNKNOWN STEP	2026-08-15T05:40:56.4189018Z   ignore_empty: false
review / pass2	UNKNOWN STEP	2026-08-15T05:40:56.4189142Z   skip_unchanged: false
review / pass2	UNKNOWN STEP	2026-08-15T05:40:56.4189277Z   follow_symbolic_links: false
review / pass2	UNKNOWN STEP	2026-08-15T05:40:56.4190547Z   GITHUB_TOKEN: ***
review / pass2	UNKNOWN STEP	2026-08-15T05:40:56.4190662Z env:
review / pass2	UNKNOWN STEP	2026-08-15T05:40:56.4191798Z   GH_TOKEN: ***
review / pass2	UNKNOWN STEP	2026-08-15T05:40:56.4191985Z   REPO: handshake-project-dynamo/dynamo-1573c1a-data-querying-and-databases
review / pass2	UNKNOWN STEP	2026-08-15T05:40:56.4192193Z   PR_NUMBER: 5
review / pass2	UNKNOWN STEP	2026-08-15T05:40:56.4192318Z   BLACKSMITH_RUNNER_MESSAGE_WAIT_MS: 210541
review / pass2	UNKNOWN STEP	2026-08-15T05:40:56.4192483Z   BLACKSMITH_RUNNER_ACQUIRE_JOB_MS: 1016
review / pass2	UNKNOWN STEP	2026-08-15T05:40:56.4192721Z   GITHUB_REPO_NAME: handshake-project-dynamo/dynamo-1573c1a-data-querying-and-databases
review / pass2	UNKNOWN STEP	2026-08-15T05:40:56.4192988Z   pythonLocation: /opt/hostedtoolcache/Python/3.11.14/x64
review / pass2	UNKNOWN STEP	2026-08-15T05:40:56.4193216Z   PKG_CONFIG_PATH: /opt/hostedtoolcache/Python/3.11.14/x64/lib/pkgconfig
review / pass2	UNKNOWN STEP	2026-08-15T05:40:56.4193442Z   Python_ROOT_DIR: /opt/hostedtoolcache/Python/3.11.14/x64
review / pass2	UNKNOWN STEP	2026-08-15T05:40:56.4193649Z   Python2_ROOT_DIR: /opt/hostedtoolcache/Python/3.11.14/x64
review / pass2	UNKNOWN STEP	2026-08-15T05:40:56.4193856Z   Python3_ROOT_DIR: /opt/hostedtoolcache/Python/3.11.14/x64
review / pass2	UNKNOWN STEP	2026-08-15T05:40:56.4194066Z   LD_LIBRARY_PATH: /opt/hostedtoolcache/Python/3.11.14/x64/lib
review / pass2	UNKNOWN STEP	2026-08-15T05:40:56.4194268Z   UV_CACHE_DIR: /home/runner/_work/_temp/setup-uv-cache
review / pass2	UNKNOWN STEP	2026-08-15T05:40:56.4194433Z ##[endgroup]
review / pass2	UNKNOWN STEP	2026-08-15T05:40:57.7106352Z ##[group]Run if [ "false" != "true" ]; then
review / pass2	UNKNOWN STEP	2026-08-15T05:40:57.7106543Z ^[[36;1mif [ "false" != "true" ]; then^[[0m
review / pass2	UNKNOWN STEP	2026-08-15T05:40:57.7106976Z ^[[36;1m  echo "::error::pass@2: no valid agent failure (0 of 2 runs failed genuinely). pass@5 is skipped until the task produces >=1 valid fail. See the PR comment for the cause (too easy / task-verifier issue / env-infra error)."^[[0m
review / pass2	UNKNOWN STEP	2026-08-15T05:40:57.7107388Z ^[[36;1m  exit 1^[[0m
review / pass2	UNKNOWN STEP	2026-08-15T05:40:57.7107498Z ^[[36;1mfi^[[0m
review / pass2	UNKNOWN STEP	2026-08-15T05:40:57.7107677Z ^[[36;1mecho "pass@2 OK — 0 valid fail(s); proceeding to the automated review."^[[0m
review / pass2	UNKNOWN STEP	2026-08-15T05:40:57.7119313Z shell: /usr/bin/bash -e {0}
review / pass2	UNKNOWN STEP	2026-08-15T05:40:57.7119452Z env:
review / pass2	UNKNOWN STEP	2026-08-15T05:40:57.7120713Z   GH_TOKEN: ***
review / pass2	UNKNOWN STEP	2026-08-15T05:40:57.7120905Z   REPO: handshake-project-dynamo/dynamo-1573c1a-data-querying-and-databases
review / pass2	UNKNOWN STEP	2026-08-15T05:40:57.7121114Z   PR_NUMBER: 5
review / pass2	UNKNOWN STEP	2026-08-15T05:40:57.7121243Z   BLACKSMITH_RUNNER_MESSAGE_WAIT_MS: 210541
review / pass2	UNKNOWN STEP	2026-08-15T05:40:57.7121417Z   BLACKSMITH_RUNNER_ACQUIRE_JOB_MS: 1016
review / pass2	UNKNOWN STEP	2026-08-15T05:40:57.7121647Z   GITHUB_REPO_NAME: handshake-project-dynamo/dynamo-1573c1a-data-querying-and-databases
review / pass2	UNKNOWN STEP	2026-08-15T05:40:57.7121906Z   pythonLocation: /opt/hostedtoolcache/Python/3.11.14/x64
review / pass2	UNKNOWN STEP	2026-08-15T05:40:57.7122130Z   PKG_CONFIG_PATH: /opt/hostedtoolcache/Python/3.11.14/x64/lib/pkgconfig
review / pass2	UNKNOWN STEP	2026-08-15T05:40:57.7122354Z   Python_ROOT_DIR: /opt/hostedtoolcache/Python/3.11.14/x64
review / pass2	UNKNOWN STEP	2026-08-15T05:40:57.7122555Z   Python2_ROOT_DIR: /opt/hostedtoolcache/Python/3.11.14/x64
review / pass2	UNKNOWN STEP	2026-08-15T05:40:57.7122760Z   Python3_ROOT_DIR: /opt/hostedtoolcache/Python/3.11.14/x64
review / pass2	UNKNOWN STEP	2026-08-15T05:40:57.7122964Z   LD_LIBRARY_PATH: /opt/hostedtoolcache/Python/3.11.14/x64/lib
review / pass2	UNKNOWN STEP	2026-08-15T05:40:57.7123163Z   UV_CACHE_DIR: /home/runner/_work/_temp/setup-uv-cache
review / pass2	UNKNOWN STEP	2026-08-15T05:40:57.7123328Z ##[endgroup]
review / pass2	UNKNOWN STEP	2026-08-15T05:40:57.7153152Z ##[error]pass@2: no valid agent failure (0 of 2 runs failed genuinely). pass@5 is skipped until the task produces >=1 valid fail. See the PR comment for the cause (too easy / task-verifier issue / env-infra error).
review / pass2	UNKNOWN STEP	2026-08-15T05:40:57.7157909Z ##[error]Process completed with exit code 1.
review / pass2	UNKNOWN STEP	2026-08-15T05:40:57.7178189Z ##[group]Run mkdir -p "$RUNNER_TEMP/stage-outputs"
review / pass2	UNKNOWN STEP	2026-08-15T05:40:57.7178406Z ^[[36;1mmkdir -p "$RUNNER_TEMP/stage-outputs"^[[0m
review / pass2	UNKNOWN STEP	2026-08-15T05:40:57.7178627Z ^[[36;1mjq -n --arg valid "${VALID:-0}" --arg proceed "${PROCEED:-false}" \^[[0m
review / pass2	UNKNOWN STEP	2026-08-15T05:40:57.7178907Z ^[[36;1m      --arg infra_only "${INFRA_ONLY:-false}" --arg origin_run_id "$GITHUB_RUN_ID" \^[[0m
review / pass2	UNKNOWN STEP	2026-08-15T05:40:57.7179690Z ^[[36;1m  '{valid: $valid, proceed: $proceed, infra_only: $infra_only, origin_run_id: $origin_run_id}' \^[[0m
review / pass2	UNKNOWN STEP	2026-08-15T05:40:57.7180144Z ^[[36;1m  > "$RUNNER_TEMP/stage-outputs/pass2-outputs.json"^[[0m
review / pass2	UNKNOWN STEP	2026-08-15T05:40:57.7187853Z shell: /usr/bin/bash -e {0}
review / pass2	UNKNOWN STEP	2026-08-15T05:40:57.7187991Z env:
review / pass2	UNKNOWN STEP	2026-08-15T05:40:57.7189200Z   GH_TOKEN: ***
review / pass2	UNKNOWN STEP	2026-08-15T05:40:57.7189392Z   REPO: handshake-project-dynamo/dynamo-1573c1a-data-querying-and-databases
review / pass2	UNKNOWN STEP	2026-08-15T05:40:57.7189604Z   PR_NUMBER: 5
review / pass2	UNKNOWN STEP	2026-08-15T05:40:57.7189734Z   BLACKSMITH_RUNNER_MESSAGE_WAIT_MS: 210541
review / pass2	UNKNOWN STEP	2026-08-15T05:40:57.7189922Z   BLACKSMITH_RUNNER_ACQUIRE_JOB_MS: 1016
review / pass2	UNKNOWN STEP	2026-08-15T05:40:57.7190195Z   GITHUB_REPO_NAME: handshake-project-dynamo/dynamo-1573c1a-data-querying-and-databases
review / pass2	UNKNOWN STEP	2026-08-15T05:40:57.7190468Z   pythonLocation: /opt/hostedtoolcache/Python/3.11.14/x64
review / pass2	UNKNOWN STEP	2026-08-15T05:40:57.7190698Z   PKG_CONFIG_PATH: /opt/hostedtoolcache/Python/3.11.14/x64/lib/pkgconfig
review / pass2	UNKNOWN STEP	2026-08-15T05:40:57.7190928Z   Python_ROOT_DIR: /opt/hostedtoolcache/Python/3.11.14/x64
review / pass2	UNKNOWN STEP	2026-08-15T05:40:57.7191138Z   Python2_ROOT_DIR: /opt/hostedtoolcache/Python/3.11.14/x64
review / pass2	UNKNOWN STEP	2026-08-15T05:40:57.7191345Z   Python3_ROOT_DIR: /opt/hostedtoolcache/Python/3.11.14/x64
review / pass2	UNKNOWN STEP	2026-08-15T05:40:57.7191551Z   LD_LIBRARY_PATH: /opt/hostedtoolcache/Python/3.11.14/x64/lib
review / pass2	UNKNOWN STEP	2026-08-15T05:40:57.7191752Z   UV_CACHE_DIR: /home/runner/_work/_temp/setup-uv-cache
review / pass2	UNKNOWN STEP	2026-08-15T05:40:57.7191917Z   VALID: 0
review / pass2	UNKNOWN STEP	2026-08-15T05:40:57.7192026Z   PROCEED: false
review / pass2	UNKNOWN STEP	2026-08-15T05:40:57.7192140Z   INFRA_ONLY: false
review / pass2	UNKNOWN STEP	2026-08-15T05:40:57.7192261Z ##[endgroup]
review / pass2	UNKNOWN STEP	2026-08-15T05:40:57.7264950Z Node 20 is being deprecated. This workflow is running with Node 24 by default. If you need to temporarily use Node 20, you can set the ACTIONS_ALLOW_USE_UNSECURE_NODE_VERSION=true environment variable. For more information see: https://github.blog/changelog/2025-09-19-deprecation-of-node-20-on-github-actions-runners/
review / pass2	UNKNOWN STEP	2026-08-15T05:40:57.7265637Z ##[group]Run actions/upload-artifact@ea165f8d65b6e75b540449e92b4886f43607fa02
review / pass2	UNKNOWN STEP	2026-08-15T05:40:57.7265842Z with:
review / pass2	UNKNOWN STEP	2026-08-15T05:40:57.7265964Z   name: stage-outputs-pass2
review / pass2	UNKNOWN STEP	2026-08-15T05:40:57.7266162Z   path: /home/runner/_work/_temp/stage-outputs/pass2-outputs.json
review / pass2	UNKNOWN STEP	2026-08-15T05:40:57.7266365Z   if-no-files-found: warn
review / pass2	UNKNOWN STEP	2026-08-15T05:40:57.7266496Z   compression-level: 6
review / pass2	UNKNOWN STEP	2026-08-15T05:40:57.7266620Z   overwrite: false
review / pass2	UNKNOWN STEP	2026-08-15T05:40:57.7266747Z   include-hidden-files: false
review / pass2	UNKNOWN STEP	2026-08-15T05:40:57.7287490Z env:
review / pass2	UNKNOWN STEP	2026-08-15T05:40:57.7288674Z   GH_TOKEN: ***
review / pass2	UNKNOWN STEP	2026-08-15T05:40:57.7288886Z   REPO: handshake-project-dynamo/dynamo-1573c1a-data-querying-and-databases
review / pass2	UNKNOWN STEP	2026-08-15T05:40:57.7289092Z   PR_NUMBER: 5
review / pass2	UNKNOWN STEP	2026-08-15T05:40:57.7289211Z   BLACKSMITH_RUNNER_MESSAGE_WAIT_MS: 210541
review / pass2	UNKNOWN STEP	2026-08-15T05:40:57.7289364Z   BLACKSMITH_RUNNER_ACQUIRE_JOB_MS: 1016
review / pass2	UNKNOWN STEP	2026-08-15T05:40:57.7289596Z   GITHUB_REPO_NAME: handshake-project-dynamo/dynamo-1573c1a-data-querying-and-databases
review / pass2	UNKNOWN STEP	2026-08-15T05:40:57.7289854Z   pythonLocation: /opt/hostedtoolcache/Python/3.11.14/x64
review / pass2	UNKNOWN STEP	2026-08-15T05:40:57.7290112Z   PKG_CONFIG_PATH: /opt/hostedtoolcache/Python/3.11.14/x64/lib/pkgconfig
review / pass2	UNKNOWN STEP	2026-08-15T05:40:57.7290331Z   Python_ROOT_DIR: /opt/hostedtoolcache/Python/3.11.14/x64
review / pass2	UNKNOWN STEP	2026-08-15T05:40:57.7290537Z   Python2_ROOT_DIR: /opt/hostedtoolcache/Python/3.11.14/x64
review / pass2	UNKNOWN STEP	2026-08-15T05:40:57.7290734Z   Python3_ROOT_DIR: /opt/hostedtoolcache/Python/3.11.14/x64
review / pass2	UNKNOWN STEP	2026-08-15T05:40:57.7290933Z   LD_LIBRARY_PATH: /opt/hostedtoolcache/Python/3.11.14/x64/lib
review / pass2	UNKNOWN STEP	2026-08-15T05:40:57.7291128Z   UV_CACHE_DIR: /home/runner/_work/_temp/setup-uv-cache
review / pass2	UNKNOWN STEP	2026-08-15T05:40:57.7291285Z ##[endgroup]
review / pass2	UNKNOWN STEP	2026-08-15T05:40:57.8087756Z (node:5256) [DEP0040] DeprecationWarning: The `punycode` module is deprecated. Please use a userland alternative instead.
review / pass2	UNKNOWN STEP	2026-08-15T05:40:57.8088349Z (Use `node --trace-deprecation ...` to show where the warning was created)
review / pass2	UNKNOWN STEP	2026-08-15T05:40:57.8109354Z With the provided path, there will be 1 file uploaded
review / pass2	UNKNOWN STEP	2026-08-15T05:40:57.8112576Z Artifact name is valid!
review / pass2	UNKNOWN STEP	2026-08-15T05:40:57.8112962Z Root directory input is valid!
review / pass2	UNKNOWN STEP	2026-08-15T05:40:58.0837405Z Beginning upload of artifact content to blob storage
review / pass2	UNKNOWN STEP	2026-08-15T05:40:58.0958346Z (node:5256) [DEP0169] DeprecationWarning: `url.parse()` behavior is not standardized and prone to errors that have security implications. Use the WHATWG URL API instead. CVEs are not issued for `url.parse()` vulnerabilities.
review / pass2	UNKNOWN STEP	2026-08-15T05:40:58.3141595Z Uploaded bytes 225
review / pass2	UNKNOWN STEP	2026-08-15T05:40:58.3747096Z Finished uploading artifact content to blob storage!
review / pass2	UNKNOWN STEP	2026-08-15T05:40:58.3747496Z SHA256 digest of uploaded artifact zip is 9eac53262199ce5bff3fb2f256d382f466c4ac3a30f5d78e00d99c9043b7186e
review / pass2	UNKNOWN STEP	2026-08-15T05:40:58.3748423Z Finalizing artifact upload
review / pass2	UNKNOWN STEP	2026-08-15T05:40:58.6827380Z Artifact stage-outputs-pass2.zip successfully finalized. Artifact ID 9242457062
review / pass2	UNKNOWN STEP	2026-08-15T05:40:58.6827784Z Artifact stage-outputs-pass2 has been successfully uploaded! Final size is 225 bytes. Artifact ID is 9242457062
review / pass2	UNKNOWN STEP	2026-08-15T05:40:58.6850055Z Artifact download URL: https://github.com/handshake-project-dynamo/dynamo-1573c1a-data-querying-and-databases/actions/runs/31866609701/artifacts/9242457062
review / pass2	UNKNOWN STEP	2026-08-15T05:40:58.6885341Z ##[group]Run .dynamo/report-unhandled.sh
review / pass2	UNKNOWN STEP	2026-08-15T05:40:58.6885530Z ^[[36;1m.dynamo/report-unhandled.sh^[[0m
review / pass2	UNKNOWN STEP	2026-08-15T05:40:58.6896731Z shell: /usr/bin/bash -e {0}
review / pass2	UNKNOWN STEP	2026-08-15T05:40:58.6896874Z env:
review / pass2	UNKNOWN STEP	2026-08-15T05:40:58.6898118Z   GH_TOKEN: ***
review / pass2	UNKNOWN STEP	2026-08-15T05:40:58.6898315Z   REPO: handshake-project-dynamo/dynamo-1573c1a-data-querying-and-databases
review / pass2	UNKNOWN STEP	2026-08-15T05:40:58.6898532Z   PR_NUMBER: 5
review / pass2	UNKNOWN STEP	2026-08-15T05:40:58.6898666Z   BLACKSMITH_RUNNER_MESSAGE_WAIT_MS: 210541
review / pass2	UNKNOWN STEP	2026-08-15T05:40:58.6898830Z   BLACKSMITH_RUNNER_ACQUIRE_JOB_MS: 1016
review / pass2	UNKNOWN STEP	2026-08-15T05:40:58.6899067Z   GITHUB_REPO_NAME: handshake-project-dynamo/dynamo-1573c1a-data-querying-and-databases
review / pass2	UNKNOWN STEP	2026-08-15T05:40:58.6899471Z   pythonLocation: /opt/hostedtoolcache/Python/3.11.14/x64
review / pass2	UNKNOWN STEP	2026-08-15T05:40:58.6899702Z   PKG_CONFIG_PATH: /opt/hostedtoolcache/Python/3.11.14/x64/lib/pkgconfig
review / pass2	UNKNOWN STEP	2026-08-15T05:40:58.6899965Z   Python_ROOT_DIR: /opt/hostedtoolcache/Python/3.11.14/x64
review / pass2	UNKNOWN STEP	2026-08-15T05:40:58.6900199Z   Python2_ROOT_DIR: /opt/hostedtoolcache/Python/3.11.14/x64
review / pass2	UNKNOWN STEP	2026-08-15T05:40:58.6900407Z   Python3_ROOT_DIR: /opt/hostedtoolcache/Python/3.11.14/x64
review / pass2	UNKNOWN STEP	2026-08-15T05:40:58.6900620Z   LD_LIBRARY_PATH: /opt/hostedtoolcache/Python/3.11.14/x64/lib
review / pass2	UNKNOWN STEP	2026-08-15T05:40:58.6900825Z   UV_CACHE_DIR: /home/runner/_work/_temp/setup-uv-cache
review / pass2	UNKNOWN STEP	2026-08-15T05:40:58.6901106Z   DYNAMO_TASK_SIMILARITY_API_TOKEN: ***
review / pass2	UNKNOWN STEP	2026-08-15T05:40:58.6901321Z   DYNAMO_CHECKS_TOKEN: ***
review / pass2	UNKNOWN STEP	2026-08-15T05:40:58.6901458Z ##[endgroup]
review / pass2	UNKNOWN STEP	2026-08-15T05:40:59.3207799Z note: verdict at "Completion gate (red-X + skip pass@5 unless >=1 valid fail)" — the gate already told the PR; not reported.
review / pass2	UNKNOWN STEP	2026-08-15T05:40:59.3261757Z Post job cleanup.
review / pass2	UNKNOWN STEP	2026-08-15T05:40:59.3674521Z [command]/usr/local/bin/git version
review / pass2	UNKNOWN STEP	2026-08-15T05:40:59.3700828Z git version 2.52.0
review / pass2	UNKNOWN STEP	2026-08-15T05:40:59.3716951Z Temporarily overriding HOME='/home/runner/_work/_temp/d625c0bf-a4b0-4977-9838-e3e9f1c4cede' before making global git config changes
review / pass2	UNKNOWN STEP	2026-08-15T05:40:59.3717430Z Adding repository directory to the temporary git global config as a safe directory
review / pass2	UNKNOWN STEP	2026-08-15T05:40:59.3720404Z [command]/usr/local/bin/git config --global --add safe.directory /home/runner/_work/dynamo-1573c1a-data-querying-and-databases/dynamo-1573c1a-data-querying-and-databases/submission
review / pass2	UNKNOWN STEP	2026-08-15T05:40:59.3739963Z Removing SSH command configuration
review / pass2	UNKNOWN STEP	2026-08-15T05:40:59.3743795Z [command]/usr/local/bin/git config --local --name-only --get-regexp core\.sshCommand
review / pass2	UNKNOWN STEP	2026-08-15T05:40:59.3765487Z [command]/usr/local/bin/git submodule foreach --recursive sh -c "git config --local --name-only --get-regexp 'core\.sshCommand' && git config --local --unset-all 'core.sshCommand' || :"
review / pass2	UNKNOWN STEP	2026-08-15T05:40:59.3856791Z Removing HTTP extra header
review / pass2	UNKNOWN STEP	2026-08-15T05:40:59.3860496Z [command]/usr/local/bin/git config --local --name-only --get-regexp http\.https\:\/\/github\.com\/\.extraheader
review / pass2	UNKNOWN STEP	2026-08-15T05:40:59.3879067Z [command]/usr/local/bin/git submodule foreach --recursive sh -c "git config --local --name-only --get-regexp 'http\.https\:\/\/github\.com\/\.extraheader' && git config --local --unset-all 'http.https://github.com/.extraheader' || :"
review / pass2	UNKNOWN STEP	2026-08-15T05:40:59.3968240Z Removing includeIf entries pointing to credentials config files
review / pass2	UNKNOWN STEP	2026-08-15T05:40:59.3972455Z [command]/usr/local/bin/git config --local --name-only --get-regexp ^includeIf\.gitdir:
review / pass2	UNKNOWN STEP	2026-08-15T05:40:59.3989840Z [command]/usr/local/bin/git submodule foreach --recursive git config --local --show-origin --name-only --get-regexp remote.origin.url
review / pass2	UNKNOWN STEP	2026-08-15T05:40:59.4158422Z Node 20 is being deprecated. This workflow is running with Node 24 by default. If you need to temporarily use Node 20, you can set the ACTIONS_ALLOW_USE_UNSECURE_NODE_VERSION=true environment variable. For more information see: https://github.blog/changelog/2025-09-19-deprecation-of-node-20-on-github-actions-runners/
review / pass2	UNKNOWN STEP	2026-08-15T05:40:59.4159460Z Post job cleanup.
review / pass2	UNKNOWN STEP	2026-08-15T05:40:59.4634548Z [command]/usr/local/bin/git version
review / pass2	UNKNOWN STEP	2026-08-15T05:40:59.4657062Z git version 2.52.0
review / pass2	UNKNOWN STEP	2026-08-15T05:40:59.4673299Z Temporarily overriding HOME='/home/runner/_work/_temp/bec7fd4d-0cc8-4d4e-b1f2-a13630f17a65' before making global git config changes
review / pass2	UNKNOWN STEP	2026-08-15T05:40:59.4673891Z Adding repository directory to the temporary git global config as a safe directory
review / pass2	UNKNOWN STEP	2026-08-15T05:40:59.4676565Z [command]/usr/local/bin/git config --global --add safe.directory /home/runner/_work/dynamo-1573c1a-data-querying-and-databases/dynamo-1573c1a-data-querying-and-databases
review / pass2	UNKNOWN STEP	2026-08-15T05:40:59.4697883Z [command]/usr/local/bin/git config --local --name-only --get-regexp core\.sshCommand
review / pass2	UNKNOWN STEP	2026-08-15T05:40:59.4716472Z [command]/usr/local/bin/git submodule foreach --recursive sh -c "git config --local --name-only --get-regexp 'core\.sshCommand' && git config --local --unset-all 'core.sshCommand' || :"
review / pass2	UNKNOWN STEP	2026-08-15T05:40:59.4813384Z [command]/usr/local/bin/git config --local --name-only --get-regexp http\.https\:\/\/github\.com\/\.extraheader
review / pass2	UNKNOWN STEP	2026-08-15T05:40:59.4826838Z http.https://github.com/.extraheader
review / pass2	UNKNOWN STEP	2026-08-15T05:40:59.4832078Z [command]/usr/local/bin/git config --local --unset-all http.https://github.com/.extraheader
review / pass2	UNKNOWN STEP	2026-08-15T05:40:59.4850028Z [command]/usr/local/bin/git submodule foreach --recursive sh -c "git config --local --name-only --get-regexp 'http\.https\:\/\/github\.com\/\.extraheader' && git config --local --unset-all 'http.https://github.com/.extraheader' || :"
review / pass2	UNKNOWN STEP	2026-08-15T05:40:59.4938349Z [command]/usr/local/bin/git config --local --name-only --get-regexp ^includeIf\.gitdir:
review / pass2	UNKNOWN STEP	2026-08-15T05:40:59.4955562Z [command]/usr/local/bin/git submodule foreach --recursive git config --local --show-origin --name-only --get-regexp remote.origin.url
review / pass2	UNKNOWN STEP	2026-08-15T05:40:59.5079742Z A job completed hook has been configured by the self-hosted runner administrator
review / pass2	UNKNOWN STEP	2026-08-15T05:40:59.5095581Z ##[group]Run '/job_completed.sh'
review / pass2	UNKNOWN STEP	2026-08-15T05:40:59.5103703Z shell: /usr/bin/bash --noprofile --norc -e -o pipefail {0}
review / pass2	UNKNOWN STEP	2026-08-15T05:40:59.5103890Z env:
review / pass2	UNKNOWN STEP	2026-08-15T05:40:59.5104021Z   BLACKSMITH_RUNNER_MESSAGE_WAIT_MS: 210541
review / pass2	UNKNOWN STEP	2026-08-15T05:40:59.5104192Z   BLACKSMITH_RUNNER_ACQUIRE_JOB_MS: 1016
review / pass2	UNKNOWN STEP	2026-08-15T05:40:59.5104343Z ##[endgroup]
review / pass2	UNKNOWN STEP	2026-08-15T05:40:59.5170498Z Docker container caching not enabled, skipping hash computation.
review / pass2	UNKNOWN STEP	2026-08-15T05:40:59.5208960Z No active SSH sessions detected. Proceeding with shutdown immediately.
review / pass2	UNKNOWN STEP	2026-08-15T05:40:59.5250101Z Evaluate and set job outputs
review / pass2	UNKNOWN STEP	2026-08-15T05:40:59.5253536Z Set output 'valid'
review / pass2	UNKNOWN STEP	2026-08-15T05:40:59.5254423Z Set output 'proceed'
review / pass2	UNKNOWN STEP	2026-08-15T05:40:59.5254767Z Set output 'infra_only'
review / pass2	UNKNOWN STEP	2026-08-15T05:40:59.5255080Z Cleaning up orphan processes
review / pass2	UNKNOWN STEP	2026-08-15T05:40:59.5375439Z ##[warning]Node.js 20 is deprecated. The following actions target Node.js 20 but are being forced to run on Node.js 24: actions/checkout@11d5960a326750d5838078e36cf38b85af677262, actions/setup-python@a26af69be951a213d495a4c3e4e4022e16d87065, actions/upload-artifact@ea165f8d65b6e75b540449e92b4886f43607fa02, astral-sh/setup-uv@38f3f104447c67c051c4a08e39b64a148898af3a, marocchino/sticky-pull-request-comment@773744901bac0e8cbb5a0dc842800d45e9b2b405. For more information see: https://github.blog/changelog/2025-09-19-deprecation-of-node-20-on-github-actions-runners/
review / gate	UNKNOWN STEP	﻿2026-08-15T05:41:08.5079239Z Current runner version: '2.336.0'
review / gate	UNKNOWN STEP	2026-08-15T05:41:08.5082870Z Runner name: 'blacksmith-scale2-01m01yr3pyegfms79bqes0ggnj-2vcpu'
review / gate	UNKNOWN STEP	2026-08-15T05:41:08.5083630Z Runner group name: 'blacksmith runners 01kyaj49yqtkmevmxapsvtx542'
review / gate	UNKNOWN STEP	2026-08-15T05:41:08.5084417Z Machine name: 'ip-172-31-64-123'
review / gate	UNKNOWN STEP	2026-08-15T05:41:08.5086481Z ##[group]GITHUB_TOKEN Permissions
review / gate	UNKNOWN STEP	2026-08-15T05:41:08.5087789Z Contents: read
review / gate	UNKNOWN STEP	2026-08-15T05:41:08.5088166Z Metadata: read
review / gate	UNKNOWN STEP	2026-08-15T05:41:08.5088634Z PullRequests: write
review / gate	UNKNOWN STEP	2026-08-15T05:41:08.5089042Z ##[endgroup]
review / gate	UNKNOWN STEP	2026-08-15T05:41:08.5090406Z Secret source: Actions
review / gate	UNKNOWN STEP	2026-08-15T05:41:08.5091183Z Prepare workflow directory
review / gate	UNKNOWN STEP	2026-08-15T05:41:08.5288095Z Prepare all required actions
review / gate	UNKNOWN STEP	2026-08-15T05:41:08.5308064Z Setting BLACKSMITH_ACTIONS_RESULTS_URL to https://results-receiver.actions.githubusercontent.com/
review / gate	UNKNOWN STEP	2026-08-15T05:41:08.5351284Z Uses: handshake-project-dynamo/handshake-orchestration-tb2/.github/workflows/dynamo-review.yml@refs/heads/main (623a2dbaae6fffe4e0cfe4e975c4442ae8ea3116)
review / gate	UNKNOWN STEP	2026-08-15T05:41:08.5354346Z ##[group] Inputs
review / gate	UNKNOWN STEP	2026-08-15T05:41:08.5354760Z   checks_ref: main
review / gate	UNKNOWN STEP	2026-08-15T05:41:08.5355145Z ##[endgroup]
review / gate	UNKNOWN STEP	2026-08-15T05:41:08.5355588Z Complete job name: review / gate
review / gate	UNKNOWN STEP	2026-08-15T05:41:08.5713766Z A job started hook has been configured by the self-hosted runner administrator
review / gate	UNKNOWN STEP	2026-08-15T05:41:08.6032687Z ##[group]Run '/setup.sh'
review / gate	UNKNOWN STEP	2026-08-15T05:41:08.6054818Z shell: /usr/bin/bash --noprofile --norc -e -o pipefail {0}
review / gate	UNKNOWN STEP	2026-08-15T05:41:08.6055279Z env:
review / gate	UNKNOWN STEP	2026-08-15T05:41:08.6055536Z   BLACKSMITH_RUNNER_MESSAGE_WAIT_MS: 263452
review / gate	UNKNOWN STEP	2026-08-15T05:41:08.6055855Z   BLACKSMITH_RUNNER_ACQUIRE_JOB_MS: 1076
review / gate	UNKNOWN STEP	2026-08-15T05:41:08.6056147Z ##[endgroup]
review / gate	UNKNOWN STEP	2026-08-15T05:41:08.6392022Z Logging daemon started (blacksmithd for logs)
review / gate	UNKNOWN STEP	2026-08-15T05:41:08.6544271Z Results daemon started (blacksmithd for results)
review / gate	UNKNOWN STEP	2026-08-15T05:41:08.6731657Z Background adoption and SSH setup started (PID: 3597)
review / gate	UNKNOWN STEP	2026-08-15T05:41:08.6735471Z 
review / gate	UNKNOWN STEP	2026-08-15T05:41:08.6735761Z ----------------------------------------
review / gate	UNKNOWN STEP	2026-08-15T05:41:08.6820651Z View this job: https://app.blacksmith.sh/handshake-project-dynamo/runs/31866609701/jobs/94970916911
review / gate	UNKNOWN STEP	2026-08-15T05:41:08.6827721Z SSH Access (using your GitHub SSH key):
review / gate	UNKNOWN STEP	2026-08-15T05:41:08.6834264Z   ssh -p 64000 runner@blacksmith-scale2-01m01yr3pyegfms79bqes0ggnj-2vcpu.vm.blacksmith.sh
review / gate	UNKNOWN STEP	2026-08-15T05:41:08.6834720Z 
review / gate	UNKNOWN STEP	2026-08-15T05:41:08.6834935Z No GitHub SSH key? Add one at:
review / gate	UNKNOWN STEP	2026-08-15T05:41:08.6835800Z https://docs.github.com/en/authentication/connecting-to-github-with-ssh/adding-a-new-ssh-key-to-your-github-account
review / gate	UNKNOWN STEP	2026-08-15T05:41:08.6836276Z 
review / gate	UNKNOWN STEP	2026-08-15T05:41:08.6836448Z ----------------------------------------
review / gate	UNKNOWN STEP	2026-08-15T05:41:08.6836690Z 
review / gate	UNKNOWN STEP	2026-08-15T05:41:08.6836935Z VM ID: blacksmith-scale2-01m01yr3pyegfms79bqes0ggnj-2vcpu
review / gate	UNKNOWN STEP	2026-08-15T05:41:08.6840805Z Host: production-192.240.241.195-x8664
review / gate	UNKNOWN STEP	2026-08-15T05:41:08.6841173Z Host Agent PID: 249720
review / gate	UNKNOWN STEP	2026-08-15T05:41:08.6841470Z Agent Process Count: 1
review / gate	UNKNOWN STEP	2026-08-15T05:41:08.6841769Z Host Agent Git SHA: 1dcca3f2
review / gate	UNKNOWN STEP	2026-08-15T05:41:08.6866019Z Host CPU Manufacturer: AuthenticAMD
review / gate	UNKNOWN STEP	2026-08-15T05:41:08.6872655Z Blacksmith Host Generation: gen 2
review / gate	UNKNOWN STEP	2026-08-15T05:41:08.6895845Z Petname: production-tender-jaguar-fbc6d0b9
review / gate	UNKNOWN STEP	2026-08-15T05:41:08.6948520Z Region: us-west
review / gate	UNKNOWN STEP	2026-08-15T05:41:08.6948928Z Rootfs Version: ubuntu24-full-x64-012126
review / gate	UNKNOWN STEP	2026-08-15T05:41:08.6949415Z OS Version: Ubuntu 24.04.3 LTS
review / gate	UNKNOWN STEP	2026-08-15T05:41:08.6985791Z System Statistics:
review / gate	UNKNOWN STEP	2026-08-15T05:41:08.6986243Z -----------------
review / gate	UNKNOWN STEP	2026-08-15T05:41:08.7024898Z VM CPU Count: 3
review / gate	UNKNOWN STEP	2026-08-15T05:41:08.7029468Z 
review / gate	UNKNOWN STEP	2026-08-15T05:41:08.7031020Z Jobs by Process ID:
review / gate	UNKNOWN STEP	2026-08-15T05:41:08.7055902Z -----------------
review / gate	UNKNOWN STEP	2026-08-15T05:41:08.7088762Z PID 249720: 2 jobs
review / gate	UNKNOWN STEP	2026-08-15T05:41:08.7092189Z Total: 2 jobs across 1 process
review / gate	UNKNOWN STEP	2026-08-15T05:41:08.7092526Z 
review / gate	UNKNOWN STEP	2026-08-15T05:41:08.7135389Z Devices by Process ID:
review / gate	UNKNOWN STEP	2026-08-15T05:41:08.7135955Z -----------------
review / gate	UNKNOWN STEP	2026-08-15T05:41:08.7182590Z PID 249720: 2 devices
review / gate	UNKNOWN STEP	2026-08-15T05:41:08.7182946Z Total: 2 devices across 1 process
review / gate	UNKNOWN STEP	2026-08-15T05:41:08.7183326Z Enabling Blacksmith transparent cache
review / gate	UNKNOWN STEP	2026-08-15T05:41:08.7451138Z ##[group]Run R='success'; S='success'; DR='skipped'; AR='skipped'
review / gate	UNKNOWN STEP	2026-08-15T05:41:08.7451901Z ^[[36;1mR='success'; S='success'; DR='skipped'; AR='skipped'^[[0m
review / gate	UNKNOWN STEP	2026-08-15T05:41:08.7452327Z ^[[36;1mV='success'; P='failure'; T='skipped'; QG='skipped'; T1='skipped'^[[0m
review / gate	UNKNOWN STEP	2026-08-15T05:41:08.7452810Z ^[[36;1mstage_ok() { # result run_flag — success, or skipped WITH sanction^[[0m
review / gate	UNKNOWN STEP	2026-08-15T05:41:08.7453304Z ^[[36;1m  [ "$1" = "success" ] || { [ "$1" = "skipped" ] && [ "$2" = "false" ]; }^[[0m
review / gate	UNKNOWN STEP	2026-08-15T05:41:08.7453650Z ^[[36;1m}^[[0m
review / gate	UNKNOWN STEP	2026-08-15T05:41:08.7453862Z ^[[36;1mALL_GREEN=true^[[0m
review / gate	UNKNOWN STEP	2026-08-15T05:41:08.7454162Z ^[[36;1mstage_ok "$R" "$RUN_REVIEW"      || ALL_GREEN=false^[[0m
review / gate	UNKNOWN STEP	2026-08-15T05:41:08.7454553Z ^[[36;1mstage_ok "$S" "$RUN_SIMILARITY"  || ALL_GREEN=false^[[0m
review / gate	UNKNOWN STEP	2026-08-15T05:41:08.7454932Z ^[[36;1mstage_ok "$V" "$RUN_VALIDATION"  || ALL_GREEN=false^[[0m
review / gate	UNKNOWN STEP	2026-08-15T05:41:08.7455316Z ^[[36;1mstage_ok "$P" "$RUN_PASS2"       || ALL_GREEN=false^[[0m
review / gate	UNKNOWN STEP	2026-08-15T05:41:08.7455720Z ^[[36;1mstage_ok "$T1" "$RUN_TIER1"      || ALL_GREEN=false^[[0m
review / gate	UNKNOWN STEP	2026-08-15T05:41:08.7456099Z ^[[36;1mstage_ok "$QG" "$RUN_QC"         || ALL_GREEN=false^[[0m
review / gate	UNKNOWN STEP	2026-08-15T05:41:08.7456471Z ^[[36;1mstage_ok "$DR" "$RUN_DEEP"       || ALL_GREEN=false^[[0m
review / gate	UNKNOWN STEP	2026-08-15T05:41:08.7456847Z ^[[36;1mstage_ok "$AR" "$RUN_AVA"        || ALL_GREEN=false^[[0m
review / gate	UNKNOWN STEP	2026-08-15T05:41:08.7457216Z ^[[36;1mstage_ok "$T" "$RUN_TRIALS"      || ALL_GREEN=false^[[0m
review / gate	UNKNOWN STEP	2026-08-15T05:41:08.7457550Z ^[[36;1mif [ "$ALL_GREEN" = true ]; then^[[0m
review / gate	UNKNOWN STEP	2026-08-15T05:41:08.7457971Z ^[[36;1m  ADD=accepted; RM=needs-revision; COLOR=0e8a16; DESC="Dynamo: all checks passed"^[[0m
review / gate	UNKNOWN STEP	2026-08-15T05:41:08.7458585Z ^[[36;1m  gh pr edit "$PR_NUMBER" --repo "$REPO" --remove-label "rework-submitted-on-red" 2>/dev/null || true^[[0m
review / gate	UNKNOWN STEP	2026-08-15T05:41:08.7459133Z ^[[36;1melse^[[0m
review / gate	UNKNOWN STEP	2026-08-15T05:41:08.7459513Z ^[[36;1m  ADD=needs-revision; RM=accepted; COLOR=d93f0b; DESC="Dynamo: one or more checks failed"^[[0m
review / gate	UNKNOWN STEP	2026-08-15T05:41:08.7459943Z ^[[36;1mfi^[[0m
review / gate	UNKNOWN STEP	2026-08-15T05:41:08.7460328Z ^[[36;1mgh label create "$ADD" --repo "$REPO" --color "$COLOR" --description "$DESC" 2>/dev/null || true^[[0m
review / gate	UNKNOWN STEP	2026-08-15T05:41:08.7460886Z ^[[36;1mgh pr edit "$PR_NUMBER" --repo "$REPO" --add-label "$ADD" 2>/dev/null || true^[[0m
review / gate	UNKNOWN STEP	2026-08-15T05:41:08.7461477Z ^[[36;1mgh pr edit "$PR_NUMBER" --repo "$REPO" --remove-label "$RM" --remove-label "in-progress" 2>/dev/null || true^[[0m
review / gate	UNKNOWN STEP	2026-08-15T05:41:08.7521761Z shell: /usr/bin/bash -e {0}
review / gate	UNKNOWN STEP	2026-08-15T05:41:08.7522112Z env:
review / gate	UNKNOWN STEP	2026-08-15T05:41:08.7522367Z   BLACKSMITH_RUNNER_MESSAGE_WAIT_MS: 263452
review / gate	UNKNOWN STEP	2026-08-15T05:41:08.7522685Z   BLACKSMITH_RUNNER_ACQUIRE_JOB_MS: 1076
review / gate	UNKNOWN STEP	2026-08-15T05:41:08.7523173Z   GITHUB_REPO_NAME: handshake-project-dynamo/dynamo-1573c1a-data-querying-and-databases
review / gate	UNKNOWN STEP	2026-08-15T05:41:08.7525474Z   GH_TOKEN: ***
review / gate	UNKNOWN STEP	2026-08-15T05:41:08.7525843Z   REPO: handshake-project-dynamo/dynamo-1573c1a-data-querying-and-databases
review / gate	UNKNOWN STEP	2026-08-15T05:41:08.7526260Z   PR_NUMBER: 5
review / gate	UNKNOWN STEP	2026-08-15T05:41:08.7526492Z   RUN_REVIEW: true
review / gate	UNKNOWN STEP	2026-08-15T05:41:08.7526732Z   RUN_SIMILARITY: true
review / gate	UNKNOWN STEP	2026-08-15T05:41:08.7527003Z   RUN_VALIDATION: true
review / gate	UNKNOWN STEP	2026-08-15T05:41:08.7527263Z   RUN_PASS2: true
review / gate	UNKNOWN STEP	2026-08-15T05:41:08.7527492Z   RUN_TIER1: true
review / gate	UNKNOWN STEP	2026-08-15T05:41:08.7527716Z   RUN_QC: true
review / gate	UNKNOWN STEP	2026-08-15T05:41:08.7527937Z   RUN_DEEP: true
review / gate	UNKNOWN STEP	2026-08-15T05:41:08.7528163Z   RUN_AVA: true
review / gate	UNKNOWN STEP	2026-08-15T05:41:08.7528387Z   RUN_TRIALS: true
review / gate	UNKNOWN STEP	2026-08-15T05:41:08.7528619Z ##[endgroup]
review / gate	UNKNOWN STEP	2026-08-15T05:41:10.7445879Z https://github.com/handshake-project-dynamo/dynamo-1573c1a-data-querying-and-databases/pull/5
review / gate	UNKNOWN STEP	2026-08-15T05:41:11.7061402Z ##[group]Run R='success'; S='success'; DR='skipped'; AR='skipped'
review / gate	UNKNOWN STEP	2026-08-15T05:41:11.7061704Z ^[[36;1mR='success'; S='success'; DR='skipped'; AR='skipped'^[[0m
review / gate	UNKNOWN STEP	2026-08-15T05:41:11.7061929Z ^[[36;1mV='success'; P='failure'; T='skipped'; QG='skipped'; T1='skipped'^[[0m
review / gate	UNKNOWN STEP	2026-08-15T05:41:11.7062352Z ^[[36;1mecho "review=$R  similarity=$S  validation=$V  pass2=$P  tier1=$T1  qc_gate=$QG  deep_review=$DR  ava_review=$AR  trials=$T"^[[0m
review / gate	UNKNOWN STEP	2026-08-15T05:41:11.7062906Z ^[[36;1mecho "sanctioned: review=$RUN_REVIEW similarity=$RUN_SIMILARITY validation=$RUN_VALIDATION pass2=$RUN_PASS2 tier1=$RUN_TIER1 qc=$RUN_QC deep=$RUN_DEEP ava=$RUN_AVA trials=$RUN_TRIALS (run flags — 'false' = skip sanctioned)"^[[0m
review / gate	UNKNOWN STEP	2026-08-15T05:41:11.7063599Z ^[[36;1mstage_ok() { # result run_flag — success, or skipped WITH sanction^[[0m
review / gate	UNKNOWN STEP	2026-08-15T05:41:11.7063852Z ^[[36;1m  [ "$1" = "success" ] || { [ "$1" = "skipped" ] && [ "$2" = "false" ]; }^[[0m
review / gate	UNKNOWN STEP	2026-08-15T05:41:11.7064037Z ^[[36;1m}^[[0m
review / gate	UNKNOWN STEP	2026-08-15T05:41:11.7064199Z ^[[36;1mFAILED=""^[[0m
review / gate	UNKNOWN STEP	2026-08-15T05:41:11.7064365Z ^[[36;1mstage_ok "$R" "$RUN_REVIEW"      || FAILED="$FAILED review=$R"^[[0m
review / gate	UNKNOWN STEP	2026-08-15T05:41:11.7064600Z ^[[36;1mstage_ok "$S" "$RUN_SIMILARITY"  || FAILED="$FAILED similarity=$S"^[[0m
review / gate	UNKNOWN STEP	2026-08-15T05:41:11.7064828Z ^[[36;1mstage_ok "$V" "$RUN_VALIDATION"  || FAILED="$FAILED validation=$V"^[[0m
review / gate	UNKNOWN STEP	2026-08-15T05:41:11.7065051Z ^[[36;1mstage_ok "$P" "$RUN_PASS2"       || FAILED="$FAILED pass2=$P"^[[0m
review / gate	UNKNOWN STEP	2026-08-15T05:41:11.7065283Z ^[[36;1mstage_ok "$T1" "$RUN_TIER1"      || FAILED="$FAILED tier1=$T1"^[[0m
review / gate	UNKNOWN STEP	2026-08-15T05:41:11.7065511Z ^[[36;1mstage_ok "$QG" "$RUN_QC"         || FAILED="$FAILED qc_gate=$QG"^[[0m
review / gate	UNKNOWN STEP	2026-08-15T05:41:11.7065753Z ^[[36;1mstage_ok "$DR" "$RUN_DEEP"       || FAILED="$FAILED deep_review=$DR"^[[0m
review / gate	UNKNOWN STEP	2026-08-15T05:41:11.7065986Z ^[[36;1mstage_ok "$AR" "$RUN_AVA"        || FAILED="$FAILED ava_review=$AR"^[[0m
review / gate	UNKNOWN STEP	2026-08-15T05:41:11.7066207Z ^[[36;1mstage_ok "$T" "$RUN_TRIALS"      || FAILED="$FAILED trials=$T"^[[0m
review / gate	UNKNOWN STEP	2026-08-15T05:41:11.7066406Z ^[[36;1mif [ -n "$FAILED" ]; then^[[0m
review / gate	UNKNOWN STEP	2026-08-15T05:41:11.7066573Z ^[[36;1m  CANCELLED=false; ANY_STAGE_FAILURE=false^[[0m
review / gate	UNKNOWN STEP	2026-08-15T05:41:11.7066781Z ^[[36;1m  for RESULT in "$R" "$S" "$V" "$P" "$T1" "$QG" "$DR" "$AR" "$T"; do^[[0m
review / gate	UNKNOWN STEP	2026-08-15T05:41:11.7066985Z ^[[36;1m    [ "$RESULT" = "cancelled" ] && CANCELLED=true^[[0m
review / gate	UNKNOWN STEP	2026-08-15T05:41:11.7067184Z ^[[36;1m    [ "$RESULT" = "failure" ] && ANY_STAGE_FAILURE=true^[[0m
review / gate	UNKNOWN STEP	2026-08-15T05:41:11.7067380Z ^[[36;1m  done^[[0m
review / gate	UNKNOWN STEP	2026-08-15T05:41:11.7067532Z ^[[36;1m  # Rework advisory CI: on a trusted rework task with^[[0m
review / gate	UNKNOWN STEP	2026-08-15T05:41:11.7067758Z ^[[36;1m  # REWORK_CI_POLICY=advisory, a red pipeline no longer blocks the^[[0m
review / gate	UNKNOWN STEP	2026-08-15T05:41:11.7067992Z ^[[36;1m  # fellow's submission — the required check passes, while the^[[0m
review / gate	UNKNOWN STEP	2026-08-15T05:41:11.7068224Z ^[[36;1m  # verdict labels above stay honest (needs-revision + a distinct^[[0m
review / gate	UNKNOWN STEP	2026-08-15T05:41:11.7068489Z ^[[36;1m  # rework-submitted-on-red marker for downstream tooling). The^[[0m
review / gate	UNKNOWN STEP	2026-08-15T05:41:11.7068764Z ^[[36;1m  # failed stage keeps the RUN conclusion red, so this run can never^[[0m
review / gate	UNKNOWN STEP	2026-08-15T05:41:11.7069011Z ^[[36;1m  # sanction a future skip. STRICTLY "a check judged it red and the^[[0m
review / gate	UNKNOWN STEP	2026-08-15T05:41:11.7069250Z ^[[36;1m  # fellow submits anyway" — never "nothing ran, submit blind":^[[0m
review / gate	UNKNOWN STEP	2026-08-15T05:41:11.7069483Z ^[[36;1m  # the decision job must have succeeded and at least one monitored^[[0m
review / gate	UNKNOWN STEP	2026-08-15T05:41:11.7069719Z ^[[36;1m  # stage must have actually FAILED (an upstream collapse that only^[[0m
review / gate	UNKNOWN STEP	2026-08-15T05:41:11.7069967Z ^[[36;1m  # cascades unsanctioned skips stays blocking, as do cancellations).^[[0m
review / gate	UNKNOWN STEP	2026-08-15T05:41:11.7070968Z ^[[36;1m  if [ "$REWORK_ADVISORY" = "true" ] && [ "$CANCELLED" = "false" ] \^[[0m
review / gate	UNKNOWN STEP	2026-08-15T05:41:11.7071219Z ^[[36;1m    && [ "$CHANGES_RESULT" = "success" ] && [ "$ANY_STAGE_FAILURE" = "true" ]; then^[[0m
review / gate	UNKNOWN STEP	2026-08-15T05:41:11.7071860Z ^[[36;1m    echo "::warning::Pipeline not green —$FAILED — but this task is in rework and the policy is advisory CI: submission is allowed. Verdicts remain on the PR as labels."^[[0m
review / gate	UNKNOWN STEP	2026-08-15T05:41:11.7072770Z ^[[36;1m    gh label create "rework-submitted-on-red" --repo "$REPO" --color d93f0b --description "Rework submitted with failing checks (advisory CI)" 2>/dev/null || true^[[0m
review / gate	UNKNOWN STEP	2026-08-15T05:41:11.7073242Z ^[[36;1m    gh pr edit "$PR_NUMBER" --repo "$REPO" --add-label "rework-submitted-on-red" 2>/dev/null || true^[[0m
review / gate	UNKNOWN STEP	2026-08-15T05:41:11.7073645Z ^[[36;1m    exit 0^[[0m
review / gate	UNKNOWN STEP	2026-08-15T05:41:11.7073769Z ^[[36;1m  fi^[[0m
review / gate	UNKNOWN STEP	2026-08-15T05:41:11.7074025Z ^[[36;1m  echo "::error::Pipeline not green —$FAILED. PR is blocked (a Tier-1 HOLD blocks here until the required fixes are attempted)."^[[0m
review / gate	UNKNOWN STEP	2026-08-15T05:41:11.7074385Z ^[[36;1m  exit 1^[[0m
review / gate	UNKNOWN STEP	2026-08-15T05:41:11.7074503Z ^[[36;1mfi^[[0m
review / gate	UNKNOWN STEP	2026-08-15T05:41:11.7074680Z ^[[36;1mecho "All stages passed or were sanctioned-skipped — PR may merge."^[[0m
review / gate	UNKNOWN STEP	2026-08-15T05:41:11.7074942Z ^[[36;1m# No marker to persist: the skip authority is this run's own success^[[0m
review / gate	UNKNOWN STEP	2026-08-15T05:41:11.7075198Z ^[[36;1m# conclusion, read back via the Actions API by future `changes` jobs.^[[0m
review / gate	UNKNOWN STEP	2026-08-15T05:41:11.7094824Z shell: /usr/bin/bash -e {0}
review / gate	UNKNOWN STEP	2026-08-15T05:41:11.7094980Z env:
review / gate	UNKNOWN STEP	2026-08-15T05:41:11.7095116Z   BLACKSMITH_RUNNER_MESSAGE_WAIT_MS: 263452
review / gate	UNKNOWN STEP	2026-08-15T05:41:11.7095284Z   BLACKSMITH_RUNNER_ACQUIRE_JOB_MS: 1076
review / gate	UNKNOWN STEP	2026-08-15T05:41:11.7095520Z   GITHUB_REPO_NAME: handshake-project-dynamo/dynamo-1573c1a-data-querying-and-databases
review / gate	UNKNOWN STEP	2026-08-15T05:41:11.7096991Z   GH_TOKEN: ***
review / gate	UNKNOWN STEP	2026-08-15T05:41:11.7097183Z   REPO: handshake-project-dynamo/dynamo-1573c1a-data-querying-and-databases
review / gate	UNKNOWN STEP	2026-08-15T05:41:11.7097401Z   PR_NUMBER: 5
review / gate	UNKNOWN STEP	2026-08-15T05:41:11.7097525Z   REWORK_ADVISORY: false
review / gate	UNKNOWN STEP	2026-08-15T05:41:11.7097678Z   CHANGES_RESULT: success
review / gate	UNKNOWN STEP	2026-08-15T05:41:11.7097810Z   RUN_REVIEW: true
review / gate	UNKNOWN STEP	2026-08-15T05:41:11.7097940Z   RUN_SIMILARITY: true
review / gate	UNKNOWN STEP	2026-08-15T05:41:11.7098066Z   RUN_VALIDATION: true
review / gate	UNKNOWN STEP	2026-08-15T05:41:11.7098192Z   RUN_PASS2: true
review / gate	UNKNOWN STEP	2026-08-15T05:41:11.7098312Z   RUN_TIER1: true
review / gate	UNKNOWN STEP	2026-08-15T05:41:11.7098434Z   RUN_QC: true
review / gate	UNKNOWN STEP	2026-08-15T05:41:11.7098553Z   RUN_DEEP: true
review / gate	UNKNOWN STEP	2026-08-15T05:41:11.7098726Z   RUN_AVA: true
review / gate	UNKNOWN STEP	2026-08-15T05:41:11.7098852Z   RUN_TRIALS: true
review / gate	UNKNOWN STEP	2026-08-15T05:41:11.7098975Z ##[endgroup]
review / gate	UNKNOWN STEP	2026-08-15T05:41:11.7128798Z review=success  similarity=success  validation=success  pass2=failure  tier1=skipped  qc_gate=skipped  deep_review=skipped  ava_review=skipped  trials=skipped
review / gate	UNKNOWN STEP	2026-08-15T05:41:11.7183626Z sanctioned: review=true similarity=true validation=true pass2=true tier1=true qc=true deep=true ava=true trials=true (run flags — 'false' = skip sanctioned)
review / gate	UNKNOWN STEP	2026-08-15T05:41:11.7200957Z ##[error]Pipeline not green — pass2=failure tier1=skipped qc_gate=skipped deep_review=skipped ava_review=skipped trials=skipped. PR is blocked (a Tier-1 HOLD blocks here until the required fixes are attempted).
review / gate	UNKNOWN STEP	2026-08-15T05:41:11.7206081Z ##[error]Process completed with exit code 1.
review / gate	UNKNOWN STEP	2026-08-15T05:41:11.7238236Z A job completed hook has been configured by the self-hosted runner administrator
review / gate	UNKNOWN STEP	2026-08-15T05:41:11.7269735Z ##[group]Run '/job_completed.sh'
review / gate	UNKNOWN STEP	2026-08-15T05:41:11.7285199Z shell: /usr/bin/bash --noprofile --norc -e -o pipefail {0}
review / gate	UNKNOWN STEP	2026-08-15T05:41:11.7285391Z env:
review / gate	UNKNOWN STEP	2026-08-15T05:41:11.7285526Z   BLACKSMITH_RUNNER_MESSAGE_WAIT_MS: 263452
review / gate	UNKNOWN STEP	2026-08-15T05:41:11.7285695Z   BLACKSMITH_RUNNER_ACQUIRE_JOB_MS: 1076
review / gate	UNKNOWN STEP	2026-08-15T05:41:11.7285892Z ##[endgroup]
review / gate	UNKNOWN STEP	2026-08-15T05:41:11.7370213Z Docker container caching not enabled, skipping hash computation.
review / gate	UNKNOWN STEP	2026-08-15T05:41:11.7424983Z No active SSH sessions detected. Proceeding with shutdown immediately.
review / gate	UNKNOWN STEP	2026-08-15T05:41:11.7470397Z Cleaning up orphan processes
