review / pass2	UNKNOWN STEP	﻿2026-08-15T06:26:12.7983760Z Current runner version: '2.336.0'
review / pass2	UNKNOWN STEP	2026-08-15T06:26:12.7987124Z Runner name: 'blacksmith-scale3-01m021jmtwcg0yhyp110cseef5-2vcpu'
review / pass2	UNKNOWN STEP	2026-08-15T06:26:12.7987714Z Runner group name: 'blacksmith runners 01kxzhx6bc7fnrmw1kcfxms5ah'
review / pass2	UNKNOWN STEP	2026-08-15T06:26:12.7988408Z Machine name: 'ip-172-31-64-123'
review / pass2	UNKNOWN STEP	2026-08-15T06:26:12.7989875Z ##[group]GITHUB_TOKEN Permissions
review / pass2	UNKNOWN STEP	2026-08-15T06:26:12.7990978Z Contents: read
review / pass2	UNKNOWN STEP	2026-08-15T06:26:12.7991374Z Metadata: read
review / pass2	UNKNOWN STEP	2026-08-15T06:26:12.7991776Z PullRequests: write
review / pass2	UNKNOWN STEP	2026-08-15T06:26:12.7992136Z ##[endgroup]
review / pass2	UNKNOWN STEP	2026-08-15T06:26:12.7993323Z Secret source: Actions
review / pass2	UNKNOWN STEP	2026-08-15T06:26:12.7994044Z Prepare workflow directory
review / pass2	UNKNOWN STEP	2026-08-15T06:26:12.8231919Z Prepare all required actions
review / pass2	UNKNOWN STEP	2026-08-15T06:26:12.8256209Z Getting action download info
review / pass2	UNKNOWN STEP	2026-08-15T06:26:13.1309834Z Download action repository 'actions/checkout@11d5960a326750d5838078e36cf38b85af677262' (SHA:11d5960a326750d5838078e36cf38b85af677262)
review / pass2	UNKNOWN STEP	2026-08-15T06:26:13.6168798Z Download action repository 'actions/checkout@3d3c42e5aac5ba805825da76410c181273ba90b1' (SHA:3d3c42e5aac5ba805825da76410c181273ba90b1)
review / pass2	UNKNOWN STEP	2026-08-15T06:26:14.0833820Z Download action repository 'marocchino/sticky-pull-request-comment@773744901bac0e8cbb5a0dc842800d45e9b2b405' (SHA:773744901bac0e8cbb5a0dc842800d45e9b2b405)
review / pass2	UNKNOWN STEP	2026-08-15T06:26:14.5932397Z Download action repository 'actions/setup-python@a26af69be951a213d495a4c3e4e4022e16d87065' (SHA:a26af69be951a213d495a4c3e4e4022e16d87065)
review / pass2	UNKNOWN STEP	2026-08-15T06:26:14.6363992Z Download action repository 'astral-sh/setup-uv@38f3f104447c67c051c4a08e39b64a148898af3a' (SHA:38f3f104447c67c051c4a08e39b64a148898af3a)
review / pass2	UNKNOWN STEP	2026-08-15T06:26:15.2807167Z Download action repository 'actions/upload-artifact@ea165f8d65b6e75b540449e92b4886f43607fa02' (SHA:ea165f8d65b6e75b540449e92b4886f43607fa02)
review / pass2	UNKNOWN STEP	2026-08-15T06:26:15.3843108Z Setting BLACKSMITH_ACTIONS_RESULTS_URL to https://results-receiver.actions.githubusercontent.com/
review / pass2	UNKNOWN STEP	2026-08-15T06:26:15.3865141Z Uses: handshake-project-dynamo/handshake-orchestration-tb2/.github/workflows/dynamo-review.yml@refs/heads/main (623a2dbaae6fffe4e0cfe4e975c4442ae8ea3116)
review / pass2	UNKNOWN STEP	2026-08-15T06:26:15.3867015Z ##[group] Inputs
review / pass2	UNKNOWN STEP	2026-08-15T06:26:15.3867148Z   checks_ref: main
review / pass2	UNKNOWN STEP	2026-08-15T06:26:15.3867256Z ##[endgroup]
review / pass2	UNKNOWN STEP	2026-08-15T06:26:15.3867370Z Complete job name: review / pass2
review / pass2	UNKNOWN STEP	2026-08-15T06:26:15.4228161Z A job started hook has been configured by the self-hosted runner administrator
review / pass2	UNKNOWN STEP	2026-08-15T06:26:15.4282075Z ##[group]Run '/setup.sh'
review / pass2	UNKNOWN STEP	2026-08-15T06:26:15.4290118Z shell: /usr/bin/bash --noprofile --norc -e -o pipefail {0}
review / pass2	UNKNOWN STEP	2026-08-15T06:26:15.4290372Z env:
review / pass2	UNKNOWN STEP	2026-08-15T06:26:15.4290493Z   BLACKSMITH_RUNNER_MESSAGE_WAIT_MS: 864
review / pass2	UNKNOWN STEP	2026-08-15T06:26:15.4290641Z   BLACKSMITH_RUNNER_ACQUIRE_JOB_MS: 1088
review / pass2	UNKNOWN STEP	2026-08-15T06:26:15.4290774Z ##[endgroup]
review / pass2	UNKNOWN STEP	2026-08-15T06:26:15.4490638Z Logging daemon started (blacksmithd for logs)
review / pass2	UNKNOWN STEP	2026-08-15T06:26:15.4621119Z Results daemon started (blacksmithd for results)
review / pass2	UNKNOWN STEP	2026-08-15T06:26:15.4721078Z Background adoption and SSH setup started (PID: 3522)
review / pass2	UNKNOWN STEP	2026-08-15T06:26:15.4721669Z 
review / pass2	UNKNOWN STEP	2026-08-15T06:26:15.4721832Z ----------------------------------------
review / pass2	UNKNOWN STEP	2026-08-15T06:26:15.4757516Z View this job: https://app.blacksmith.sh/handshake-project-dynamo/runs/31869087653/jobs/94975600470
review / pass2	UNKNOWN STEP	2026-08-15T06:26:15.4782764Z SSH Access (using your GitHub SSH key):
review / pass2	UNKNOWN STEP	2026-08-15T06:26:15.4788481Z   ssh -p 64004 runner@blacksmith-scale3-01m021jmtwcg0yhyp110cseef5-2vcpu.vm.blacksmith.sh
review / pass2	UNKNOWN STEP	2026-08-15T06:26:15.4789669Z 
review / pass2	UNKNOWN STEP	2026-08-15T06:26:15.4789826Z No GitHub SSH key? Add one at:
review / pass2	UNKNOWN STEP	2026-08-15T06:26:15.4790156Z https://docs.github.com/en/authentication/connecting-to-github-with-ssh/adding-a-new-ssh-key-to-your-github-account
review / pass2	UNKNOWN STEP	2026-08-15T06:26:15.4790467Z 
review / pass2	UNKNOWN STEP	2026-08-15T06:26:15.4790575Z ----------------------------------------
review / pass2	UNKNOWN STEP	2026-08-15T06:26:15.4790715Z 
review / pass2	UNKNOWN STEP	2026-08-15T06:26:15.4790846Z VM ID: blacksmith-scale3-01m021jmtwcg0yhyp110cseef5-2vcpu
review / pass2	UNKNOWN STEP	2026-08-15T06:26:15.4791070Z Host: production-192.240.253.73-x8664
review / pass2	UNKNOWN STEP	2026-08-15T06:26:15.4791297Z Host Agent PID: 2312169
review / pass2	UNKNOWN STEP	2026-08-15T06:26:15.4791458Z Agent Process Count: 1
review / pass2	UNKNOWN STEP	2026-08-15T06:26:15.4791619Z Host Agent Git SHA: 1dcca3f2
review / pass2	UNKNOWN STEP	2026-08-15T06:26:15.4791977Z Host CPU Manufacturer: AuthenticAMD
review / pass2	UNKNOWN STEP	2026-08-15T06:26:15.4792369Z Blacksmith Host Generation: gen 2
review / pass2	UNKNOWN STEP	2026-08-15T06:26:15.4792569Z Petname: production-casual-trout-3bcab7cb
review / pass2	UNKNOWN STEP	2026-08-15T06:26:15.4792782Z Region: us-west
review / pass2	UNKNOWN STEP	2026-08-15T06:26:15.4793024Z Rootfs Version: ubuntu24-full-x64-012126
review / pass2	UNKNOWN STEP	2026-08-15T06:26:15.4793359Z OS Version: Ubuntu 24.04.3 LTS
review / pass2	UNKNOWN STEP	2026-08-15T06:26:15.4794275Z System Statistics:
review / pass2	UNKNOWN STEP	2026-08-15T06:26:15.4794422Z -----------------
review / pass2	UNKNOWN STEP	2026-08-15T06:26:15.4794568Z VM CPU Count: 3
review / pass2	UNKNOWN STEP	2026-08-15T06:26:15.4794671Z 
review / pass2	UNKNOWN STEP	2026-08-15T06:26:15.4794796Z Jobs by Process ID:
review / pass2	UNKNOWN STEP	2026-08-15T06:26:15.4794942Z -----------------
review / pass2	UNKNOWN STEP	2026-08-15T06:26:15.4795088Z PID 2312169: 3 jobs
review / pass2	UNKNOWN STEP	2026-08-15T06:26:15.4795242Z Total: 3 jobs across 1 process
review / pass2	UNKNOWN STEP	2026-08-15T06:26:15.4795363Z 
review / pass2	UNKNOWN STEP	2026-08-15T06:26:15.4795450Z Devices by Process ID:
review / pass2	UNKNOWN STEP	2026-08-15T06:26:15.4796262Z -----------------
review / pass2	UNKNOWN STEP	2026-08-15T06:26:15.4796410Z PID 2312169: 3 devices
review / pass2	UNKNOWN STEP	2026-08-15T06:26:15.4796616Z Total: 3 devices across 1 process
review / pass2	UNKNOWN STEP	2026-08-15T06:26:15.4796792Z Enabling Blacksmith transparent cache
review / pass2	UNKNOWN STEP	2026-08-15T06:26:15.5006809Z Node 20 is being deprecated. This workflow is running with Node 24 by default. If you need to temporarily use Node 20, you can set the ACTIONS_ALLOW_USE_UNSECURE_NODE_VERSION=true environment variable. For more information see: https://github.blog/changelog/2025-09-19-deprecation-of-node-20-on-github-actions-runners/
review / pass2	UNKNOWN STEP	2026-08-15T06:26:15.5011049Z ##[group]Run actions/checkout@11d5960a326750d5838078e36cf38b85af677262
review / pass2	UNKNOWN STEP	2026-08-15T06:26:15.5011235Z with:
review / pass2	UNKNOWN STEP	2026-08-15T06:26:15.5011389Z   repository: handshake-project-dynamo/handshake-orchestration-tb2
review / pass2	UNKNOWN STEP	2026-08-15T06:26:15.5011567Z   ref: main
review / pass2	UNKNOWN STEP	2026-08-15T06:26:15.5011898Z   token: ***
review / pass2	UNKNOWN STEP	2026-08-15T06:26:15.5012001Z   ssh-strict: true
review / pass2	UNKNOWN STEP	2026-08-15T06:26:15.5012113Z   ssh-user: git
review / pass2	UNKNOWN STEP	2026-08-15T06:26:15.5012223Z   persist-credentials: true
review / pass2	UNKNOWN STEP	2026-08-15T06:26:15.5012345Z   clean: true
review / pass2	UNKNOWN STEP	2026-08-15T06:26:15.5012454Z   sparse-checkout-cone-mode: true
review / pass2	UNKNOWN STEP	2026-08-15T06:26:15.5012587Z   fetch-depth: 1
review / pass2	UNKNOWN STEP	2026-08-15T06:26:15.5012692Z   fetch-tags: false
review / pass2	UNKNOWN STEP	2026-08-15T06:26:15.5012902Z   show-progress: true
review / pass2	UNKNOWN STEP	2026-08-15T06:26:15.5013007Z   lfs: false
review / pass2	UNKNOWN STEP	2026-08-15T06:26:15.5013107Z   submodules: false
review / pass2	UNKNOWN STEP	2026-08-15T06:26:15.5013213Z   set-safe-directory: true
review / pass2	UNKNOWN STEP	2026-08-15T06:26:15.5013336Z   allow-unsafe-pr-checkout: false
review / pass2	UNKNOWN STEP	2026-08-15T06:26:15.5013460Z env:
review / pass2	UNKNOWN STEP	2026-08-15T06:26:15.5014482Z   GH_TOKEN: ***
review / pass2	UNKNOWN STEP	2026-08-15T06:26:15.5014649Z   REPO: handshake-project-dynamo/dynamo-1573c1a-data-querying-and-databases
review / pass2	UNKNOWN STEP	2026-08-15T06:26:15.5014838Z   PR_NUMBER: 5
review / pass2	UNKNOWN STEP	2026-08-15T06:26:15.5014949Z   BLACKSMITH_RUNNER_MESSAGE_WAIT_MS: 864
review / pass2	UNKNOWN STEP	2026-08-15T06:26:15.5015093Z   BLACKSMITH_RUNNER_ACQUIRE_JOB_MS: 1088
review / pass2	UNKNOWN STEP	2026-08-15T06:26:15.5015298Z   GITHUB_REPO_NAME: handshake-project-dynamo/dynamo-1573c1a-data-querying-and-databases
review / pass2	UNKNOWN STEP	2026-08-15T06:26:15.5015500Z ##[endgroup]
review / pass2	UNKNOWN STEP	2026-08-15T06:26:15.5950808Z Syncing repository: handshake-project-dynamo/handshake-orchestration-tb2
review / pass2	UNKNOWN STEP	2026-08-15T06:26:15.5951711Z ##[group]Getting Git version info
review / pass2	UNKNOWN STEP	2026-08-15T06:26:15.5952042Z Working directory is '/home/runner/_work/dynamo-1573c1a-data-querying-and-databases/dynamo-1573c1a-data-querying-and-databases'
review / pass2	UNKNOWN STEP	2026-08-15T06:26:15.5952435Z [command]/usr/local/bin/git version
review / pass2	UNKNOWN STEP	2026-08-15T06:26:15.5971329Z git version 2.52.0
review / pass2	UNKNOWN STEP	2026-08-15T06:26:15.5980459Z ##[endgroup]
review / pass2	UNKNOWN STEP	2026-08-15T06:26:15.5987017Z Temporarily overriding HOME='/home/runner/_work/_temp/54af5e79-9a3c-4a94-af6e-0cecd5695c16' before making global git config changes
review / pass2	UNKNOWN STEP	2026-08-15T06:26:15.5987383Z Adding repository directory to the temporary git global config as a safe directory
review / pass2	UNKNOWN STEP	2026-08-15T06:26:15.5990197Z [command]/usr/local/bin/git config --global --add safe.directory /home/runner/_work/dynamo-1573c1a-data-querying-and-databases/dynamo-1573c1a-data-querying-and-databases
review / pass2	UNKNOWN STEP	2026-08-15T06:26:15.6013500Z Deleting the contents of '/home/runner/_work/dynamo-1573c1a-data-querying-and-databases/dynamo-1573c1a-data-querying-and-databases'
review / pass2	UNKNOWN STEP	2026-08-15T06:26:15.6014810Z ##[group]Initializing the repository
review / pass2	UNKNOWN STEP	2026-08-15T06:26:15.6016932Z [command]/usr/local/bin/git init /home/runner/_work/dynamo-1573c1a-data-querying-and-databases/dynamo-1573c1a-data-querying-and-databases
review / pass2	UNKNOWN STEP	2026-08-15T06:26:15.6047371Z hint: Using 'master' as the name for the initial branch. This default branch name
review / pass2	UNKNOWN STEP	2026-08-15T06:26:15.6052902Z hint: will change to "main" in Git 3.0. To configure the initial branch name
review / pass2	UNKNOWN STEP	2026-08-15T06:26:15.6053150Z hint: to use in all of your new repositories, which will suppress this warning,
review / pass2	UNKNOWN STEP	2026-08-15T06:26:15.6053333Z hint: call:
review / pass2	UNKNOWN STEP	2026-08-15T06:26:15.6053440Z hint:
review / pass2	UNKNOWN STEP	2026-08-15T06:26:15.6053646Z hint: 	git config --global init.defaultBranch <name>
review / pass2	UNKNOWN STEP	2026-08-15T06:26:15.6053802Z hint:
review / pass2	UNKNOWN STEP	2026-08-15T06:26:15.6053950Z hint: Names commonly chosen instead of 'master' are 'main', 'trunk' and
review / pass2	UNKNOWN STEP	2026-08-15T06:26:15.6054267Z hint: 'development'. The just-created branch can be renamed via this command:
review / pass2	UNKNOWN STEP	2026-08-15T06:26:15.6055030Z hint:
review / pass2	UNKNOWN STEP	2026-08-15T06:26:15.6067178Z hint: 	git branch -m <name>
review / pass2	UNKNOWN STEP	2026-08-15T06:26:15.6067317Z hint:
review / pass2	UNKNOWN STEP	2026-08-15T06:26:15.6068178Z hint: Disable this message with "git config set advice.defaultBranchName false"
review / pass2	UNKNOWN STEP	2026-08-15T06:26:15.6068736Z Initialized empty Git repository in /home/runner/_work/dynamo-1573c1a-data-querying-and-databases/dynamo-1573c1a-data-querying-and-databases/.git/
review / pass2	UNKNOWN STEP	2026-08-15T06:26:15.6069525Z [command]/usr/local/bin/git remote add origin https://github.com/handshake-project-dynamo/handshake-orchestration-tb2
review / pass2	UNKNOWN STEP	2026-08-15T06:26:15.6074000Z ##[endgroup]
review / pass2	UNKNOWN STEP	2026-08-15T06:26:15.6074260Z ##[group]Disabling automatic garbage collection
review / pass2	UNKNOWN STEP	2026-08-15T06:26:15.6076203Z [command]/usr/local/bin/git config --local gc.auto 0
review / pass2	UNKNOWN STEP	2026-08-15T06:26:15.6092938Z ##[endgroup]
review / pass2	UNKNOWN STEP	2026-08-15T06:26:15.6093257Z ##[group]Setting up auth
review / pass2	UNKNOWN STEP	2026-08-15T06:26:15.6096435Z [command]/usr/local/bin/git config --local --name-only --get-regexp core\.sshCommand
review / pass2	UNKNOWN STEP	2026-08-15T06:26:15.6113371Z [command]/usr/local/bin/git submodule foreach --recursive sh -c "git config --local --name-only --get-regexp 'core\.sshCommand' && git config --local --unset-all 'core.sshCommand' || :"
review / pass2	UNKNOWN STEP	2026-08-15T06:26:15.6228817Z [command]/usr/local/bin/git config --local --name-only --get-regexp http\.https\:\/\/github\.com\/\.extraheader
review / pass2	UNKNOWN STEP	2026-08-15T06:26:15.6244782Z [command]/usr/local/bin/git submodule foreach --recursive sh -c "git config --local --name-only --get-regexp 'http\.https\:\/\/github\.com\/\.extraheader' && git config --local --unset-all 'http.https://github.com/.extraheader' || :"
review / pass2	UNKNOWN STEP	2026-08-15T06:26:15.6327009Z [command]/usr/local/bin/git config --local --name-only --get-regexp ^includeIf\.gitdir:
review / pass2	UNKNOWN STEP	2026-08-15T06:26:15.6342772Z [command]/usr/local/bin/git submodule foreach --recursive git config --local --show-origin --name-only --get-regexp remote.origin.url
review / pass2	UNKNOWN STEP	2026-08-15T06:26:15.6433502Z [command]/usr/local/bin/git config --local http.https://github.com/.extraheader AUTHORIZATION: basic ***
review / pass2	UNKNOWN STEP	2026-08-15T06:26:15.6456928Z ##[endgroup]
review / pass2	UNKNOWN STEP	2026-08-15T06:26:15.6457170Z ##[group]Fetching the repository
review / pass2	UNKNOWN STEP	2026-08-15T06:26:15.6457621Z [command]/usr/local/bin/git -c protocol.version=2 fetch --no-tags --prune --no-recurse-submodules --depth=1 origin +refs/heads/main*:refs/remotes/origin/main* +refs/tags/main*:refs/tags/main*
review / pass2	UNKNOWN STEP	2026-08-15T06:26:16.6206285Z From https://github.com/handshake-project-dynamo/handshake-orchestration-tb2
review / pass2	UNKNOWN STEP	2026-08-15T06:26:16.6206560Z  * [new branch]      main       -> origin/main
review / pass2	UNKNOWN STEP	2026-08-15T06:26:16.6224948Z ##[endgroup]
review / pass2	UNKNOWN STEP	2026-08-15T06:26:16.6225242Z ##[group]Determining the checkout info
review / pass2	UNKNOWN STEP	2026-08-15T06:26:16.6228988Z [command]/usr/local/bin/git branch --list --remote origin/main
review / pass2	UNKNOWN STEP	2026-08-15T06:26:16.6246703Z   origin/main
review / pass2	UNKNOWN STEP	2026-08-15T06:26:16.6247673Z ##[endgroup]
review / pass2	UNKNOWN STEP	2026-08-15T06:26:16.6250340Z [command]/usr/local/bin/git sparse-checkout disable
review / pass2	UNKNOWN STEP	2026-08-15T06:26:16.6271604Z [command]/usr/local/bin/git config --local --unset-all extensions.worktreeConfig
review / pass2	UNKNOWN STEP	2026-08-15T06:26:16.6287805Z ##[group]Checking out the ref
review / pass2	UNKNOWN STEP	2026-08-15T06:26:16.6289599Z [command]/usr/local/bin/git checkout --progress --force -B main refs/remotes/origin/main
review / pass2	UNKNOWN STEP	2026-08-15T06:26:16.6385851Z Switched to a new branch 'main'
review / pass2	UNKNOWN STEP	2026-08-15T06:26:16.6386318Z branch 'main' set up to track 'origin/main'.
review / pass2	UNKNOWN STEP	2026-08-15T06:26:16.6387152Z ##[endgroup]
review / pass2	UNKNOWN STEP	2026-08-15T06:26:16.6408101Z [command]/usr/local/bin/git log -1 --format=%H
review / pass2	UNKNOWN STEP	2026-08-15T06:26:16.6422352Z 623a2dbaae6fffe4e0cfe4e975c4442ae8ea3116
review / pass2	UNKNOWN STEP	2026-08-15T06:26:16.6527854Z ##[group]Run actions/checkout@3d3c42e5aac5ba805825da76410c181273ba90b1
review / pass2	UNKNOWN STEP	2026-08-15T06:26:16.6528058Z with:
review / pass2	UNKNOWN STEP	2026-08-15T06:26:16.6528177Z   ref: 477710b17382a988ca0548249dbb198740967ad0
review / pass2	UNKNOWN STEP	2026-08-15T06:26:16.6528379Z   path: submission
review / pass2	UNKNOWN STEP	2026-08-15T06:26:16.6528490Z   persist-credentials: false
review / pass2	UNKNOWN STEP	2026-08-15T06:26:16.6528626Z   allow-unsafe-pr-checkout: true
review / pass2	UNKNOWN STEP	2026-08-15T06:26:16.6528826Z   repository: handshake-project-dynamo/dynamo-1573c1a-data-querying-and-databases
review / pass2	UNKNOWN STEP	2026-08-15T06:26:16.6529920Z   token: ***
review / pass2	UNKNOWN STEP	2026-08-15T06:26:16.6530020Z   ssh-strict: true
review / pass2	UNKNOWN STEP	2026-08-15T06:26:16.6530125Z   ssh-user: git
review / pass2	UNKNOWN STEP	2026-08-15T06:26:16.6530226Z   clean: true
review / pass2	UNKNOWN STEP	2026-08-15T06:26:16.6530334Z   sparse-checkout-cone-mode: true
review / pass2	UNKNOWN STEP	2026-08-15T06:26:16.6530464Z   fetch-depth: 1
review / pass2	UNKNOWN STEP	2026-08-15T06:26:16.6530574Z   fetch-tags: false
review / pass2	UNKNOWN STEP	2026-08-15T06:26:16.6530692Z   show-progress: true
review / pass2	UNKNOWN STEP	2026-08-15T06:26:16.6530801Z   lfs: false
review / pass2	UNKNOWN STEP	2026-08-15T06:26:16.6530899Z   submodules: false
review / pass2	UNKNOWN STEP	2026-08-15T06:26:16.6531034Z   set-safe-directory: true
review / pass2	UNKNOWN STEP	2026-08-15T06:26:16.6531149Z env:
review / pass2	UNKNOWN STEP	2026-08-15T06:26:16.6532128Z   GH_TOKEN: ***
review / pass2	UNKNOWN STEP	2026-08-15T06:26:16.6532294Z   REPO: handshake-project-dynamo/dynamo-1573c1a-data-querying-and-databases
review / pass2	UNKNOWN STEP	2026-08-15T06:26:16.6532486Z   PR_NUMBER: 5
review / pass2	UNKNOWN STEP	2026-08-15T06:26:16.6532604Z   BLACKSMITH_RUNNER_MESSAGE_WAIT_MS: 864
review / pass2	UNKNOWN STEP	2026-08-15T06:26:16.6532742Z   BLACKSMITH_RUNNER_ACQUIRE_JOB_MS: 1088
review / pass2	UNKNOWN STEP	2026-08-15T06:26:16.6532948Z   GITHUB_REPO_NAME: handshake-project-dynamo/dynamo-1573c1a-data-querying-and-databases
review / pass2	UNKNOWN STEP	2026-08-15T06:26:16.6533150Z ##[endgroup]
review / pass2	UNKNOWN STEP	2026-08-15T06:26:16.6974187Z Syncing repository: handshake-project-dynamo/dynamo-1573c1a-data-querying-and-databases
review / pass2	UNKNOWN STEP	2026-08-15T06:26:16.6975193Z ##[group]Getting Git version info
review / pass2	UNKNOWN STEP	2026-08-15T06:26:16.6975539Z Working directory is '/home/runner/_work/dynamo-1573c1a-data-querying-and-databases/dynamo-1573c1a-data-querying-and-databases/submission'
review / pass2	UNKNOWN STEP	2026-08-15T06:26:16.6994597Z [command]/usr/local/bin/git version
review / pass2	UNKNOWN STEP	2026-08-15T06:26:16.7020058Z git version 2.52.0
review / pass2	UNKNOWN STEP	2026-08-15T06:26:16.7027619Z ##[endgroup]
review / pass2	UNKNOWN STEP	2026-08-15T06:26:16.7031189Z Temporarily overriding HOME='/home/runner/_work/_temp/1417b6e9-421b-4212-a45c-cea351d0eb17' before making global git config changes
review / pass2	UNKNOWN STEP	2026-08-15T06:26:16.7031556Z Adding repository directory to the temporary git global config as a safe directory
review / pass2	UNKNOWN STEP	2026-08-15T06:26:16.7034128Z [command]/usr/local/bin/git config --global --add safe.directory /home/runner/_work/dynamo-1573c1a-data-querying-and-databases/dynamo-1573c1a-data-querying-and-databases/submission
review / pass2	UNKNOWN STEP	2026-08-15T06:26:16.7052474Z ##[group]Determining repository object format
review / pass2	UNKNOWN STEP	2026-08-15T06:26:16.7053230Z ##[endgroup]
review / pass2	UNKNOWN STEP	2026-08-15T06:26:16.7053458Z ##[group]Initializing the repository
review / pass2	UNKNOWN STEP	2026-08-15T06:26:16.7055428Z [command]/usr/local/bin/git init /home/runner/_work/dynamo-1573c1a-data-querying-and-databases/dynamo-1573c1a-data-querying-and-databases/submission
review / pass2	UNKNOWN STEP	2026-08-15T06:26:16.7076355Z hint: Using 'master' as the name for the initial branch. This default branch name
review / pass2	UNKNOWN STEP	2026-08-15T06:26:16.7076716Z hint: will change to "main" in Git 3.0. To configure the initial branch name
review / pass2	UNKNOWN STEP	2026-08-15T06:26:16.7077080Z hint: to use in all of your new repositories, which will suppress this warning,
review / pass2	UNKNOWN STEP	2026-08-15T06:26:16.7077310Z hint: call:
review / pass2	UNKNOWN STEP	2026-08-15T06:26:16.7077451Z hint:
review / pass2	UNKNOWN STEP	2026-08-15T06:26:16.7077630Z hint: 	git config --global init.defaultBranch <name>
review / pass2	UNKNOWN STEP	2026-08-15T06:26:16.7077820Z hint:
review / pass2	UNKNOWN STEP	2026-08-15T06:26:16.7078019Z hint: Names commonly chosen instead of 'master' are 'main', 'trunk' and
review / pass2	UNKNOWN STEP	2026-08-15T06:26:16.7078375Z hint: 'development'. The just-created branch can be renamed via this command:
review / pass2	UNKNOWN STEP	2026-08-15T06:26:16.7078595Z hint:
review / pass2	UNKNOWN STEP	2026-08-15T06:26:16.7078884Z hint: 	git branch -m <name>
review / pass2	UNKNOWN STEP	2026-08-15T06:26:16.7079044Z hint:
review / pass2	UNKNOWN STEP	2026-08-15T06:26:16.7079252Z hint: Disable this message with "git config set advice.defaultBranchName false"
review / pass2	UNKNOWN STEP	2026-08-15T06:26:16.7080228Z Initialized empty Git repository in /home/runner/_work/dynamo-1573c1a-data-querying-and-databases/dynamo-1573c1a-data-querying-and-databases/submission/.git/
review / pass2	UNKNOWN STEP	2026-08-15T06:26:16.7081413Z [command]/usr/local/bin/git remote add origin https://github.com/handshake-project-dynamo/dynamo-1573c1a-data-querying-and-databases
review / pass2	UNKNOWN STEP	2026-08-15T06:26:16.7100893Z ##[endgroup]
review / pass2	UNKNOWN STEP	2026-08-15T06:26:16.7101129Z ##[group]Disabling automatic garbage collection
review / pass2	UNKNOWN STEP	2026-08-15T06:26:16.7102908Z [command]/usr/local/bin/git config --local gc.auto 0
review / pass2	UNKNOWN STEP	2026-08-15T06:26:16.7120207Z ##[endgroup]
review / pass2	UNKNOWN STEP	2026-08-15T06:26:16.7120426Z ##[group]Setting up auth
review / pass2	UNKNOWN STEP	2026-08-15T06:26:16.7120607Z Removing SSH command configuration
review / pass2	UNKNOWN STEP	2026-08-15T06:26:16.7123207Z [command]/usr/local/bin/git config --local --name-only --get-regexp core\.sshCommand
review / pass2	UNKNOWN STEP	2026-08-15T06:26:16.7140946Z [command]/usr/local/bin/git submodule foreach --recursive sh -c "git config --local --name-only --get-regexp 'core\.sshCommand' && git config --local --unset-all 'core.sshCommand' || :"
review / pass2	UNKNOWN STEP	2026-08-15T06:26:16.7234213Z Removing HTTP extra header
review / pass2	UNKNOWN STEP	2026-08-15T06:26:16.7236587Z [command]/usr/local/bin/git config --local --name-only --get-regexp http\.https\:\/\/github\.com\/\.extraheader
review / pass2	UNKNOWN STEP	2026-08-15T06:26:16.7257985Z [command]/usr/local/bin/git submodule foreach --recursive sh -c "git config --local --name-only --get-regexp 'http\.https\:\/\/github\.com\/\.extraheader' && git config --local --unset-all 'http.https://github.com/.extraheader' || :"
review / pass2	UNKNOWN STEP	2026-08-15T06:26:16.7348528Z Removing includeIf entries pointing to credentials config files
review / pass2	UNKNOWN STEP	2026-08-15T06:26:16.7351064Z [command]/usr/local/bin/git config --local --name-only --get-regexp ^includeIf\.gitdir:
review / pass2	UNKNOWN STEP	2026-08-15T06:26:16.7370475Z [command]/usr/local/bin/git submodule foreach --recursive git config --local --show-origin --name-only --get-regexp remote.origin.url
review / pass2	UNKNOWN STEP	2026-08-15T06:26:16.7463012Z [command]/usr/local/bin/git config --file /home/runner/_work/_temp/git-credentials-36eb8e30-9f1e-4ec2-8c85-965ac0e0d0f3.config http.https://github.com/.extraheader AUTHORIZATION: basic ***
review / pass2	UNKNOWN STEP	2026-08-15T06:26:16.7484620Z [command]/usr/local/bin/git config --local includeIf.gitdir:/home/runner/_work/dynamo-1573c1a-data-querying-and-databases/dynamo-1573c1a-data-querying-and-databases/submission/.git.path /home/runner/_work/_temp/git-credentials-36eb8e30-9f1e-4ec2-8c85-965ac0e0d0f3.config
review / pass2	UNKNOWN STEP	2026-08-15T06:26:16.7501630Z [command]/usr/local/bin/git config --local includeIf.gitdir:/home/runner/_work/dynamo-1573c1a-data-querying-and-databases/dynamo-1573c1a-data-querying-and-databases/submission/.git/worktrees/*.path /home/runner/_work/_temp/git-credentials-36eb8e30-9f1e-4ec2-8c85-965ac0e0d0f3.config
review / pass2	UNKNOWN STEP	2026-08-15T06:26:16.7518804Z [command]/usr/local/bin/git config --local includeIf.gitdir:/github/workspace/submission/.git.path /github/runner_temp/git-credentials-36eb8e30-9f1e-4ec2-8c85-965ac0e0d0f3.config
review / pass2	UNKNOWN STEP	2026-08-15T06:26:16.7537834Z [command]/usr/local/bin/git config --local includeIf.gitdir:/github/workspace/submission/.git/worktrees/*.path /github/runner_temp/git-credentials-36eb8e30-9f1e-4ec2-8c85-965ac0e0d0f3.config
review / pass2	UNKNOWN STEP	2026-08-15T06:26:16.7553836Z ##[endgroup]
review / pass2	UNKNOWN STEP	2026-08-15T06:26:16.7554033Z ##[group]Fetching the repository
review / pass2	UNKNOWN STEP	2026-08-15T06:26:16.7557211Z [command]/usr/local/bin/git -c protocol.version=2 fetch --no-tags --prune --no-recurse-submodules --depth=1 origin 477710b17382a988ca0548249dbb198740967ad0
review / pass2	UNKNOWN STEP	2026-08-15T06:26:17.4067379Z From https://github.com/handshake-project-dynamo/dynamo-1573c1a-data-querying-and-databases
review / pass2	UNKNOWN STEP	2026-08-15T06:26:17.4067961Z  * branch            477710b17382a988ca0548249dbb198740967ad0 -> FETCH_HEAD
review / pass2	UNKNOWN STEP	2026-08-15T06:26:17.4079644Z [command]/usr/local/bin/git rev-parse --verify --quiet 477710b17382a988ca0548249dbb198740967ad0^{object}
review / pass2	UNKNOWN STEP	2026-08-15T06:26:17.4098125Z 477710b17382a988ca0548249dbb198740967ad0
review / pass2	UNKNOWN STEP	2026-08-15T06:26:17.4100046Z ##[endgroup]
review / pass2	UNKNOWN STEP	2026-08-15T06:26:17.4100272Z ##[group]Determining the checkout info
review / pass2	UNKNOWN STEP	2026-08-15T06:26:17.4101185Z ##[endgroup]
review / pass2	UNKNOWN STEP	2026-08-15T06:26:17.4104887Z [command]/usr/local/bin/git sparse-checkout disable
review / pass2	UNKNOWN STEP	2026-08-15T06:26:17.4125286Z [command]/usr/local/bin/git config --local --unset-all extensions.worktreeConfig
review / pass2	UNKNOWN STEP	2026-08-15T06:26:17.4140185Z ##[group]Checking out the ref
review / pass2	UNKNOWN STEP	2026-08-15T06:26:17.4142528Z [command]/usr/local/bin/git checkout --progress --force 477710b17382a988ca0548249dbb198740967ad0
review / pass2	UNKNOWN STEP	2026-08-15T06:26:17.4225684Z Note: switching to '477710b17382a988ca0548249dbb198740967ad0'.
review / pass2	UNKNOWN STEP	2026-08-15T06:26:17.4225902Z 
review / pass2	UNKNOWN STEP	2026-08-15T06:26:17.4226052Z You are in 'detached HEAD' state. You can look around, make experimental
review / pass2	UNKNOWN STEP	2026-08-15T06:26:17.4226340Z changes and commit them, and you can discard any commits you make in this
review / pass2	UNKNOWN STEP	2026-08-15T06:26:17.4226635Z state without impacting any branches by switching back to a branch.
review / pass2	UNKNOWN STEP	2026-08-15T06:26:17.4226806Z 
review / pass2	UNKNOWN STEP	2026-08-15T06:26:17.4226935Z If you want to create a new branch to retain commits you create, you may
review / pass2	UNKNOWN STEP	2026-08-15T06:26:17.4227207Z do so (now or later) by using -c with the switch command. Example:
review / pass2	UNKNOWN STEP	2026-08-15T06:26:17.4227369Z 
review / pass2	UNKNOWN STEP	2026-08-15T06:26:17.4227474Z   git switch -c <new-branch-name>
review / pass2	UNKNOWN STEP	2026-08-15T06:26:17.4227736Z 
review / pass2	UNKNOWN STEP	2026-08-15T06:26:17.4227848Z Or undo this operation with:
review / pass2	UNKNOWN STEP	2026-08-15T06:26:17.4227970Z 
review / pass2	UNKNOWN STEP	2026-08-15T06:26:17.4228101Z   git switch -
review / pass2	UNKNOWN STEP	2026-08-15T06:26:17.4228243Z 
review / pass2	UNKNOWN STEP	2026-08-15T06:26:17.4228426Z Turn off this advice by setting config variable advice.detachedHead to false
review / pass2	UNKNOWN STEP	2026-08-15T06:26:17.4228605Z 
review / pass2	UNKNOWN STEP	2026-08-15T06:26:17.4228814Z HEAD is now at 477710b fix(difficulty): add floating point, leftover, and DFS traps
review / pass2	UNKNOWN STEP	2026-08-15T06:26:17.4229414Z ##[endgroup]
review / pass2	UNKNOWN STEP	2026-08-15T06:26:17.4250770Z [command]/usr/local/bin/git log -1 --format=%H
review / pass2	UNKNOWN STEP	2026-08-15T06:26:17.4265312Z 477710b17382a988ca0548249dbb198740967ad0
review / pass2	UNKNOWN STEP	2026-08-15T06:26:17.4270196Z ##[group]Removing auth
review / pass2	UNKNOWN STEP	2026-08-15T06:26:17.4270338Z Removing SSH command configuration
review / pass2	UNKNOWN STEP	2026-08-15T06:26:17.4272356Z [command]/usr/local/bin/git config --local --name-only --get-regexp core\.sshCommand
review / pass2	UNKNOWN STEP	2026-08-15T06:26:17.4291389Z [command]/usr/local/bin/git submodule foreach --recursive sh -c "git config --local --name-only --get-regexp 'core\.sshCommand' && git config --local --unset-all 'core.sshCommand' || :"
review / pass2	UNKNOWN STEP	2026-08-15T06:26:17.4380595Z Removing HTTP extra header
review / pass2	UNKNOWN STEP	2026-08-15T06:26:17.4382675Z [command]/usr/local/bin/git config --local --name-only --get-regexp http\.https\:\/\/github\.com\/\.extraheader
review / pass2	UNKNOWN STEP	2026-08-15T06:26:17.4401713Z [command]/usr/local/bin/git submodule foreach --recursive sh -c "git config --local --name-only --get-regexp 'http\.https\:\/\/github\.com\/\.extraheader' && git config --local --unset-all 'http.https://github.com/.extraheader' || :"
review / pass2	UNKNOWN STEP	2026-08-15T06:26:17.4491217Z Removing includeIf entries pointing to credentials config files
review / pass2	UNKNOWN STEP	2026-08-15T06:26:17.4492726Z [command]/usr/local/bin/git config --local --name-only --get-regexp ^includeIf\.gitdir:
review / pass2	UNKNOWN STEP	2026-08-15T06:26:17.4516559Z includeif.gitdir:/home/runner/_work/dynamo-1573c1a-data-querying-and-databases/dynamo-1573c1a-data-querying-and-databases/submission/.git.path
review / pass2	UNKNOWN STEP	2026-08-15T06:26:17.4517446Z includeif.gitdir:/home/runner/_work/dynamo-1573c1a-data-querying-and-databases/dynamo-1573c1a-data-querying-and-databases/submission/.git/worktrees/*.path
review / pass2	UNKNOWN STEP	2026-08-15T06:26:17.4517870Z includeif.gitdir:/github/workspace/submission/.git.path
review / pass2	UNKNOWN STEP	2026-08-15T06:26:17.4518135Z includeif.gitdir:/github/workspace/submission/.git/worktrees/*.path
review / pass2	UNKNOWN STEP	2026-08-15T06:26:17.4522761Z [command]/usr/local/bin/git config --local --get-all includeif.gitdir:/home/runner/_work/dynamo-1573c1a-data-querying-and-databases/dynamo-1573c1a-data-querying-and-databases/submission/.git.path
review / pass2	UNKNOWN STEP	2026-08-15T06:26:17.4542697Z /home/runner/_work/_temp/git-credentials-36eb8e30-9f1e-4ec2-8c85-965ac0e0d0f3.config
review / pass2	UNKNOWN STEP	2026-08-15T06:26:17.4547701Z [command]/usr/local/bin/git config --local --unset includeif.gitdir:/home/runner/_work/dynamo-1573c1a-data-querying-and-databases/dynamo-1573c1a-data-querying-and-databases/submission/.git.path \/home\/runner\/_work\/_temp\/git\-credentials\-36eb8e30\-9f1e\-4ec2\-8c85\-965ac0e0d0f3\.config
review / pass2	UNKNOWN STEP	2026-08-15T06:26:17.4591955Z [command]/usr/local/bin/git config --local --get-all includeif.gitdir:/home/runner/_work/dynamo-1573c1a-data-querying-and-databases/dynamo-1573c1a-data-querying-and-databases/submission/.git/worktrees/*.path
review / pass2	UNKNOWN STEP	2026-08-15T06:26:17.4612345Z /home/runner/_work/_temp/git-credentials-36eb8e30-9f1e-4ec2-8c85-965ac0e0d0f3.config
review / pass2	UNKNOWN STEP	2026-08-15T06:26:17.4616607Z [command]/usr/local/bin/git config --local --unset includeif.gitdir:/home/runner/_work/dynamo-1573c1a-data-querying-and-databases/dynamo-1573c1a-data-querying-and-databases/submission/.git/worktrees/*.path \/home\/runner\/_work\/_temp\/git\-credentials\-36eb8e30\-9f1e\-4ec2\-8c85\-965ac0e0d0f3\.config
review / pass2	UNKNOWN STEP	2026-08-15T06:26:17.4635908Z [command]/usr/local/bin/git config --local --get-all includeif.gitdir:/github/workspace/submission/.git.path
review / pass2	UNKNOWN STEP	2026-08-15T06:26:17.4650905Z /github/runner_temp/git-credentials-36eb8e30-9f1e-4ec2-8c85-965ac0e0d0f3.config
review / pass2	UNKNOWN STEP	2026-08-15T06:26:17.4653786Z [command]/usr/local/bin/git config --local --unset includeif.gitdir:/github/workspace/submission/.git.path \/github\/runner_temp\/git\-credentials\-36eb8e30\-9f1e\-4ec2\-8c85\-965ac0e0d0f3\.config
review / pass2	UNKNOWN STEP	2026-08-15T06:26:17.4673745Z [command]/usr/local/bin/git config --local --get-all includeif.gitdir:/github/workspace/submission/.git/worktrees/*.path
review / pass2	UNKNOWN STEP	2026-08-15T06:26:17.4686787Z /github/runner_temp/git-credentials-36eb8e30-9f1e-4ec2-8c85-965ac0e0d0f3.config
review / pass2	UNKNOWN STEP	2026-08-15T06:26:17.4689715Z [command]/usr/local/bin/git config --local --unset includeif.gitdir:/github/workspace/submission/.git/worktrees/*.path \/github\/runner_temp\/git\-credentials\-36eb8e30\-9f1e\-4ec2\-8c85\-965ac0e0d0f3\.config
review / pass2	UNKNOWN STEP	2026-08-15T06:26:17.4707608Z [command]/usr/local/bin/git submodule foreach --recursive git config --local --show-origin --name-only --get-regexp remote.origin.url
review / pass2	UNKNOWN STEP	2026-08-15T06:26:17.4801477Z Removing credentials config '/home/runner/_work/_temp/git-credentials-36eb8e30-9f1e-4ec2-8c85-965ac0e0d0f3.config'
review / pass2	UNKNOWN STEP	2026-08-15T06:26:17.4805923Z ##[endgroup]
review / pass2	UNKNOWN STEP	2026-08-15T06:26:17.4910576Z Node 20 is being deprecated. This workflow is running with Node 24 by default. If you need to temporarily use Node 20, you can set the ACTIONS_ALLOW_USE_UNSECURE_NODE_VERSION=true environment variable. For more information see: https://github.blog/changelog/2025-09-19-deprecation-of-node-20-on-github-actions-runners/
review / pass2	UNKNOWN STEP	2026-08-15T06:26:17.4911271Z ##[group]Run marocchino/sticky-pull-request-comment@773744901bac0e8cbb5a0dc842800d45e9b2b405
review / pass2	UNKNOWN STEP	2026-08-15T06:26:17.4911495Z with:
review / pass2	UNKNOWN STEP	2026-08-15T06:26:17.4911613Z   header: pass2-timeout-check
review / pass2	UNKNOWN STEP	2026-08-15T06:26:17.4911741Z   number: 5
review / pass2	UNKNOWN STEP	2026-08-15T06:26:17.4912175Z   message: ## ⏱️ Timeout Pre-check (pass@2) ⏳
review / pass2	UNKNOWN STEP	Running 2 agent trials with a hard 3600s timeout on the **agent run** (excludes environment startup) to catch timeout / infra errors before the full pass@5...
review / pass2	UNKNOWN STEP	
review / pass2	UNKNOWN STEP	2026-08-15T06:26:17.4912618Z   append: false
review / pass2	UNKNOWN STEP	2026-08-15T06:26:17.4912834Z   recreate: false
review / pass2	UNKNOWN STEP	2026-08-15T06:26:17.4912974Z   delete: false
review / pass2	UNKNOWN STEP	2026-08-15T06:26:17.4913219Z   only_create: false
review / pass2	UNKNOWN STEP	2026-08-15T06:26:17.4913374Z   only_update: false
review / pass2	UNKNOWN STEP	2026-08-15T06:26:17.4913577Z   hide_details: false
review / pass2	UNKNOWN STEP	2026-08-15T06:26:17.4913738Z   hide: false
review / pass2	UNKNOWN STEP	2026-08-15T06:26:17.4913929Z   hide_and_recreate: false
review / pass2	UNKNOWN STEP	2026-08-15T06:26:17.4914103Z   hide_classify: OUTDATED
review / pass2	UNKNOWN STEP	2026-08-15T06:26:17.4914292Z   ignore_empty: false
review / pass2	UNKNOWN STEP	2026-08-15T06:26:17.4914452Z   skip_unchanged: false
review / pass2	UNKNOWN STEP	2026-08-15T06:26:17.4914626Z   follow_symbolic_links: false
review / pass2	UNKNOWN STEP	2026-08-15T06:26:17.4915787Z   GITHUB_TOKEN: ***
review / pass2	UNKNOWN STEP	2026-08-15T06:26:17.4915940Z env:
review / pass2	UNKNOWN STEP	2026-08-15T06:26:17.4929690Z   GH_TOKEN: ***
review / pass2	UNKNOWN STEP	2026-08-15T06:26:17.4929901Z   REPO: handshake-project-dynamo/dynamo-1573c1a-data-querying-and-databases
review / pass2	UNKNOWN STEP	2026-08-15T06:26:17.4930105Z   PR_NUMBER: 5
review / pass2	UNKNOWN STEP	2026-08-15T06:26:17.4930290Z   BLACKSMITH_RUNNER_MESSAGE_WAIT_MS: 864
review / pass2	UNKNOWN STEP	2026-08-15T06:26:17.4930498Z   BLACKSMITH_RUNNER_ACQUIRE_JOB_MS: 1088
review / pass2	UNKNOWN STEP	2026-08-15T06:26:17.4930734Z   GITHUB_REPO_NAME: handshake-project-dynamo/dynamo-1573c1a-data-querying-and-databases
review / pass2	UNKNOWN STEP	2026-08-15T06:26:17.4930952Z ##[endgroup]
review / pass2	UNKNOWN STEP	2026-08-15T06:26:18.9324524Z Node 20 is being deprecated. This workflow is running with Node 24 by default. If you need to temporarily use Node 20, you can set the ACTIONS_ALLOW_USE_UNSECURE_NODE_VERSION=true environment variable. For more information see: https://github.blog/changelog/2025-09-19-deprecation-of-node-20-on-github-actions-runners/
review / pass2	UNKNOWN STEP	2026-08-15T06:26:18.9325344Z ##[group]Run actions/setup-python@a26af69be951a213d495a4c3e4e4022e16d87065
review / pass2	UNKNOWN STEP	2026-08-15T06:26:18.9325546Z with:
review / pass2	UNKNOWN STEP	2026-08-15T06:26:18.9325669Z   python-version: 3.11
review / pass2	UNKNOWN STEP	2026-08-15T06:26:18.9325799Z   check-latest: false
review / pass2	UNKNOWN STEP	2026-08-15T06:26:18.9326870Z   token: ***
review / pass2	UNKNOWN STEP	2026-08-15T06:26:18.9326974Z   update-environment: true
review / pass2	UNKNOWN STEP	2026-08-15T06:26:18.9327098Z   allow-prereleases: false
review / pass2	UNKNOWN STEP	2026-08-15T06:26:18.9327216Z   freethreaded: false
review / pass2	UNKNOWN STEP	2026-08-15T06:26:18.9327326Z env:
review / pass2	UNKNOWN STEP	2026-08-15T06:26:18.9328300Z   GH_TOKEN: ***
review / pass2	UNKNOWN STEP	2026-08-15T06:26:18.9328467Z   REPO: handshake-project-dynamo/dynamo-1573c1a-data-querying-and-databases
review / pass2	UNKNOWN STEP	2026-08-15T06:26:18.9328666Z   PR_NUMBER: 5
review / pass2	UNKNOWN STEP	2026-08-15T06:26:18.9328813Z   BLACKSMITH_RUNNER_MESSAGE_WAIT_MS: 864
review / pass2	UNKNOWN STEP	2026-08-15T06:26:18.9328957Z   BLACKSMITH_RUNNER_ACQUIRE_JOB_MS: 1088
review / pass2	UNKNOWN STEP	2026-08-15T06:26:18.9329169Z   GITHUB_REPO_NAME: handshake-project-dynamo/dynamo-1573c1a-data-querying-and-databases
review / pass2	UNKNOWN STEP	2026-08-15T06:26:18.9329376Z ##[endgroup]
review / pass2	UNKNOWN STEP	2026-08-15T06:26:18.9953641Z ##[group]Installed versions
review / pass2	UNKNOWN STEP	2026-08-15T06:26:18.9988887Z (node:4233) [DEP0040] DeprecationWarning: The `punycode` module is deprecated. Please use a userland alternative instead.
review / pass2	UNKNOWN STEP	2026-08-15T06:26:18.9989612Z (Use `node --trace-deprecation ...` to show where the warning was created)
review / pass2	UNKNOWN STEP	2026-08-15T06:26:18.9989840Z Successfully set up CPython (3.11.14)
review / pass2	UNKNOWN STEP	2026-08-15T06:26:18.9990102Z ##[endgroup]
review / pass2	UNKNOWN STEP	2026-08-15T06:26:19.0275256Z Node 20 is being deprecated. This workflow is running with Node 24 by default. If you need to temporarily use Node 20, you can set the ACTIONS_ALLOW_USE_UNSECURE_NODE_VERSION=true environment variable. For more information see: https://github.blog/changelog/2025-09-19-deprecation-of-node-20-on-github-actions-runners/
review / pass2	UNKNOWN STEP	2026-08-15T06:26:19.0275859Z ##[group]Run astral-sh/setup-uv@38f3f104447c67c051c4a08e39b64a148898af3a
review / pass2	UNKNOWN STEP	2026-08-15T06:26:19.0276035Z with:
review / pass2	UNKNOWN STEP	2026-08-15T06:26:19.0276136Z   version: latest
review / pass2	UNKNOWN STEP	2026-08-15T06:26:19.0277263Z   github-token: ***
review / pass2	UNKNOWN STEP	2026-08-15T06:26:19.0277368Z   enable-cache: false
review / pass2	UNKNOWN STEP	2026-08-15T06:26:19.0277487Z   cache-dependency-glob: **/uv.lock
review / pass2	UNKNOWN STEP	2026-08-15T06:26:19.0277627Z   prune-cache: true
review / pass2	UNKNOWN STEP	2026-08-15T06:26:19.0277740Z   ignore-nothing-to-cache: false
review / pass2	UNKNOWN STEP	2026-08-15T06:26:19.0277864Z env:
review / pass2	UNKNOWN STEP	2026-08-15T06:26:19.0278818Z   GH_TOKEN: ***
review / pass2	UNKNOWN STEP	2026-08-15T06:26:19.0278983Z   REPO: handshake-project-dynamo/dynamo-1573c1a-data-querying-and-databases
review / pass2	UNKNOWN STEP	2026-08-15T06:26:19.0279201Z   PR_NUMBER: 5
review / pass2	UNKNOWN STEP	2026-08-15T06:26:19.0279311Z   BLACKSMITH_RUNNER_MESSAGE_WAIT_MS: 864
review / pass2	UNKNOWN STEP	2026-08-15T06:26:19.0279452Z   BLACKSMITH_RUNNER_ACQUIRE_JOB_MS: 1088
review / pass2	UNKNOWN STEP	2026-08-15T06:26:19.0279656Z   GITHUB_REPO_NAME: handshake-project-dynamo/dynamo-1573c1a-data-querying-and-databases
review / pass2	UNKNOWN STEP	2026-08-15T06:26:19.0279933Z   pythonLocation: /opt/hostedtoolcache/Python/3.11.14/x64
review / pass2	UNKNOWN STEP	2026-08-15T06:26:19.0280151Z   PKG_CONFIG_PATH: /opt/hostedtoolcache/Python/3.11.14/x64/lib/pkgconfig
review / pass2	UNKNOWN STEP	2026-08-15T06:26:19.0280358Z   Python_ROOT_DIR: /opt/hostedtoolcache/Python/3.11.14/x64
review / pass2	UNKNOWN STEP	2026-08-15T06:26:19.0280546Z   Python2_ROOT_DIR: /opt/hostedtoolcache/Python/3.11.14/x64
review / pass2	UNKNOWN STEP	2026-08-15T06:26:19.0280728Z   Python3_ROOT_DIR: /opt/hostedtoolcache/Python/3.11.14/x64
review / pass2	UNKNOWN STEP	2026-08-15T06:26:19.0280919Z   LD_LIBRARY_PATH: /opt/hostedtoolcache/Python/3.11.14/x64/lib
review / pass2	UNKNOWN STEP	2026-08-15T06:26:19.0281074Z ##[endgroup]
review / pass2	UNKNOWN STEP	2026-08-15T06:26:19.0947757Z (node:4241) [DEP0040] DeprecationWarning: The `punycode` module is deprecated. Please use a userland alternative instead.
review / pass2	UNKNOWN STEP	2026-08-15T06:26:19.0948095Z (Use `node --trace-deprecation ...` to show where the warning was created)
review / pass2	UNKNOWN STEP	2026-08-15T06:26:19.4052543Z Downloading uv from "https://github.com/astral-sh/uv/releases/download/0.12.5/uv-x86_64-unknown-linux-gnu.tar.gz" ...
review / pass2	UNKNOWN STEP	2026-08-15T06:26:19.6882161Z [command]/usr/bin/tar xz --warning=no-unknown-keyword --overwrite -C /home/runner/_work/_temp/1a3d1497-cf1c-4970-b732-cca12c77f23a -f /home/runner/_work/_temp/d6294206-71dc-4a58-85ef-01eba52b199e
review / pass2	UNKNOWN STEP	2026-08-15T06:26:19.9834494Z Added /opt/hostedtoolcache/uv/0.12.5/x86_64 to the path
review / pass2	UNKNOWN STEP	2026-08-15T06:26:19.9834962Z Added /home/runner/.local/bin to the path
review / pass2	UNKNOWN STEP	2026-08-15T06:26:19.9840222Z Set UV_CACHE_DIR to /home/runner/_work/_temp/setup-uv-cache
review / pass2	UNKNOWN STEP	2026-08-15T06:26:19.9840596Z Successfully installed uv version 0.12.5
review / pass2	UNKNOWN STEP	2026-08-15T06:26:19.9884307Z ##[group]Run sudo wget -qO /usr/local/bin/yq https://github.com/mikefarah/yq/releases/latest/download/yq_linux_amd64
review / pass2	UNKNOWN STEP	2026-08-15T06:26:19.9884716Z ^[[36;1msudo wget -qO /usr/local/bin/yq https://github.com/mikefarah/yq/releases/latest/download/yq_linux_amd64^[[0m
review / pass2	UNKNOWN STEP	2026-08-15T06:26:19.9884971Z ^[[36;1msudo chmod +x /usr/local/bin/yq^[[0m
review / pass2	UNKNOWN STEP	2026-08-15T06:26:19.9885129Z ^[[36;1mF=.harbor/harbor-run-defaults.yml^[[0m
review / pass2	UNKNOWN STEP	2026-08-15T06:26:19.9885343Z ^[[36;1m# GATING pass@2 uses `.agents` (GPT-5.4) — same model as the pass@5 trials.^[[0m
review / pass2	UNKNOWN STEP	2026-08-15T06:26:19.9885685Z ^[[36;1mecho "agents=$(yq -o=json -I=0 '.agents' "$F" | jq -c 'map({agent:.agent, model:.model, kwargs:(.kwargs//{}), env:(.env//{})})')" >> $GITHUB_OUTPUT^[[0m
review / pass2	UNKNOWN STEP	2026-08-15T06:26:19.9886010Z ^[[36;1mENVB=$(yq '.env // "daytona"' "$F"); echo "envb=$ENVB" >> $GITHUB_OUTPUT^[[0m
review / pass2	UNKNOWN STEP	2026-08-15T06:26:19.9886283Z ^[[36;1m# pass@2 agent budget = the fellow's task.toml [agent].timeout_sec, CAPPED at 3600s (1hr).^[[0m
review / pass2	UNKNOWN STEP	2026-08-15T06:26:19.9886817Z ^[[36;1m# The 1hr is only an upper bound; the fellow's value is honored below it. Missing/invalid → 3600.^[[0m
review / pass2	UNKNOWN STEP	2026-08-15T06:26:19.9887320Z ^[[36;1mPASS2_TO=$(python3 -c "import tomllib; d=tomllib.load(open('submission/task/task.toml','rb')); v=d.get('agent',{}).get('timeout_sec',3600); print(min(int(v),3600) if isinstance(v,(int,float)) and v>0 else 3600)" 2>/dev/null || echo 3600)^[[0m
review / pass2	UNKNOWN STEP	2026-08-15T06:26:19.9887764Z ^[[36;1mecho "pass2_timeout=${PASS2_TO:-3600}" >> $GITHUB_OUTPUT^[[0m
review / pass2	UNKNOWN STEP	2026-08-15T06:26:19.9888052Z ^[[36;1mif [ "$ENVB" = "docker" ]; then uv tool install harbor==0.14.0; else uv tool install --python 3.12 "harbor[$ENVB]==0.14.0"; fi^[[0m
review / pass2	UNKNOWN STEP	2026-08-15T06:26:19.9899088Z shell: /usr/bin/bash -e {0}
review / pass2	UNKNOWN STEP	2026-08-15T06:26:19.9899218Z env:
review / pass2	UNKNOWN STEP	2026-08-15T06:26:19.9900330Z   GH_TOKEN: ***
review / pass2	UNKNOWN STEP	2026-08-15T06:26:19.9900541Z   REPO: handshake-project-dynamo/dynamo-1573c1a-data-querying-and-databases
review / pass2	UNKNOWN STEP	2026-08-15T06:26:19.9900740Z   PR_NUMBER: 5
review / pass2	UNKNOWN STEP	2026-08-15T06:26:19.9900867Z   BLACKSMITH_RUNNER_MESSAGE_WAIT_MS: 864
review / pass2	UNKNOWN STEP	2026-08-15T06:26:19.9901024Z   BLACKSMITH_RUNNER_ACQUIRE_JOB_MS: 1088
review / pass2	UNKNOWN STEP	2026-08-15T06:26:19.9901238Z   GITHUB_REPO_NAME: handshake-project-dynamo/dynamo-1573c1a-data-querying-and-databases
review / pass2	UNKNOWN STEP	2026-08-15T06:26:19.9901481Z   pythonLocation: /opt/hostedtoolcache/Python/3.11.14/x64
review / pass2	UNKNOWN STEP	2026-08-15T06:26:19.9901691Z   PKG_CONFIG_PATH: /opt/hostedtoolcache/Python/3.11.14/x64/lib/pkgconfig
review / pass2	UNKNOWN STEP	2026-08-15T06:26:19.9901899Z   Python_ROOT_DIR: /opt/hostedtoolcache/Python/3.11.14/x64
review / pass2	UNKNOWN STEP	2026-08-15T06:26:19.9902090Z   Python2_ROOT_DIR: /opt/hostedtoolcache/Python/3.11.14/x64
review / pass2	UNKNOWN STEP	2026-08-15T06:26:19.9902279Z   Python3_ROOT_DIR: /opt/hostedtoolcache/Python/3.11.14/x64
review / pass2	UNKNOWN STEP	2026-08-15T06:26:19.9902473Z   LD_LIBRARY_PATH: /opt/hostedtoolcache/Python/3.11.14/x64/lib
review / pass2	UNKNOWN STEP	2026-08-15T06:26:19.9902664Z   UV_CACHE_DIR: /home/runner/_work/_temp/setup-uv-cache
review / pass2	UNKNOWN STEP	2026-08-15T06:26:19.9902816Z ##[endgroup]
review / pass2	UNKNOWN STEP	2026-08-15T06:26:20.8276883Z Resolved 126 packages in 370ms
review / pass2	UNKNOWN STEP	2026-08-15T06:26:20.8436506Z Downloading numpy (15.9MiB)
review / pass2	UNKNOWN STEP	2026-08-15T06:26:20.8440272Z Downloading obstore (5.4MiB)
review / pass2	UNKNOWN STEP	2026-08-15T06:26:20.8440508Z Downloading cryptography (4.5MiB)
review / pass2	UNKNOWN STEP	2026-08-15T06:26:20.8440889Z Downloading pydantic-core (2.0MiB)
review / pass2	UNKNOWN STEP	2026-08-15T06:26:20.8441465Z Downloading aiohttp (1.7MiB)
review / pass2	UNKNOWN STEP	2026-08-15T06:26:20.8442231Z Downloading pygments (1.2MiB)
review / pass2	UNKNOWN STEP	2026-08-15T06:26:20.8471483Z Downloading hf-xet (4.3MiB)
review / pass2	UNKNOWN STEP	2026-08-15T06:26:20.8472760Z Downloading tokenizers (3.2MiB)
review / pass2	UNKNOWN STEP	2026-08-15T06:26:20.8473300Z Downloading openai (1.6MiB)
review / pass2	UNKNOWN STEP	2026-08-15T06:26:20.8475530Z Downloading tiktoken (1.1MiB)
review / pass2	UNKNOWN STEP	2026-08-15T06:26:20.8476483Z Downloading pandas (10.5MiB)
review / pass2	UNKNOWN STEP	2026-08-15T06:26:20.8478549Z Downloading harbor (1.3MiB)
review / pass2	UNKNOWN STEP	2026-08-15T06:26:20.8480276Z Downloading claude-agent-sdk (93.8MiB)
review / pass2	UNKNOWN STEP	2026-08-15T06:26:20.8481156Z Downloading litellm (23.1MiB)
review / pass2	UNKNOWN STEP	2026-08-15T06:26:20.8481779Z Downloading pyarrow (47.8MiB)
review / pass2	UNKNOWN STEP	2026-08-15T06:26:21.0403213Z  Downloaded tiktoken
review / pass2	UNKNOWN STEP	2026-08-15T06:26:21.0964190Z  Downloaded aiohttp
review / pass2	UNKNOWN STEP	2026-08-15T06:26:21.1059717Z  Downloaded pydantic-core
review / pass2	UNKNOWN STEP	2026-08-15T06:26:21.1532442Z  Downloaded tokenizers
review / pass2	UNKNOWN STEP	2026-08-15T06:26:21.1978790Z  Downloaded hf-xet
review / pass2	UNKNOWN STEP	2026-08-15T06:26:21.2213984Z  Downloaded pygments
review / pass2	UNKNOWN STEP	2026-08-15T06:26:21.2367442Z  Downloaded harbor
review / pass2	UNKNOWN STEP	2026-08-15T06:26:21.2395412Z  Downloaded cryptography
review / pass2	UNKNOWN STEP	2026-08-15T06:26:21.2404163Z  Downloaded obstore
review / pass2	UNKNOWN STEP	2026-08-15T06:26:21.5839502Z  Downloaded numpy
review / pass2	UNKNOWN STEP	2026-08-15T06:26:21.7804383Z  Downloaded openai
review / pass2	UNKNOWN STEP	2026-08-15T06:26:22.0784828Z  Downloaded claude-agent-sdk
review / pass2	UNKNOWN STEP	2026-08-15T06:26:22.0918208Z  Downloaded pandas
review / pass2	UNKNOWN STEP	2026-08-15T06:26:22.1076734Z  Downloaded pyarrow
review / pass2	UNKNOWN STEP	2026-08-15T06:26:22.2549028Z  Downloaded litellm
review / pass2	UNKNOWN STEP	2026-08-15T06:26:22.2550021Z Prepared 126 packages in 1.42s
review / pass2	UNKNOWN STEP	2026-08-15T06:26:22.3180018Z Installed 126 packages in 62ms
review / pass2	UNKNOWN STEP	2026-08-15T06:26:22.3180347Z  + aiofiles==25.1.0
review / pass2	UNKNOWN STEP	2026-08-15T06:26:22.3180600Z  + aiohappyeyeballs==2.7.1
review / pass2	UNKNOWN STEP	2026-08-15T06:26:22.3180804Z  + aiohttp==3.14.3
review / pass2	UNKNOWN STEP	2026-08-15T06:26:22.3193527Z  + aiohttp-retry==2.9.1
review / pass2	UNKNOWN STEP	2026-08-15T06:26:22.3193772Z  + aiosignal==1.4.0
review / pass2	UNKNOWN STEP	2026-08-15T06:26:22.3193978Z  + annotated-doc==0.0.5
review / pass2	UNKNOWN STEP	2026-08-15T06:26:22.3194133Z  + annotated-types==0.8.0
review / pass2	UNKNOWN STEP	2026-08-15T06:26:22.3194259Z  + anyio==4.14.2
review / pass2	UNKNOWN STEP	2026-08-15T06:26:22.3194372Z  + attrs==26.1.0
review / pass2	UNKNOWN STEP	2026-08-15T06:26:22.3194476Z  + bidict==0.23.1
review / pass2	UNKNOWN STEP	2026-08-15T06:26:22.3194592Z  + certifi==2026.7.22
review / pass2	UNKNOWN STEP	2026-08-15T06:26:22.3194701Z  + cffi==2.1.1
review / pass2	UNKNOWN STEP	2026-08-15T06:26:22.3194821Z  + charset-normalizer==3.5.0
review / pass2	UNKNOWN STEP	2026-08-15T06:26:22.3194949Z  + claude-agent-sdk==0.2.139
review / pass2	UNKNOWN STEP	2026-08-15T06:26:22.3195072Z  + click==8.4.2
review / pass2	UNKNOWN STEP	2026-08-15T06:26:22.3195181Z  + cryptography==50.0.0
review / pass2	UNKNOWN STEP	2026-08-15T06:26:22.3195298Z  + datasets==5.0.1
review / pass2	UNKNOWN STEP	2026-08-15T06:26:22.3195406Z  + daytona==0.204.0
review / pass2	UNKNOWN STEP	2026-08-15T06:26:22.3195568Z  + daytona-analytics-api-client==0.204.0
review / pass2	UNKNOWN STEP	2026-08-15T06:26:22.3195733Z  + daytona-analytics-api-client-async==0.204.0
review / pass2	UNKNOWN STEP	2026-08-15T06:26:22.3195898Z  + daytona-api-client==0.204.0
review / pass2	UNKNOWN STEP	2026-08-15T06:26:22.3196079Z  + daytona-api-client-async==0.204.0
review / pass2	UNKNOWN STEP	2026-08-15T06:26:22.3222076Z  + daytona-toolbox-api-client==0.204.0
review / pass2	UNKNOWN STEP	2026-08-15T06:26:22.3222456Z  + daytona-toolbox-api-client-async==0.204.0
review / pass2	UNKNOWN STEP	2026-08-15T06:26:22.3222624Z  + deprecated==1.3.1
review / pass2	UNKNOWN STEP	2026-08-15T06:26:22.3222797Z  + deprecation==2.1.0
review / pass2	UNKNOWN STEP	2026-08-15T06:26:22.3222912Z  + dill==0.4.1
review / pass2	UNKNOWN STEP	2026-08-15T06:26:22.3223050Z  + dirhash==0.5.0
review / pass2	UNKNOWN STEP	2026-08-15T06:26:22.3223627Z  + distro==1.9.0
review / pass2	UNKNOWN STEP	2026-08-15T06:26:22.3223740Z  + fastapi==0.141.1
review / pass2	UNKNOWN STEP	2026-08-15T06:26:22.3223874Z  + fastuuid==0.14.0
review / pass2	UNKNOWN STEP	2026-08-15T06:26:22.3223997Z  + filelock==3.32.3
review / pass2	UNKNOWN STEP	2026-08-15T06:26:22.3224129Z  + frozenlist==1.8.0
review / pass2	UNKNOWN STEP	2026-08-15T06:26:22.3224370Z  + fsspec==2026.6.0
review / pass2	UNKNOWN STEP	2026-08-15T06:26:22.3224497Z  + googleapis-common-protos==1.75.1
review / pass2	UNKNOWN STEP	2026-08-15T06:26:22.3224799Z  + h11==0.16.0
review / pass2	UNKNOWN STEP	2026-08-15T06:26:22.3224909Z  + h2==4.4.1
review / pass2	UNKNOWN STEP	2026-08-15T06:26:22.3225039Z  + harbor==0.14.0
review / pass2	UNKNOWN STEP	2026-08-15T06:26:22.3225148Z  + hf-xet==1.6.0
review / pass2	UNKNOWN STEP	2026-08-15T06:26:22.3225257Z  + hpack==4.2.0
review / pass2	UNKNOWN STEP	2026-08-15T06:26:22.3237291Z  + httpcore==1.0.9
review / pass2	UNKNOWN STEP	2026-08-15T06:26:22.3237543Z  + httpx==0.28.1
review / pass2	UNKNOWN STEP	2026-08-15T06:26:22.3237776Z  + httpx-sse==0.4.3
review / pass2	UNKNOWN STEP	2026-08-15T06:26:22.3237892Z  + httpx-ws==0.9.0
review / pass2	UNKNOWN STEP	2026-08-15T06:26:22.3238005Z  + huggingface-hub==1.27.0
review / pass2	UNKNOWN STEP	2026-08-15T06:26:22.3238170Z  + hyperframe==6.1.0
review / pass2	UNKNOWN STEP	2026-08-15T06:26:22.3238280Z  + idna==3.18
review / pass2	UNKNOWN STEP	2026-08-15T06:26:22.3238397Z  + importlib-metadata==8.9.0
review / pass2	UNKNOWN STEP	2026-08-15T06:26:22.3238519Z  + jinja2==3.1.6
review / pass2	UNKNOWN STEP	2026-08-15T06:26:22.3238627Z  + jiter==0.16.0
review / pass2	UNKNOWN STEP	2026-08-15T06:26:22.3238750Z  + jsonschema==4.26.0
review / pass2	UNKNOWN STEP	2026-08-15T06:26:22.3238872Z  + jsonschema-specifications==2025.9.1
review / pass2	UNKNOWN STEP	2026-08-15T06:26:22.3239013Z  + litellm==1.96.2
review / pass2	UNKNOWN STEP	2026-08-15T06:26:22.3239127Z  + markdown-it-py==4.2.0
review / pass2	UNKNOWN STEP	2026-08-15T06:26:22.3239247Z  + markupsafe==3.0.3
review / pass2	UNKNOWN STEP	2026-08-15T06:26:22.3239352Z  + mcp==1.29.0
review / pass2	UNKNOWN STEP	2026-08-15T06:26:22.3239453Z  + mdurl==0.1.2
review / pass2	UNKNOWN STEP	2026-08-15T06:26:22.3239559Z  + multidict==6.7.1
review / pass2	UNKNOWN STEP	2026-08-15T06:26:22.3239677Z  + multiprocess==0.70.19
review / pass2	UNKNOWN STEP	2026-08-15T06:26:22.3239792Z  + numpy==2.5.2
review / pass2	UNKNOWN STEP	2026-08-15T06:26:22.3239900Z  + obstore==0.11.0
review / pass2	UNKNOWN STEP	2026-08-15T06:26:22.3240002Z  + openai==2.54.0
review / pass2	UNKNOWN STEP	2026-08-15T06:26:22.3240117Z  + opentelemetry-api==1.44.0
review / pass2	UNKNOWN STEP	2026-08-15T06:26:22.3240266Z  + opentelemetry-exporter-otlp-proto-common==1.44.0
review / pass2	UNKNOWN STEP	2026-08-15T06:26:22.3240454Z  + opentelemetry-exporter-otlp-proto-http==1.44.0
review / pass2	UNKNOWN STEP	2026-08-15T06:26:22.3240916Z  + opentelemetry-instrumentation==0.65b0
review / pass2	UNKNOWN STEP	2026-08-15T06:26:22.3241177Z  + opentelemetry-instrumentation-aiohttp-client==0.65b0
review / pass2	UNKNOWN STEP	2026-08-15T06:26:22.3241354Z  + opentelemetry-proto==1.44.0
review / pass2	UNKNOWN STEP	2026-08-15T06:26:22.3241487Z  + opentelemetry-sdk==1.44.0
review / pass2	UNKNOWN STEP	2026-08-15T06:26:22.3241629Z  + opentelemetry-semantic-conventions==0.65b0
review / pass2	UNKNOWN STEP	2026-08-15T06:26:22.3241805Z  + opentelemetry-util-http==0.65b0
review / pass2	UNKNOWN STEP	2026-08-15T06:26:22.3241971Z  + packaging==26.3
review / pass2	UNKNOWN STEP	2026-08-15T06:26:22.3242080Z  + pandas==3.0.5
review / pass2	UNKNOWN STEP	2026-08-15T06:26:22.3242182Z  + pathspec==1.1.1
review / pass2	UNKNOWN STEP	2026-08-15T06:26:22.3242294Z  + postgrest==2.31.0
review / pass2	UNKNOWN STEP	2026-08-15T06:26:22.3242402Z  + propcache==0.5.2
review / pass2	UNKNOWN STEP	2026-08-15T06:26:22.3242513Z  + protobuf==7.35.1
review / pass2	UNKNOWN STEP	2026-08-15T06:26:22.3242616Z  + pyarrow==25.0.1
review / pass2	UNKNOWN STEP	2026-08-15T06:26:22.3242724Z  + pycparser==3.0
review / pass2	UNKNOWN STEP	2026-08-15T06:26:22.3242829Z  + pydantic==2.13.4
review / pass2	UNKNOWN STEP	2026-08-15T06:26:22.3242942Z  + pydantic-core==2.46.4
review / pass2	UNKNOWN STEP	2026-08-15T06:26:22.3243065Z  + pydantic-settings==2.15.0
review / pass2	UNKNOWN STEP	2026-08-15T06:26:22.3243187Z  + pygments==2.20.0
review / pass2	UNKNOWN STEP	2026-08-15T06:26:22.3243297Z  + pyjwt==2.13.0
review / pass2	UNKNOWN STEP	2026-08-15T06:26:22.3243412Z  + python-dateutil==2.9.0.post0
review / pass2	UNKNOWN STEP	2026-08-15T06:26:22.3243537Z  + python-dotenv==1.2.2
review / pass2	UNKNOWN STEP	2026-08-15T06:26:22.3243658Z  + python-engineio==4.13.5
review / pass2	UNKNOWN STEP	2026-08-15T06:26:22.3243785Z  + python-multipart==0.0.32
review / pass2	UNKNOWN STEP	2026-08-15T06:26:22.3243908Z  + python-socketio==5.16.4
review / pass2	UNKNOWN STEP	2026-08-15T06:26:22.3244026Z  + pyyaml==6.0.3
review / pass2	UNKNOWN STEP	2026-08-15T06:26:22.3244126Z  + realtime==2.31.0
review / pass2	UNKNOWN STEP	2026-08-15T06:26:22.3244238Z  + referencing==0.37.0
review / pass2	UNKNOWN STEP	2026-08-15T06:26:22.3244346Z  + regex==2026.7.19
review / pass2	UNKNOWN STEP	2026-08-15T06:26:22.3244453Z  + requests==2.34.2
review / pass2	UNKNOWN STEP	2026-08-15T06:26:22.3244555Z  + rich==15.0.0
review / pass2	UNKNOWN STEP	2026-08-15T06:26:22.3244662Z  + rpds-py==2026.6.3
review / pass2	UNKNOWN STEP	2026-08-15T06:26:22.3244768Z  + scantree==0.0.4
review / pass2	UNKNOWN STEP	2026-08-15T06:26:22.3244876Z  + shellingham==1.5.4
review / pass2	UNKNOWN STEP	2026-08-15T06:26:22.3244988Z  + shortuuid==1.0.13
review / pass2	UNKNOWN STEP	2026-08-15T06:26:22.3245100Z  + simple-websocket==1.1.0
review / pass2	UNKNOWN STEP	2026-08-15T06:26:22.3245213Z  + six==1.17.0
review / pass2	UNKNOWN STEP	2026-08-15T06:26:22.3245314Z  + sniffio==1.3.1
review / pass2	UNKNOWN STEP	2026-08-15T06:26:22.3245424Z  + sse-starlette==3.4.8
review / pass2	UNKNOWN STEP	2026-08-15T06:26:22.3245539Z  + starlette==1.6.0
review / pass2	UNKNOWN STEP	2026-08-15T06:26:22.3245642Z  + storage3==2.31.0
review / pass2	UNKNOWN STEP	2026-08-15T06:26:22.3245749Z  + strenum==0.4.15
review / pass2	UNKNOWN STEP	2026-08-15T06:26:22.3245849Z  + supabase==2.31.0
review / pass2	UNKNOWN STEP	2026-08-15T06:26:22.3245959Z  + supabase-auth==2.31.0
review / pass2	UNKNOWN STEP	2026-08-15T06:26:22.3246081Z  + supabase-functions==2.31.0
review / pass2	UNKNOWN STEP	2026-08-15T06:26:22.3246207Z  + tenacity==9.1.4
review / pass2	UNKNOWN STEP	2026-08-15T06:26:22.3246308Z  + tiktoken==0.13.0
review / pass2	UNKNOWN STEP	2026-08-15T06:26:22.3246416Z  + tokenizers==0.23.1
review / pass2	UNKNOWN STEP	2026-08-15T06:26:22.3246521Z  + toml==0.10.2
review / pass2	UNKNOWN STEP	2026-08-15T06:26:22.3246621Z  + tqdm==4.70.0
review / pass2	UNKNOWN STEP	2026-08-15T06:26:22.3246719Z  + typer==0.27.1
review / pass2	UNKNOWN STEP	2026-08-15T06:26:22.3246826Z  + typing-extensions==4.16.0
review / pass2	UNKNOWN STEP	2026-08-15T06:26:22.3246958Z  + typing-inspection==0.4.4
review / pass2	UNKNOWN STEP	2026-08-15T06:26:22.3247079Z  + urllib3==2.7.0
review / pass2	UNKNOWN STEP	2026-08-15T06:26:22.3247178Z  + uvicorn==0.52.3
review / pass2	UNKNOWN STEP	2026-08-15T06:26:22.3247288Z  + websocket-client==1.9.0
review / pass2	UNKNOWN STEP	2026-08-15T06:26:22.3247403Z  + websockets==15.0.1
review / pass2	UNKNOWN STEP	2026-08-15T06:26:22.3247515Z  + wrapt==2.3.0
review / pass2	UNKNOWN STEP	2026-08-15T06:26:22.3247614Z  + wsproto==1.3.2
review / pass2	UNKNOWN STEP	2026-08-15T06:26:22.3247715Z  + xxhash==4.0.0
review / pass2	UNKNOWN STEP	2026-08-15T06:26:22.3247817Z  + yarl==1.24.5
review / pass2	UNKNOWN STEP	2026-08-15T06:26:22.3247943Z  + zipp==4.1.0
review / pass2	UNKNOWN STEP	2026-08-15T06:26:22.3248107Z Installed 3 executables: harbor, hb, hr
review / pass2	UNKNOWN STEP	2026-08-15T06:26:22.3280472Z ##[group]Run TASK_NAME=$(python3 -c 'import tomllib; data=tomllib.load(open("submission/task/task.toml", "rb")); print(data.get("task", {}).get("name", ""))' 2>/dev/null || true)
review / pass2	UNKNOWN STEP	2026-08-15T06:26:22.3281036Z ^[[36;1mTASK_NAME=$(python3 -c 'import tomllib; data=tomllib.load(open("submission/task/task.toml", "rb")); print(data.get("task", {}).get("name", ""))' 2>/dev/null || true)^[[0m
review / pass2	UNKNOWN STEP	2026-08-15T06:26:22.3281384Z ^[[36;1mTASK_NAME="${TASK_NAME:-${GITHUB_REPOSITORY##*/}}"^[[0m
review / pass2	UNKNOWN STEP	2026-08-15T06:26:22.3281550Z ^[[36;1mjq -cn \^[[0m
review / pass2	UNKNOWN STEP	2026-08-15T06:26:22.3281666Z ^[[36;1m  --arg task "$TASK_NAME" \^[[0m
review / pass2	UNKNOWN STEP	2026-08-15T06:26:22.3281869Z ^[[36;1m  --arg repository "$GITHUB_REPOSITORY" \^[[0m
review / pass2	UNKNOWN STEP	2026-08-15T06:26:22.3282027Z ^[[36;1m  --arg sha "$DYNAMO_SHA" \^[[0m
review / pass2	UNKNOWN STEP	2026-08-15T06:26:22.3282175Z ^[[36;1m  --arg run_id "$GITHUB_RUN_ID" \^[[0m
review / pass2	UNKNOWN STEP	2026-08-15T06:26:22.3282412Z ^[[36;1m  --arg job "$GITHUB_JOB" \^[[0m
review / pass2	UNKNOWN STEP	2026-08-15T06:26:22.3282716Z ^[[36;1m  '{"dynamo.task":$task,"dynamo.repository":$repository,"dynamo.sha":$sha,"dynamo.github_run_id":$run_id,"dynamo.github_job":$job}' \^[[0m
review / pass2	UNKNOWN STEP	2026-08-15T06:26:22.3283016Z ^[[36;1m  > "$RUNNER_TEMP/dynamo-harbor-labels.json"^[[0m
review / pass2	UNKNOWN STEP	2026-08-15T06:26:22.3293141Z shell: /usr/bin/bash -e {0}
review / pass2	UNKNOWN STEP	2026-08-15T06:26:22.3293277Z env:
review / pass2	UNKNOWN STEP	2026-08-15T06:26:22.3294376Z   GH_TOKEN: ***
review / pass2	UNKNOWN STEP	2026-08-15T06:26:22.3294554Z   REPO: handshake-project-dynamo/dynamo-1573c1a-data-querying-and-databases
review / pass2	UNKNOWN STEP	2026-08-15T06:26:22.3294752Z   PR_NUMBER: 5
review / pass2	UNKNOWN STEP	2026-08-15T06:26:22.3294869Z   BLACKSMITH_RUNNER_MESSAGE_WAIT_MS: 864
review / pass2	UNKNOWN STEP	2026-08-15T06:26:22.3295023Z   BLACKSMITH_RUNNER_ACQUIRE_JOB_MS: 1088
review / pass2	UNKNOWN STEP	2026-08-15T06:26:22.3295237Z   GITHUB_REPO_NAME: handshake-project-dynamo/dynamo-1573c1a-data-querying-and-databases
review / pass2	UNKNOWN STEP	2026-08-15T06:26:22.3295490Z   pythonLocation: /opt/hostedtoolcache/Python/3.11.14/x64
review / pass2	UNKNOWN STEP	2026-08-15T06:26:22.3295704Z   PKG_CONFIG_PATH: /opt/hostedtoolcache/Python/3.11.14/x64/lib/pkgconfig
review / pass2	UNKNOWN STEP	2026-08-15T06:26:22.3295920Z   Python_ROOT_DIR: /opt/hostedtoolcache/Python/3.11.14/x64
review / pass2	UNKNOWN STEP	2026-08-15T06:26:22.3296115Z   Python2_ROOT_DIR: /opt/hostedtoolcache/Python/3.11.14/x64
review / pass2	UNKNOWN STEP	2026-08-15T06:26:22.3296306Z   Python3_ROOT_DIR: /opt/hostedtoolcache/Python/3.11.14/x64
review / pass2	UNKNOWN STEP	2026-08-15T06:26:22.3296505Z   LD_LIBRARY_PATH: /opt/hostedtoolcache/Python/3.11.14/x64/lib
review / pass2	UNKNOWN STEP	2026-08-15T06:26:22.3296693Z   UV_CACHE_DIR: /home/runner/_work/_temp/setup-uv-cache
review / pass2	UNKNOWN STEP	2026-08-15T06:26:22.3296871Z   DYNAMO_SHA: 477710b17382a988ca0548249dbb198740967ad0
review / pass2	UNKNOWN STEP	2026-08-15T06:26:22.3297024Z ##[endgroup]
review / pass2	UNKNOWN STEP	2026-08-15T06:26:22.3491858Z ##[group]Run set +e
review / pass2	UNKNOWN STEP	2026-08-15T06:26:22.3492005Z ^[[36;1mset +e^[[0m
review / pass2	UNKNOWN STEP	2026-08-15T06:26:22.3492136Z ^[[36;1mN_AGENTS=$(echo "$AGENTS_JSON" | jq 'length')^[[0m
review / pass2	UNKNOWN STEP	2026-08-15T06:26:22.3492297Z ^[[36;1mN_CONC=$((2 * N_AGENTS))^[[0m
review / pass2	UNKNOWN STEP	2026-08-15T06:26:22.3492466Z ^[[36;1mLABELS=$(<"$RUNNER_TEMP/dynamo-harbor-labels.json")^[[0m
review / pass2	UNKNOWN STEP	2026-08-15T06:26:22.3492826Z ^[[36;1mjq -n --arg job "$JOB_ID" --arg env "$ENVB" --argjson labels "$LABELS" --argjson nc "$N_CONC" --argjson agents "$AGENTS_JSON" --argjson cap "${PASS2_TIMEOUT:-3600}" \^[[0m
review / pass2	UNKNOWN STEP	2026-08-15T06:26:22.3493581Z ^[[36;1m  '{job_name:$job, jobs_dir:"pass2-output", n_attempts:2, n_concurrent_trials:$nc, environment:{type:$env, kwargs:({auto_stop_interval_mins:60} + (if $env == "daytona" then {labels:$labels} else {} end))}, agents:($agents|map({name:.agent, model_name:.model, kwargs:.kwargs, env:.env, override_timeout_sec:$cap})), tasks:[{path:"submission/task"}]}' \^[[0m
review / pass2	UNKNOWN STEP	2026-08-15T06:26:22.3494150Z ^[[36;1m  > /tmp/pass2-job.json^[[0m
review / pass2	UNKNOWN STEP	2026-08-15T06:26:22.3494324Z ^[[36;1mecho "JobConfig:"; jq . /tmp/pass2-job.json^[[0m
review / pass2	UNKNOWN STEP	2026-08-15T06:26:22.3494560Z ^[[36;1mrm -rf pass2-output 2>/dev/null || true   # only the final run's output should remain^[[0m
review / pass2	UNKNOWN STEP	2026-08-15T06:26:22.3494820Z ^[[36;1mharbor run -c /tmp/pass2-job.json 2>&1 | tee /tmp/pass2.log^[[0m
review / pass2	UNKNOWN STEP	2026-08-15T06:26:22.3501927Z shell: /usr/bin/bash -e {0}
review / pass2	UNKNOWN STEP	2026-08-15T06:26:22.3502059Z env:
review / pass2	UNKNOWN STEP	2026-08-15T06:26:22.3503135Z   GH_TOKEN: ***
review / pass2	UNKNOWN STEP	2026-08-15T06:26:22.3503316Z   REPO: handshake-project-dynamo/dynamo-1573c1a-data-querying-and-databases
review / pass2	UNKNOWN STEP	2026-08-15T06:26:22.3503511Z   PR_NUMBER: 5
review / pass2	UNKNOWN STEP	2026-08-15T06:26:22.3503624Z   BLACKSMITH_RUNNER_MESSAGE_WAIT_MS: 864
review / pass2	UNKNOWN STEP	2026-08-15T06:26:22.3503772Z   BLACKSMITH_RUNNER_ACQUIRE_JOB_MS: 1088
review / pass2	UNKNOWN STEP	2026-08-15T06:26:22.3503983Z   GITHUB_REPO_NAME: handshake-project-dynamo/dynamo-1573c1a-data-querying-and-databases
review / pass2	UNKNOWN STEP	2026-08-15T06:26:22.3504231Z   pythonLocation: /opt/hostedtoolcache/Python/3.11.14/x64
review / pass2	UNKNOWN STEP	2026-08-15T06:26:22.3504437Z   PKG_CONFIG_PATH: /opt/hostedtoolcache/Python/3.11.14/x64/lib/pkgconfig
review / pass2	UNKNOWN STEP	2026-08-15T06:26:22.3504655Z   Python_ROOT_DIR: /opt/hostedtoolcache/Python/3.11.14/x64
review / pass2	UNKNOWN STEP	2026-08-15T06:26:22.3504843Z   Python2_ROOT_DIR: /opt/hostedtoolcache/Python/3.11.14/x64
review / pass2	UNKNOWN STEP	2026-08-15T06:26:22.3505032Z   Python3_ROOT_DIR: /opt/hostedtoolcache/Python/3.11.14/x64
review / pass2	UNKNOWN STEP	2026-08-15T06:26:22.3505225Z   LD_LIBRARY_PATH: /opt/hostedtoolcache/Python/3.11.14/x64/lib
review / pass2	UNKNOWN STEP	2026-08-15T06:26:22.3505418Z   UV_CACHE_DIR: /home/runner/_work/_temp/setup-uv-cache
review / pass2	UNKNOWN STEP	2026-08-15T06:26:22.3505940Z   OPENAI_API_KEY: ***
review / pass2	UNKNOWN STEP	2026-08-15T06:26:22.3506153Z   OPENROUTER_API_KEY: ***
review / pass2	UNKNOWN STEP	2026-08-15T06:26:22.3506333Z   GEMINI_API_KEY: ***
review / pass2	UNKNOWN STEP	2026-08-15T06:26:22.3506446Z   MODAL_TOKEN_ID: 
review / pass2	UNKNOWN STEP	2026-08-15T06:26:22.3506559Z   MODAL_TOKEN_SECRET: 
review / pass2	UNKNOWN STEP	2026-08-15T06:26:22.3506747Z   DAYTONA_API_KEY: ***
review / pass2	UNKNOWN STEP	2026-08-15T06:26:22.3506856Z   DAYTONA_TARGET: 
review / pass2	UNKNOWN STEP	2026-08-15T06:26:22.3507152Z   AGENTS_JSON: [{"agent":"terminus-2","model":"openrouter/deepseek/deepseek-v4-pro","kwargs":{"llm_kwargs":{"reasoning":{"effort":"high"},"max_tokens":128000}},"env":{}}]
review / pass2	UNKNOWN STEP	2026-08-15T06:26:22.3507464Z   ENVB: daytona
review / pass2	UNKNOWN STEP	2026-08-15T06:26:22.3507577Z   PASS2_TIMEOUT: 600
review / pass2	UNKNOWN STEP	2026-08-15T06:26:22.3507694Z   JOB_ID: 31869087653-pass2
review / pass2	UNKNOWN STEP	2026-08-15T06:26:22.3507815Z ##[endgroup]
review / pass2	UNKNOWN STEP	2026-08-15T06:26:22.3549183Z JobConfig:
review / pass2	UNKNOWN STEP	2026-08-15T06:26:22.3557479Z {
review / pass2	UNKNOWN STEP	2026-08-15T06:26:22.3557604Z   "job_name": "31869087653-pass2",
review / pass2	UNKNOWN STEP	2026-08-15T06:26:22.3557757Z   "jobs_dir": "pass2-output",
review / pass2	UNKNOWN STEP	2026-08-15T06:26:22.3557925Z   "n_attempts": 2,
review / pass2	UNKNOWN STEP	2026-08-15T06:26:22.3558060Z   "n_concurrent_trials": 2,
review / pass2	UNKNOWN STEP	2026-08-15T06:26:22.3558186Z   "environment": {
review / pass2	UNKNOWN STEP	2026-08-15T06:26:22.3558315Z     "type": "daytona",
review / pass2	UNKNOWN STEP	2026-08-15T06:26:22.3558447Z     "kwargs": {
review / pass2	UNKNOWN STEP	2026-08-15T06:26:22.3558577Z       "auto_stop_interval_mins": 60,
review / pass2	UNKNOWN STEP	2026-08-15T06:26:22.3558728Z       "labels": {
review / pass2	UNKNOWN STEP	2026-08-15T06:26:22.3558879Z         "dynamo.task": "dynamo/bom-shortage-cascade",
review / pass2	UNKNOWN STEP	2026-08-15T06:26:22.3559160Z         "dynamo.repository": "handshake-project-dynamo/dynamo-1573c1a-data-querying-and-databases",
review / pass2	UNKNOWN STEP	2026-08-15T06:26:22.3559619Z         "dynamo.sha": "477710b17382a988ca0548249dbb198740967ad0",
review / pass2	UNKNOWN STEP	2026-08-15T06:26:22.3559809Z         "dynamo.github_run_id": "31869087653",
review / pass2	UNKNOWN STEP	2026-08-15T06:26:22.3559964Z         "dynamo.github_job": "pass2"
review / pass2	UNKNOWN STEP	2026-08-15T06:26:22.3560109Z       }
review / pass2	UNKNOWN STEP	2026-08-15T06:26:22.3560226Z     }
review / pass2	UNKNOWN STEP	2026-08-15T06:26:22.3560349Z   },
review / pass2	UNKNOWN STEP	2026-08-15T06:26:22.3560465Z   "agents": [
review / pass2	UNKNOWN STEP	2026-08-15T06:26:22.3560573Z     {
review / pass2	UNKNOWN STEP	2026-08-15T06:26:22.3560678Z       "name": "terminus-2",
review / pass2	UNKNOWN STEP	2026-08-15T06:26:22.3560850Z       "model_name": "openrouter/deepseek/deepseek-v4-pro",
review / pass2	UNKNOWN STEP	2026-08-15T06:26:22.3561026Z       "kwargs": {
review / pass2	UNKNOWN STEP	2026-08-15T06:26:22.3561153Z         "llm_kwargs": {
review / pass2	UNKNOWN STEP	2026-08-15T06:26:22.3561284Z           "reasoning": {
review / pass2	UNKNOWN STEP	2026-08-15T06:26:22.3561425Z             "effort": "high"
review / pass2	UNKNOWN STEP	2026-08-15T06:26:22.3561566Z           },
review / pass2	UNKNOWN STEP	2026-08-15T06:26:22.3561689Z           "max_tokens": 128000
review / pass2	UNKNOWN STEP	2026-08-15T06:26:22.3561837Z         }
review / pass2	UNKNOWN STEP	2026-08-15T06:26:22.3561978Z       },
review / pass2	UNKNOWN STEP	2026-08-15T06:26:22.3562090Z       "env": {},
review / pass2	UNKNOWN STEP	2026-08-15T06:26:22.3562218Z       "override_timeout_sec": 600
review / pass2	UNKNOWN STEP	2026-08-15T06:26:22.3562357Z     }
review / pass2	UNKNOWN STEP	2026-08-15T06:26:22.3562467Z   ],
review / pass2	UNKNOWN STEP	2026-08-15T06:26:22.3562578Z   "tasks": [
review / pass2	UNKNOWN STEP	2026-08-15T06:26:22.3562690Z     {
review / pass2	UNKNOWN STEP	2026-08-15T06:26:22.3562812Z       "path": "submission/task"
review / pass2	UNKNOWN STEP	2026-08-15T06:26:22.3562954Z     }
review / pass2	UNKNOWN STEP	2026-08-15T06:26:22.3563048Z   ]
review / pass2	UNKNOWN STEP	2026-08-15T06:26:22.3563174Z }
review / pass2	UNKNOWN STEP	2026-08-15T06:26:24.1673152Z Tip: There are many benchmarks available in Harbor's registry.
review / pass2	UNKNOWN STEP	2026-08-15T06:26:24.1673898Z Run `harbor datasets list` to see all available datasets.
review / pass2	UNKNOWN STEP	2026-08-15T06:26:24.1680467Z 
review / pass2	UNKNOWN STEP	2026-08-15T06:37:34.3485856Z   2/2 Mean: 0.500 ━━━━━━━━━━━━━━━━━━━━━━━━━━━━━━━━━━━━━━━━ 0:11:10 0:00:00
review / pass2	UNKNOWN STEP	2026-08-15T06:37:34.3507116Z adhoc • terminus-2 • deepseek/deepseek-v4-pro
review / pass2	UNKNOWN STEP	2026-08-15T06:37:34.3511850Z ┏━━━━━━━━┳━━━━━━━━━━━━┳━━━━━━━┳━━━━━━━━┓
review / pass2	UNKNOWN STEP	2026-08-15T06:37:34.3512096Z ┃ Trials ┃ Exceptions ┃  Mean ┃ Pass@2 ┃
review / pass2	UNKNOWN STEP	2026-08-15T06:37:34.3512313Z ┡━━━━━━━━╇━━━━━━━━━━━━╇━━━━━━━╇━━━━━━━━┩
review / pass2	UNKNOWN STEP	2026-08-15T06:37:34.3512532Z │      2 │          2 │ 0.500 │  1.000 │
review / pass2	UNKNOWN STEP	2026-08-15T06:37:34.3512743Z └────────┴────────────┴───────┴────────┘
review / pass2	UNKNOWN STEP	2026-08-15T06:37:34.3512890Z 
review / pass2	UNKNOWN STEP	2026-08-15T06:37:34.3515397Z ┏━━━━━━━━┳━━━━━━━┓
review / pass2	UNKNOWN STEP	2026-08-15T06:37:34.3515600Z ┃ Reward ┃ Count ┃
review / pass2	UNKNOWN STEP	2026-08-15T06:37:34.3515768Z ┡━━━━━━━━╇━━━━━━━┩
review / pass2	UNKNOWN STEP	2026-08-15T06:37:34.3515926Z │ 1.0    │     1 │
review / pass2	UNKNOWN STEP	2026-08-15T06:37:34.3516108Z │ 0.0    │     1 │
review / pass2	UNKNOWN STEP	2026-08-15T06:37:34.3516274Z └────────┴───────┘
review / pass2	UNKNOWN STEP	2026-08-15T06:37:34.3516369Z 
review / pass2	UNKNOWN STEP	2026-08-15T06:37:34.3517858Z ┏━━━━━━━━━━━━━━━━━━━┳━━━━━━━┓
review / pass2	UNKNOWN STEP	2026-08-15T06:37:34.3518138Z ┃ Exception         ┃ Count ┃
review / pass2	UNKNOWN STEP	2026-08-15T06:37:34.3518331Z ┡━━━━━━━━━━━━━━━━━━━╇━━━━━━━┩
review / pass2	UNKNOWN STEP	2026-08-15T06:37:34.3518537Z │ AgentTimeoutError │     2 │
review / pass2	UNKNOWN STEP	2026-08-15T06:37:34.3518749Z └───────────────────┴───────┘
review / pass2	UNKNOWN STEP	2026-08-15T06:37:34.3518874Z 
review / pass2	UNKNOWN STEP	2026-08-15T06:37:34.3518956Z Job Info
review / pass2	UNKNOWN STEP	2026-08-15T06:37:34.3519723Z Total runtime: 11m 10s
review / pass2	UNKNOWN STEP	2026-08-15T06:37:34.3520886Z Results written to pass2-output/31869087653-pass2/result.json
review / pass2	UNKNOWN STEP	2026-08-15T06:37:34.3521693Z Inspect results by running `harbor view pass2-output`
review / pass2	UNKNOWN STEP	2026-08-15T06:37:34.3522722Z Share results by running `harbor upload pass2-output/31869087653-pass2`
review / pass2	UNKNOWN STEP	2026-08-15T06:37:34.3522907Z 
review / pass2	UNKNOWN STEP	2026-08-15T06:37:34.3534512Z Exception ignored in atexit callback: <bound method DaytonaClientManager._cleanup_sync of <harbor.environments.daytona.environment.DaytonaClientManager object at 0x7f0fef25aba0>>
review / pass2	UNKNOWN STEP	2026-08-15T06:37:34.3534971Z Traceback (most recent call last):
review / pass2	UNKNOWN STEP	2026-08-15T06:37:34.3541883Z   File "/home/runner/.local/share/uv/tools/harbor/lib/python3.12/site-packages/harbor/environments/daytona/environment.py", line 221, in _cleanup_sync
review / pass2	UNKNOWN STEP	2026-08-15T06:37:34.3542361Z     asyncio.run(self._cleanup())
review / pass2	UNKNOWN STEP	2026-08-15T06:37:34.3542635Z   File "/usr/lib/python3.12/asyncio/runners.py", line 194, in run
review / pass2	UNKNOWN STEP	2026-08-15T06:37:34.3542895Z     return runner.run(main)
review / pass2	UNKNOWN STEP	2026-08-15T06:37:34.3543077Z            ^^^^^^^^^^^^^^^^
review / pass2	UNKNOWN STEP	2026-08-15T06:37:34.3543326Z   File "/usr/lib/python3.12/asyncio/runners.py", line 118, in run
review / pass2	UNKNOWN STEP	2026-08-15T06:37:34.3543581Z     return self._loop.run_until_complete(task)
review / pass2	UNKNOWN STEP	2026-08-15T06:37:34.3543785Z            ^^^^^^^^^^^^^^^^^^^^^^^^^^^^^^^^^^^
review / pass2	UNKNOWN STEP	2026-08-15T06:37:34.3544067Z   File "/usr/lib/python3.12/asyncio/base_events.py", line 687, in run_until_complete
review / pass2	UNKNOWN STEP	2026-08-15T06:37:34.3544320Z     return future.result()
review / pass2	UNKNOWN STEP	2026-08-15T06:37:34.3544509Z            ^^^^^^^^^^^^^^^
review / pass2	UNKNOWN STEP	2026-08-15T06:37:34.3544935Z   File "/home/runner/.local/share/uv/tools/harbor/lib/python3.12/site-packages/harbor/environments/daytona/environment.py", line 231, in _cleanup
review / pass2	UNKNOWN STEP	2026-08-15T06:37:34.3545293Z     await self._client.close()
review / pass2	UNKNOWN STEP	2026-08-15T06:37:34.3545624Z   File "/home/runner/.local/share/uv/tools/harbor/lib/python3.12/site-packages/daytona/_async/daytona.py", line 436, in close
review / pass2	UNKNOWN STEP	2026-08-15T06:37:34.3545945Z     await self._event_dispatcher.disconnect()
review / pass2	UNKNOWN STEP	2026-08-15T06:37:34.3546314Z   File "/home/runner/.local/share/uv/tools/harbor/lib/python3.12/site-packages/daytona/internal/event_dispatcher.py", line 269, in disconnect
review / pass2	UNKNOWN STEP	2026-08-15T06:37:34.3546662Z     await self._disconnect()
review / pass2	UNKNOWN STEP	2026-08-15T06:37:34.3547008Z   File "/home/runner/.local/share/uv/tools/harbor/lib/python3.12/site-packages/daytona/internal/event_dispatcher.py", line 292, in _disconnect
review / pass2	UNKNOWN STEP	2026-08-15T06:37:34.3547339Z     await sio.disconnect()
review / pass2	UNKNOWN STEP	2026-08-15T06:37:34.3547628Z   File "/home/runner/.local/share/uv/tools/harbor/lib/python3.12/site-packages/socketio/async_client.py", line 332, in disconnect
review / pass2	UNKNOWN STEP	2026-08-15T06:37:34.3547937Z     await self.eio.disconnect()
review / pass2	UNKNOWN STEP	2026-08-15T06:37:34.3548254Z   File "/home/runner/.local/share/uv/tools/harbor/lib/python3.12/site-packages/engineio/async_client.py", line 175, in disconnect
review / pass2	UNKNOWN STEP	2026-08-15T06:37:34.3548536Z     await self.read_loop_task
review / pass2	UNKNOWN STEP	2026-08-15T06:37:34.3549137Z   File "/home/runner/.local/share/uv/tools/harbor/lib/python3.12/site-packages/engineio/async_client.py", line 577, in _read_loop_websocket
review / pass2	UNKNOWN STEP	2026-08-15T06:37:34.3549564Z     p = await asyncio.wait_for(
review / pass2	UNKNOWN STEP	2026-08-15T06:37:34.3549747Z         ^^^^^^^^^^^^^^^^^^^^^^^
review / pass2	UNKNOWN STEP	2026-08-15T06:37:34.3557409Z   File "/usr/lib/python3.12/asyncio/tasks.py", line 520, in wait_for
review / pass2	UNKNOWN STEP	2026-08-15T06:37:34.3557700Z     return await fut
review / pass2	UNKNOWN STEP	2026-08-15T06:37:34.3557915Z            ^^^^^^^^^
review / pass2	UNKNOWN STEP	2026-08-15T06:37:34.3558194Z   File "/home/runner/.local/share/uv/tools/harbor/lib/python3.12/site-packages/aiohttp/client_ws.py", line 411, in receive
review / pass2	UNKNOWN STEP	2026-08-15T06:37:34.3558459Z     msg = await self._reader.read()
review / pass2	UNKNOWN STEP	2026-08-15T06:37:34.3558626Z           ^^^^^^^^^^^^^^^^^^^^^^^^^
review / pass2	UNKNOWN STEP	2026-08-15T06:37:34.3558827Z   File "aiohttp/_websocket/reader_c.py", line 121, in read
review / pass2	UNKNOWN STEP	2026-08-15T06:37:34.3559133Z   File "aiohttp/_websocket/reader_c.py", line 118, in aiohttp._websocket.reader_c.WebSocketDataQueue.read
review / pass2	UNKNOWN STEP	2026-08-15T06:37:34.3559440Z asyncio.exceptions.CancelledError: 
review / pass2	UNKNOWN STEP	2026-08-15T06:37:34.9942733Z ##[group]Run {
review / pass2	UNKNOWN STEP	2026-08-15T06:37:34.9943413Z ^[[36;1m{^[[0m
review / pass2	UNKNOWN STEP	2026-08-15T06:37:34.9943767Z ^[[36;1m  echo "## pass@2 timeout pre-check (env=daytona, agent-run budget = task timeout_sec capped at 3600s/1hr, excludes env startup)"^[[0m
review / pass2	UNKNOWN STEP	2026-08-15T06:37:34.9944204Z ^[[36;1m  echo '<details><summary>Output</summary>'; echo ""; echo '```'^[[0m
review / pass2	UNKNOWN STEP	2026-08-15T06:37:34.9944511Z ^[[36;1m  tail -c 60000 /tmp/pass2.log 2>/dev/null; echo '```'; echo '</details>'^[[0m
review / pass2	UNKNOWN STEP	2026-08-15T06:37:34.9944798Z ^[[36;1m} >> $GITHUB_STEP_SUMMARY^[[0m
review / pass2	UNKNOWN STEP	2026-08-15T06:37:34.9962260Z shell: /usr/bin/bash -e {0}
review / pass2	UNKNOWN STEP	2026-08-15T06:37:34.9962459Z env:
review / pass2	UNKNOWN STEP	2026-08-15T06:37:34.9963756Z   GH_TOKEN: ***
review / pass2	UNKNOWN STEP	2026-08-15T06:37:34.9964019Z   REPO: handshake-project-dynamo/dynamo-1573c1a-data-querying-and-databases
review / pass2	UNKNOWN STEP	2026-08-15T06:37:34.9964271Z   PR_NUMBER: 5
review / pass2	UNKNOWN STEP	2026-08-15T06:37:34.9964468Z   BLACKSMITH_RUNNER_MESSAGE_WAIT_MS: 864
review / pass2	UNKNOWN STEP	2026-08-15T06:37:34.9964673Z   BLACKSMITH_RUNNER_ACQUIRE_JOB_MS: 1088
review / pass2	UNKNOWN STEP	2026-08-15T06:37:34.9965074Z   GITHUB_REPO_NAME: handshake-project-dynamo/dynamo-1573c1a-data-querying-and-databases
review / pass2	UNKNOWN STEP	2026-08-15T06:37:34.9965396Z   pythonLocation: /opt/hostedtoolcache/Python/3.11.14/x64
review / pass2	UNKNOWN STEP	2026-08-15T06:37:34.9965692Z   PKG_CONFIG_PATH: /opt/hostedtoolcache/Python/3.11.14/x64/lib/pkgconfig
review / pass2	UNKNOWN STEP	2026-08-15T06:37:34.9965961Z   Python_ROOT_DIR: /opt/hostedtoolcache/Python/3.11.14/x64
review / pass2	UNKNOWN STEP	2026-08-15T06:37:34.9966227Z   Python2_ROOT_DIR: /opt/hostedtoolcache/Python/3.11.14/x64
review / pass2	UNKNOWN STEP	2026-08-15T06:37:34.9966469Z   Python3_ROOT_DIR: /opt/hostedtoolcache/Python/3.11.14/x64
review / pass2	UNKNOWN STEP	2026-08-15T06:37:34.9966743Z   LD_LIBRARY_PATH: /opt/hostedtoolcache/Python/3.11.14/x64/lib
review / pass2	UNKNOWN STEP	2026-08-15T06:37:34.9967014Z   UV_CACHE_DIR: /home/runner/_work/_temp/setup-uv-cache
review / pass2	UNKNOWN STEP	2026-08-15T06:37:34.9967227Z ##[endgroup]
review / pass2	UNKNOWN STEP	2026-08-15T06:37:35.0030113Z ##[group]Run mkdir -p pass2-analyze
review / pass2	UNKNOWN STEP	2026-08-15T06:37:35.0030371Z ^[[36;1mmkdir -p pass2-analyze^[[0m
review / pass2	UNKNOWN STEP	2026-08-15T06:37:35.0030555Z ^[[36;1mfor d in pass2-output/*/; do^[[0m
review / pass2	UNKNOWN STEP	2026-08-15T06:37:35.0030834Z ^[[36;1m  if find "$d" -name result.json -print -quit 2>/dev/null | grep -q .; then^[[0m
review / pass2	UNKNOWN STEP	2026-08-15T06:37:35.0031133Z ^[[36;1m    harbor analyze -m claude-sonnet-4-6 --n-concurrent 2 \^[[0m
review / pass2	UNKNOWN STEP	2026-08-15T06:37:35.0031405Z ^[[36;1m      -r .harbor/rubrics/trial-analysis.toml \^[[0m
review / pass2	UNKNOWN STEP	2026-08-15T06:37:35.0031646Z ^[[36;1m      -p .harbor/rubrics/trial-analysis-prompt.txt \^[[0m
review / pass2	UNKNOWN STEP	2026-08-15T06:37:35.0031920Z ^[[36;1m      --job-prompt .harbor/rubrics/trial-analysis-job.txt \^[[0m
review / pass2	UNKNOWN STEP	2026-08-15T06:37:35.0032198Z ^[[36;1m      -o "pass2-analyze/$(basename "$d").json" "$d" || true^[[0m
review / pass2	UNKNOWN STEP	2026-08-15T06:37:35.0032412Z ^[[36;1m  fi^[[0m
review / pass2	UNKNOWN STEP	2026-08-15T06:37:35.0032576Z ^[[36;1mdone^[[0m
review / pass2	UNKNOWN STEP	2026-08-15T06:37:35.0041943Z shell: /usr/bin/bash -e {0}
review / pass2	UNKNOWN STEP	2026-08-15T06:37:35.0042125Z env:
review / pass2	UNKNOWN STEP	2026-08-15T06:37:35.0043252Z   GH_TOKEN: ***
review / pass2	UNKNOWN STEP	2026-08-15T06:37:35.0043539Z   REPO: handshake-project-dynamo/dynamo-1573c1a-data-querying-and-databases
review / pass2	UNKNOWN STEP	2026-08-15T06:37:35.0043814Z   PR_NUMBER: 5
review / pass2	UNKNOWN STEP	2026-08-15T06:37:35.0043975Z   BLACKSMITH_RUNNER_MESSAGE_WAIT_MS: 864
review / pass2	UNKNOWN STEP	2026-08-15T06:37:35.0044176Z   BLACKSMITH_RUNNER_ACQUIRE_JOB_MS: 1088
review / pass2	UNKNOWN STEP	2026-08-15T06:37:35.0044460Z   GITHUB_REPO_NAME: handshake-project-dynamo/dynamo-1573c1a-data-querying-and-databases
review / pass2	UNKNOWN STEP	2026-08-15T06:37:35.0044896Z   pythonLocation: /opt/hostedtoolcache/Python/3.11.14/x64
review / pass2	UNKNOWN STEP	2026-08-15T06:37:35.0045179Z   PKG_CONFIG_PATH: /opt/hostedtoolcache/Python/3.11.14/x64/lib/pkgconfig
review / pass2	UNKNOWN STEP	2026-08-15T06:37:35.0045439Z   Python_ROOT_DIR: /opt/hostedtoolcache/Python/3.11.14/x64
review / pass2	UNKNOWN STEP	2026-08-15T06:37:35.0045705Z   Python2_ROOT_DIR: /opt/hostedtoolcache/Python/3.11.14/x64
review / pass2	UNKNOWN STEP	2026-08-15T06:37:35.0045943Z   Python3_ROOT_DIR: /opt/hostedtoolcache/Python/3.11.14/x64
review / pass2	UNKNOWN STEP	2026-08-15T06:37:35.0046203Z   LD_LIBRARY_PATH: /opt/hostedtoolcache/Python/3.11.14/x64/lib
review / pass2	UNKNOWN STEP	2026-08-15T06:37:35.0046440Z   UV_CACHE_DIR: /home/runner/_work/_temp/setup-uv-cache
review / pass2	UNKNOWN STEP	2026-08-15T06:37:35.0046830Z   ANTHROPIC_API_KEY: ***
review / pass2	UNKNOWN STEP	2026-08-15T06:37:35.0047023Z ##[endgroup]
review / pass2	UNKNOWN STEP	2026-08-15T06:37:35.3958900Z 
review / pass2	UNKNOWN STEP	2026-08-15T06:37:35.3959818Z 🔍 Analyzing trial(s)...
review / pass2	UNKNOWN STEP	2026-08-15T06:42:26.9517410Z   Analyzing trials... ━━━━━━━━━━━━━━━━━━━━━━━━━━━━━━━━━━━━━━━━ 2/2 0:03:25
review / pass2	UNKNOWN STEP	2026-08-15T06:42:26.9520121Z ✓ Results written to pass2-analyze/31869087653-pass2.json
review / pass2	UNKNOWN STEP	2026-08-15T06:42:26.9620761Z 
review / pass2	UNKNOWN STEP	2026-08-15T06:42:26.9620893Z Job Summary:
review / pass2	UNKNOWN STEP	2026-08-15T06:42:26.9621063Z ## Per-Trajectory Rubric
review / pass2	UNKNOWN STEP	2026-08-15T06:42:26.9621181Z 
review / pass2	UNKNOWN STEP	2026-08-15T06:42:26.9621359Z | Trial | Reward | task_specification | reward_hacking | difficulty_crux | 
review / pass2	UNKNOWN STEP	2026-08-15T06:42:26.9621763Z near_miss | refusals | low_timeout | approach_validity |
review / pass2	UNKNOWN STEP	2026-08-15T06:42:26.9622052Z |---|---|---|---|---|---|---|---|---|
review / pass2	UNKNOWN STEP	2026-08-15T06:42:26.9622373Z | task__LiPnECJ | 0 | PASS | PASS | PASS | FAIL | PASS | FAIL | PASS |
review / pass2	UNKNOWN STEP	2026-08-15T06:42:26.9622714Z | task__6E5ABQk | 1 | PASS | PASS | NA | PASS | PASS | PASS | PASS |
review / pass2	UNKNOWN STEP	2026-08-15T06:42:26.9622992Z 
review / pass2	UNKNOWN STEP	2026-08-15T06:42:26.9623061Z ---
review / pass2	UNKNOWN STEP	2026-08-15T06:42:26.9623193Z 
review / pass2	UNKNOWN STEP	2026-08-15T06:42:26.9623270Z ## Fail Reasons
review / pass2	UNKNOWN STEP	2026-08-15T06:42:26.9623371Z 
review / pass2	UNKNOWN STEP	2026-08-15T06:42:26.9623545Z **One failing trial (task__LiPnECJ). Single root cause: near-miss timeout.**
review / pass2	UNKNOWN STEP	2026-08-15T06:42:26.9623887Z 
review / pass2	UNKNOWN STEP	2026-08-15T06:42:26.9624073Z The agent exhausted the 600 s wall-clock budget while an LLM HTTP response was 
review / pass2	UNKNOWN STEP	2026-08-15T06:42:26.9624443Z mid-stream (step 6 → step 7 transition, `aiohttp_response.content.iter_chunked` 
review / pass2	UNKNOWN STEP	2026-08-15T06:42:26.9624739Z killed by `AgentTimeoutError`). By that point the agent had:
review / pass2	UNKNOWN STEP	2026-08-15T06:42:26.9624897Z 
review / pass2	UNKNOWN STEP	2026-08-15T06:42:26.9625033Z - Correctly computed `allocated_qty` and `shortfall_qty` for all 26 orders (step
review / pass2	UNKNOWN STEP	2026-08-15T06:42:26.9625289Z 6 terminal output matches all test expectations exactly).
review / pass2	UNKNOWN STEP	2026-08-15T06:42:26.9625517Z - Not yet written the `limiting_resource` subroutine (trivial ratio logic).
review / pass2	UNKNOWN STEP	2026-08-15T06:42:26.9625756Z - Not yet called `json.dump` to `/app/report.json`.
review / pass2	UNKNOWN STEP	2026-08-15T06:42:26.9625868Z 
review / pass2	UNKNOWN STEP	2026-08-15T06:42:26.9625980Z The missing deliverables represent roughly one additional turn (~30 s of code, 
review / pass2	UNKNOWN STEP	2026-08-15T06:42:26.9626213Z ~60 s LLM call). Because `/app/report.json` was never produced, 
review / pass2	UNKNOWN STEP	2026-08-15T06:42:26.9626481Z `test_file_exists_and_not_symlink` raised `AssertionError`, and all 28 tests 
review / pass2	UNKNOWN STEP	2026-08-15T06:42:26.9626730Z cascaded to failure via `FileNotFoundError`.
review / pass2	UNKNOWN STEP	2026-08-15T06:42:26.9626832Z 
review / pass2	UNKNOWN STEP	2026-08-15T06:42:26.9626985Z Taxonomy: **near-miss timeout** (speed-only failure). The approach was correct; 
review / pass2	UNKNOWN STEP	2026-08-15T06:42:26.9627232Z the agent ran out of time.
review / pass2	UNKNOWN STEP	2026-08-15T06:42:26.9627340Z 
review / pass2	UNKNOWN STEP	2026-08-15T06:42:26.9627499Z There is no second failure type to group — the single failing trial has one 
review / pass2	UNKNOWN STEP	2026-08-15T06:42:26.9627740Z exclusive cause.
review / pass2	UNKNOWN STEP	2026-08-15T06:42:26.9627829Z 
review / pass2	UNKNOWN STEP	2026-08-15T06:42:26.9627922Z ---
review / pass2	UNKNOWN STEP	2026-08-15T06:42:26.9627995Z 
review / pass2	UNKNOWN STEP	2026-08-15T06:42:26.9628043Z ## Golden vs Agent Values
review / pass2	UNKNOWN STEP	2026-08-15T06:42:26.9628117Z 
review / pass2	UNKNOWN STEP	2026-08-15T06:42:26.9628215Z All expected values are drawn from `test_outputs.py` as reported in the 
review / pass2	UNKNOWN STEP	2026-08-15T06:42:26.9628522Z per-trial analyses. "Agent value" for task__LiPnECJ is taken from step 6 
review / pass2	UNKNOWN STEP	2026-08-15T06:42:26.9628784Z terminal output; `/app/report.json` was never produced so those figures are 
review / pass2	UNKNOWN STEP	2026-08-15T06:42:26.9629037Z trajectory-only, not artifact-backed.
review / pass2	UNKNOWN STEP	2026-08-15T06:42:26.9629132Z 
review / pass2	UNKNOWN STEP	2026-08-15T06:42:26.9629272Z | Quantity | Golden expected | Agent value — task__LiPnECJ (step 6 print) | 
review / pass2	UNKNOWN STEP	2026-08-15T06:42:26.9629538Z Agent value — task__6E5ABQk (artifact) | Off by | Trial(s) |
review / pass2	UNKNOWN STEP	2026-08-15T06:42:26.9629708Z |---|---|---|---|---|---|
review / pass2	UNKNOWN STEP	2026-08-15T06:42:26.9629871Z | O01 allocated_qty | 12 | 12 ✓ | 12 ✓ | 0 | both |
review / pass2	UNKNOWN STEP	2026-08-15T06:42:26.9630054Z | O01 shortfall_qty | 2 | 2 ✓ | 2 ✓ | 0 | both |
review / pass2	UNKNOWN STEP	2026-08-15T06:42:26.9630275Z | O01 limiting_resource | null | *not computed* | null ✓ | — | LiPnECJ timeout |
review / pass2	UNKNOWN STEP	2026-08-15T06:42:26.9630497Z | O02 allocated_qty | 0 | 0 ✓ | 0 ✓ | 0 | both |
review / pass2	UNKNOWN STEP	2026-08-15T06:42:26.9630675Z | O02 shortfall_qty | 30 | 30 ✓ | 30 ✓ | 0 | both |
review / pass2	UNKNOWN STEP	2026-08-15T06:42:26.9630897Z | O02 limiting_resource | L5 | *not computed* | L5 ✓ | — | LiPnECJ timeout |
review / pass2	UNKNOWN STEP	2026-08-15T06:42:26.9631116Z | O03 allocated_qty | 14 | 14 ✓ | 14 ✓ | 0 | both |
review / pass2	UNKNOWN STEP	2026-08-15T06:42:26.9631290Z | O03 shortfall_qty | 1 | 1 ✓ | 1 ✓ | 0 | both |
review / pass2	UNKNOWN STEP	2026-08-15T06:42:26.9631688Z | O05 allocated_qty | 0 | 0 ✓ | 0 ✓ | 0 | both |
review / pass2	UNKNOWN STEP	2026-08-15T06:42:26.9632085Z | O05 shortfall_qty | 5 | 5 ✓ | 5 ✓ | 0 | both |
review / pass2	UNKNOWN STEP	2026-08-15T06:42:26.9632323Z | O05 limiting_resource | WC3 | *not computed* | WC3 ✓ | — | LiPnECJ timeout |
review / pass2	UNKNOWN STEP	2026-08-15T06:42:26.9632574Z | O00_A allocated_qty | 0 | 0 ✓ | 0 ✓ | 0 | both |
review / pass2	UNKNOWN STEP	2026-08-15T06:42:26.9632809Z | O00_A shortfall_qty | 3 | 3 ✓ | 3 ✓ | 0 | both |
review / pass2	UNKNOWN STEP	2026-08-15T06:42:26.9633048Z | O00_A limiting_resource | L10 | *not computed* | L10 ✓ | — | LiPnECJ timeout |
review / pass2	UNKNOWN STEP	2026-08-15T06:42:26.9633274Z | O00_N allocated_qty | 10 | 10 ✓ | 10 ✓ | 0 | both |
review / pass2	UNKNOWN STEP	2026-08-15T06:42:26.9633456Z | O00_N shortfall_qty | 10 | 10 ✓ | 10 ✓ | 0 | both |
review / pass2	UNKNOWN STEP	2026-08-15T06:42:26.9633684Z | O00_N limiting_resource | Z10 (ASCII tie-break) | *not computed* | Z10 ✓ | — |
review / pass2	UNKNOWN STEP	2026-08-15T06:42:26.9633871Z LiPnECJ timeout |
review / pass2	UNKNOWN STEP	2026-08-15T06:42:26.9634015Z | O00_R1 allocated_qty | 1 | 1 ✓ | 1 ✓ | 0 | both |
review / pass2	UNKNOWN STEP	2026-08-15T06:42:26.9634195Z | O00_R2 allocated_qty | 1 | 1 ✓ | 1 ✓ | 0 | both |
review / pass2	UNKNOWN STEP	2026-08-15T06:42:26.9634290Z 
review / pass2	UNKNOWN STEP	2026-08-15T06:42:26.9634398Z **Summary:** `allocated_qty` and `shortfall_qty` agree exactly across both 
review / pass2	UNKNOWN STEP	2026-08-15T06:42:26.9648989Z trials for all 26 orders. `limiting_resource` is unrecoverable for task__LiPnECJ
review / pass2	UNKNOWN STEP	2026-08-15T06:42:26.9649380Z (never computed before timeout); it is fully correct in task__6E5ABQk. The 
review / pass2	UNKNOWN STEP	2026-08-15T06:42:26.9649764Z entire delta between the two trials is the missing `limiting_resource` field 
review / pass2	UNKNOWN STEP	2026-08-15T06:42:26.9650079Z plus the missing file write.
review / pass2	UNKNOWN STEP	2026-08-15T06:42:26.9650213Z 
review / pass2	UNKNOWN STEP	2026-08-15T06:42:26.9650281Z ---
review / pass2	UNKNOWN STEP	2026-08-15T06:42:26.9650374Z 
review / pass2	UNKNOWN STEP	2026-08-15T06:42:26.9650442Z ## Failing Tests
review / pass2	UNKNOWN STEP	2026-08-15T06:42:26.9650542Z 
review / pass2	UNKNOWN STEP	2026-08-15T06:42:26.9650774Z **task__LiPnECJ — all 28 tests failed (sourced from `verifier/ctrf.json`).**
review / pass2	UNKNOWN STEP	2026-08-15T06:42:26.9650990Z 
review / pass2	UNKNOWN STEP	2026-08-15T06:42:26.9651221Z Root failure gate: `test_outputs.py::test_file_exists_and_not_symlink` — 
review / pass2	UNKNOWN STEP	2026-08-15T06:42:26.9651611Z `AssertionError: assert False where False = os.path.exists('/app/report.json')`.
review / pass2	UNKNOWN STEP	2026-08-15T06:42:26.9651981Z Every remaining test in `test_outputs.py` cascaded from that as 
review / pass2	UNKNOWN STEP	2026-08-15T06:42:26.9652389Z `FileNotFoundError: [Errno 2] No such file or directory: '/app/report.json'`. No
review / pass2	UNKNOWN STEP	2026-08-15T06:42:26.9652720Z test reached the logic-validation phase. `artifacts/manifest.json` confirms 
review / pass2	UNKNOWN STEP	2026-08-15T06:42:26.9652925Z `/app/report.json` copy `status="failed"`.
review / pass2	UNKNOWN STEP	2026-08-15T06:42:26.9653023Z 
review / pass2	UNKNOWN STEP	2026-08-15T06:42:26.9653163Z **task__6E5ABQk — zero tests failed.** All 28 tests passed on the first verifier
review / pass2	UNKNOWN STEP	2026-08-15T06:42:26.9653359Z run. `ctrf.json` was present.
review / pass2	UNKNOWN STEP	2026-08-15T06:42:26.9653443Z 
review / pass2	UNKNOWN STEP	2026-08-15T06:42:26.9653542Z **Pattern:** The 28 failing tests are uniformly concentrated in the single 
review / pass2	UNKNOWN STEP	2026-08-15T06:42:26.9653788Z failing trial and entirely traceable to the missing output file. No test failed 
review / pass2	UNKNOWN STEP	2026-08-15T06:42:26.9653990Z only *some* trials on an algorithmic basis.
review / pass2	UNKNOWN STEP	2026-08-15T06:42:26.9654089Z 
review / pass2	UNKNOWN STEP	2026-08-15T06:42:26.9654133Z ---
review / pass2	UNKNOWN STEP	2026-08-15T06:42:26.9654186Z 
review / pass2	UNKNOWN STEP	2026-08-15T06:42:26.9654242Z ## Golden Solution Approach
review / pass2	UNKNOWN STEP	2026-08-15T06:42:26.9654328Z 
review / pass2	UNKNOWN STEP	2026-08-15T06:42:26.9654418Z *(Both per-trial analyses report the same reference method.)*
review / pass2	UNKNOWN STEP	2026-08-15T06:42:26.9654543Z 
review / pass2	UNKNOWN STEP	2026-08-15T06:42:26.9654623Z 1. Read all tables from `/app/manufacturing.db` via SQLite.
review / pass2	UNKNOWN STEP	2026-08-15T06:42:26.9654852Z 2. Build a multi-level BOM DAG; determine Low-Level Codes (LLC) via topological 
review / pass2	UNKNOWN STEP	2026-08-15T06:42:26.9655043Z sort.
review / pass2	UNKNOWN STEP	2026-08-15T06:42:26.9655202Z 3. Process orders sequentially in priority ASC, `order_id` DESC tie-break.
review / pass2	UNKNOWN STEP	2026-08-15T06:42:26.9655444Z 4. For each build level, apply lot-size rounding (`batch_size`); credit excess 
review / pass2	UNKNOWN STEP	2026-08-15T06:42:26.9655644Z sub-assembly back to inventory.
review / pass2	UNKNOWN STEP	2026-08-15T06:42:26.9655863Z 5. Compute gross scrap demand per component: `setup_scrap_qty + ceil(qty_per × 
review / pass2	UNKNOWN STEP	2026-08-15T06:42:26.9656083Z build_qty × (1 + scrap_pct/100))`.
review / pass2	UNKNOWN STEP	2026-08-15T06:42:26.9656278Z 6. Consume substitutes in `preference_rank` order using floor-division integer 
review / pass2	UNKNOWN STEP	2026-08-15T06:42:26.9656465Z conversion.
review / pass2	UNKNOWN STEP	2026-08-15T06:42:26.9657141Z 7. Deduct shared workcenter capacity: `setup_hours + run_hours_per_unit × 
review / pass2	UNKNOWN STEP	2026-08-15T06:42:26.9657398Z build_qty`.
review / pass2	UNKNOWN STEP	2026-08-15T06:42:26.9657561Z 8. Identify `limiting_resource` as the leaf component or workcenter with the 
review / pass2	UNKNOWN STEP	2026-08-15T06:42:26.9657824Z minimum `available/required` fulfillment ratio; use ASCII-sort as tie-breaker.
review / pass2	UNKNOWN STEP	2026-08-15T06:42:26.9657978Z 
review / pass2	UNKNOWN STEP	2026-08-15T06:42:26.9658052Z No discrepancy between trials on the reference method.
review / pass2	UNKNOWN STEP	2026-08-15T06:42:26.9658168Z 
review / pass2	UNKNOWN STEP	2026-08-15T06:42:26.9658209Z ---
review / pass2	UNKNOWN STEP	2026-08-15T06:42:26.9658265Z 
review / pass2	UNKNOWN STEP	2026-08-15T06:42:26.9658318Z ## Agent Approach
review / pass2	UNKNOWN STEP	2026-08-15T06:42:26.9658385Z 
review / pass2	UNKNOWN STEP	2026-08-15T06:42:26.9658492Z **Both agents independently chose the same strategy:** Python MRP simulation 
review / pass2	UNKNOWN STEP	2026-08-15T06:42:26.9658741Z using `sqlite3` to inspect the database, followed by a multi-phase BOM explosion
review / pass2	UNKNOWN STEP	2026-08-15T06:42:26.9658932Z script.
review / pass2	UNKNOWN STEP	2026-08-15T06:42:26.9658985Z 
review / pass2	UNKNOWN STEP	2026-08-15T06:42:26.9659042Z Common steps across both trials:
review / pass2	UNKNOWN STEP	2026-08-15T06:42:26.9659238Z - Schema inspection via Python `sqlite3` (CLI `sqlite3` was not installed; both 
review / pass2	UNKNOWN STEP	2026-08-15T06:42:26.9659439Z agents pivoted to Python).
review / pass2	UNKNOWN STEP	2026-08-15T06:42:26.9659623Z - First script attempt contained a bug (task__LiPnECJ: `demands` never zeroed; 
review / pass2	UNKNOWN STEP	2026-08-15T06:42:26.9659830Z task__6E5ABQk: inventory state tracking issue).
review / pass2	UNKNOWN STEP	2026-08-15T06:42:26.9660014Z - Iterative self-debugging identified and corrected the bug.
review / pass2	UNKNOWN STEP	2026-08-15T06:42:26.9660246Z - Final script correctly implemented LLC topological order, ceil scrap formula, 
review / pass2	UNKNOWN STEP	2026-08-15T06:42:26.9660496Z floor-division substitutes, workcenter tracking, and batch-size excess 
review / pass2	UNKNOWN STEP	2026-08-15T06:42:26.9660683Z crediting.
review / pass2	UNKNOWN STEP	2026-08-15T06:42:26.9660739Z 
review / pass2	UNKNOWN STEP	2026-08-15T06:42:26.9660792Z **Per-trial variation:**
review / pass2	UNKNOWN STEP	2026-08-15T06:42:26.9660968Z - task__LiPnECJ (step 6): produced correct allocations but timed out before 
review / pass2	UNKNOWN STEP	2026-08-15T06:42:26.9661186Z adding `limiting_resource` logic and calling `json.dump`.
review / pass2	UNKNOWN STEP	2026-08-15T06:42:26.9661397Z - task__6E5ABQk (step 6): produced fully correct `report.json` including 
review / pass2	UNKNOWN STEP	2026-08-15T06:42:26.9661905Z `limiting_resource`; steps 7–8 were unnecessary debugging of a non-existent bug 
review / pass2	UNKNOWN STEP	2026-08-15T06:42:26.9662166Z (the agent incorrectly believed `limiting_resource=null` with `shortfall_qty>0` 
review / pass2	UNKNOWN STEP	2026-08-15T06:42:26.9662448Z was wrong for O01/O03, when those values are exactly correct per the tests).
review / pass2	UNKNOWN STEP	2026-08-15T06:42:26.9662593Z 
review / pass2	UNKNOWN STEP	2026-08-15T06:42:26.9662699Z The strong convergence on the same algorithmic structure across two independent 
review / pass2	UNKNOWN STEP	2026-08-15T06:42:26.9662943Z runs suggests the approach is canonical for this problem class and likely 
review / pass2	UNKNOWN STEP	2026-08-15T06:42:26.9663174Z reflects training-data familiarity with MRP simulation patterns.
review / pass2	UNKNOWN STEP	2026-08-15T06:42:26.9663306Z 
review / pass2	UNKNOWN STEP	2026-08-15T06:42:26.9663350Z ---
review / pass2	UNKNOWN STEP	2026-08-15T06:42:26.9663402Z 
review / pass2	UNKNOWN STEP	2026-08-15T06:42:26.9663450Z ## Approach Diff
review / pass2	UNKNOWN STEP	2026-08-15T06:42:26.9663516Z 
review / pass2	UNKNOWN STEP	2026-08-15T06:42:26.9663623Z **There is no algorithmic divergence from the golden approach in either trial.**
review / pass2	UNKNOWN STEP	2026-08-15T06:42:26.9663847Z Both agents correctly implemented every specified mechanic.
review / pass2	UNKNOWN STEP	2026-08-15T06:42:26.9663969Z 
review / pass2	UNKNOWN STEP	2026-08-15T06:42:26.9664044Z The only divergence is operational, not algorithmic:
review / pass2	UNKNOWN STEP	2026-08-15T06:42:26.9664159Z 
review / pass2	UNKNOWN STEP	2026-08-15T06:42:26.9664250Z | Step | Golden approach | task__LiPnECJ agent | task__6E5ABQk agent |
review / pass2	UNKNOWN STEP	2026-08-15T06:42:26.9664422Z |---|---|---|---|
review / pass2	UNKNOWN STEP	2026-08-15T06:42:26.9664587Z | limiting_resource computation | Min ratio + ASCII tie-break | *Not reached 
review / pass2	UNKNOWN STEP	2026-08-15T06:42:26.9664810Z (timeout)* | Correctly implemented ✓ |
review / pass2	UNKNOWN STEP	2026-08-15T06:42:26.9664997Z | Write `/app/report.json` | `json.dump` to file | *Not reached (timeout)* | 
review / pass2	UNKNOWN STEP	2026-08-15T06:42:26.9665198Z Written at step 6 ✓ |
review / pass2	UNKNOWN STEP	2026-08-15T06:42:26.9665365Z | Post-completion behavior | N/A | N/A | Unnecessary re-debug of null 
review / pass2	UNKNOWN STEP	2026-08-15T06:42:26.9665575Z limiting_resource on O01/O03 (steps 7–8) |
review / pass2	UNKNOWN STEP	2026-08-15T06:42:26.9665673Z 
review / pass2	UNKNOWN STEP	2026-08-15T06:42:26.9665784Z The divergence that produced the value/test failures in task__LiPnECJ is purely 
review / pass2	UNKNOWN STEP	2026-08-15T06:42:26.9666031Z temporal: the agent ran out of time before executing the final ~30 seconds of 
review / pass2	UNKNOWN STEP	2026-08-15T06:42:26.9666332Z code. The golden algorithm was fully reconstructed and verified; only the output
review / pass2	UNKNOWN STEP	2026-08-15T06:42:26.9666571Z serialization step was cut off.
review / pass2	UNKNOWN STEP	2026-08-15T06:42:26.9666655Z 
review / pass2	UNKNOWN STEP	2026-08-15T06:42:26.9666697Z ---
review / pass2	UNKNOWN STEP	2026-08-15T06:42:26.9666750Z 
review / pass2	UNKNOWN STEP	2026-08-15T06:42:26.9666803Z ## Validity of Agent Approach
review / pass2	UNKNOWN STEP	2026-08-15T06:42:26.9666882Z 
review / pass2	UNKNOWN STEP	2026-08-15T06:42:26.9666986Z **`approach_validity` = PASS in both trials.** No approach_validity failures 
review / pass2	UNKNOWN STEP	2026-08-15T06:42:26.9667171Z anywhere.
review / pass2	UNKNOWN STEP	2026-08-15T06:42:26.9667224Z 
review / pass2	UNKNOWN STEP	2026-08-15T06:42:26.9667361Z The agents' approaches were sound, instruction-compliant, and — as confirmed by 
review / pass2	UNKNOWN STEP	2026-08-15T06:42:26.9667638Z task__6E5ABQk's clean 28/28 pass — capable of producing the correct answer 
review / pass2	UNKNOWN STEP	2026-08-15T06:42:26.9667873Z within the time budget. The failing trial's agent also demonstrated a fully 
review / pass2	UNKNOWN STEP	2026-08-15T06:42:26.9668122Z correct allocation algorithm (step 6 output matches all test values); it simply 
review / pass2	UNKNOWN STEP	2026-08-15T06:42:26.9668357Z lacked the time to write `limiting_resource` and flush the file.
review / pass2	UNKNOWN STEP	2026-08-15T06:42:26.9668486Z 
review / pass2	UNKNOWN STEP	2026-08-15T06:42:26.9668588Z The single failure is a **legitimate agent limitation**: time management under a
review / pass2	UNKNOWN STEP	2026-08-15T06:42:26.9668826Z tight 600 s budget. The task is genuinely complex (multi-level BOM DAG + 7 
review / pass2	UNKNOWN STEP	2026-08-15T06:42:26.9669070Z interacting mechanics + LLC computation + workcenter capacity sharing), and the 
review / pass2	UNKNOWN STEP	2026-08-15T06:42:26.9669325Z first implementation attempt in both trials required debugging. The trial that 
review / pass2	UNKNOWN STEP	2026-08-15T06:42:26.9669578Z succeeded did so because it reached the output-writing step ~2.5 minutes before 
review / pass2	UNKNOWN STEP	2026-08-15T06:42:26.9669846Z the deadline; the trial that failed was debugging a bug in step 5 that consumed 
review / pass2	UNKNOWN STEP	2026-08-15T06:42:26.9670029Z the margin.
review / pass2	UNKNOWN STEP	2026-08-15T06:42:26.9670092Z 
review / pass2	UNKNOWN STEP	2026-08-15T06:42:26.9670197Z There is no evidence of a task/verifier problem: no over-tight tolerance, no 
review / pass2	UNKNOWN STEP	2026-08-15T06:42:26.9670441Z undisclosed convention, no spec gap or verifier bug. The difficulty looks 
review / pass2	UNKNOWN STEP	2026-08-15T06:42:26.9670626Z genuine.
review / pass2	UNKNOWN STEP	2026-08-15T06:42:26.9670684Z 
review / pass2	UNKNOWN STEP	2026-08-15T06:42:26.9670726Z ---
review / pass2	UNKNOWN STEP	2026-08-15T06:42:26.9670779Z 
review / pass2	UNKNOWN STEP	2026-08-15T06:42:26.9670827Z ## Rubric Aggregate
review / pass2	UNKNOWN STEP	2026-08-15T06:42:26.9670894Z 
review / pass2	UNKNOWN STEP	2026-08-15T06:42:26.9670953Z | Criterion | PASS | FAIL | NA | Pattern |
review / pass2	UNKNOWN STEP	2026-08-15T06:42:26.9671092Z |---|---|---|---|---|
review / pass2	UNKNOWN STEP	2026-08-15T06:42:26.9671260Z | task_specification | 2 | 0 | 0 | Spec is complete and unambiguous; both agents
review / pass2	UNKNOWN STEP	2026-08-15T06:42:26.9671459Z successfully decoded all requirements. |
review / pass2	UNKNOWN STEP	2026-08-15T06:42:26.9671641Z | reward_hacking | 2 | 0 | 0 | Both agents solved honestly via legitimate 
review / pass2	UNKNOWN STEP	2026-08-15T06:42:26.9671828Z database queries and Python computation. |
review / pass2	UNKNOWN STEP	2026-08-15T06:42:26.9672015Z | difficulty_crux | 1 | 0 | 1 | The crux (multi-level MRP mechanics) was 
review / pass2	UNKNOWN STEP	2026-08-15T06:42:26.9672249Z correctly identified as the dominant time sink in the failing trial; NA for the 
review / pass2	UNKNOWN STEP	2026-08-15T06:42:26.9672463Z passing trial. |
review / pass2	UNKNOWN STEP	2026-08-15T06:42:26.9672607Z | near_miss | 1 | 1 | 0 | One FAIL. The failing trial was within ~30 s of 
review / pass2	UNKNOWN STEP	2026-08-15T06:42:26.9673092Z completion. This is a **speed-only failure**, not a conceptual failure — the 
review / pass2	UNKNOWN STEP	2026-08-15T06:42:26.9673338Z threshold (file must exist) is decisive, but the agent understood and was 
review / pass2	UNKNOWN STEP	2026-08-15T06:42:26.9673575Z implementing the full spec correctly. The task does not appear artificially 
review / pass2	UNKNOWN STEP	2026-08-15T06:42:26.9673809Z harder than it is; the near-miss reflects genuine time pressure. |
review / pass2	UNKNOWN STEP	2026-08-15T06:42:26.9674029Z | refusals | 2 | 0 | 0 | No refusals, no early exits; both agents engaged fully 
review / pass2	UNKNOWN STEP	2026-08-15T06:42:26.9674208Z throughout. |
review / pass2	UNKNOWN STEP	2026-08-15T06:42:26.9674359Z | low_timeout | 1 | 1 | 0 | One FAIL (task__LiPnECJ). The 600 s budget is tight 
review / pass2	UNKNOWN STEP	2026-08-15T06:42:26.9674597Z for this level of complexity. A successful trial (task__6E5ABQk) also hit the 
review / pass2	UNKNOWN STEP	2026-08-15T06:42:26.9674839Z timeout mid-stream but had already written the correct answer ~2.5 minutes 
review / pass2	UNKNOWN STEP	2026-08-15T06:42:26.9675084Z earlier. The budget is workable but leaves little margin for a single round of 
review / pass2	UNKNOWN STEP	2026-08-15T06:42:26.9675268Z debugging. |
review / pass2	UNKNOWN STEP	2026-08-15T06:42:26.9675488Z | approach_validity | 2 | 0 | 0 | No approach_validity failures. Both approaches
review / pass2	UNKNOWN STEP	2026-08-15T06:42:26.9675755Z were correct and instruction-compliant. Difficulty is genuine, not a 
review / pass2	UNKNOWN STEP	2026-08-15T06:42:26.9675942Z verifier/spec artifact. |
review / pass2	UNKNOWN STEP	2026-08-15T06:42:26.9676019Z 
review / pass2	UNKNOWN STEP	2026-08-15T06:42:26.9676075Z **Refusals:** No FAIL; no reword signal.
review / pass2	UNKNOWN STEP	2026-08-15T06:42:26.9676165Z 
review / pass2	UNKNOWN STEP	2026-08-15T06:42:26.9676268Z **Near-miss:** One FAIL, but it reflects real time pressure (the task genuinely 
review / pass2	UNKNOWN STEP	2026-08-15T06:42:26.9676556Z takes ~8–9 minutes for a first-pass-with-debug run), not a situation where the 
review / pass2	UNKNOWN STEP	2026-08-15T06:42:26.9676803Z concept is trivial and only the threshold is doing work. The concept is hard; 
review / pass2	UNKNOWN STEP	2026-08-15T06:42:26.9677663Z time is tight.
review / pass2	UNKNOWN STEP	2026-08-15T06:42:26.9677728Z 
review / pass2	UNKNOWN STEP	2026-08-15T06:42:26.9677843Z **Approach_validity:** All PASS — no task/verifier fix indicated.
review / pass2	UNKNOWN STEP	2026-08-15T06:42:26.9677971Z 
review / pass2	UNKNOWN STEP	2026-08-15T06:42:26.9678014Z ---
review / pass2	UNKNOWN STEP	2026-08-15T06:42:26.9678069Z 
review / pass2	UNKNOWN STEP	2026-08-15T06:42:26.9678115Z ## Summary
review / pass2	UNKNOWN STEP	2026-08-15T06:42:26.9678174Z 
review / pass2	UNKNOWN STEP	2026-08-15T06:42:26.9678320Z ANALYSIS COMPLETE — Genuine difficulty from multi-level MRP complexity; the 0.5 
review / pass2	UNKNOWN STEP	2026-08-15T06:42:26.9678576Z pass@2 rate reflects a speed-only failure in one trial (correct allocations 
review / pass2	UNKNOWN STEP	2026-08-15T06:42:26.9678817Z computed, file never written due to timeout), with no algorithmic, spec, or 
review / pass2	UNKNOWN STEP	2026-08-15T06:42:26.9679009Z verifier defect present.
review / pass2	UNKNOWN STEP	2026-08-15T06:42:26.9679111Z 
review / pass2	UNKNOWN STEP	2026-08-15T06:42:26.9679212Z Summary: Outcome: fail (reward=0), near-miss timeout. The agent ran out of the 
review / pass2	UNKNOWN STEP	2026-08-15T06:42:26.9679457Z 600 s agent timeout while an LLM HTTP request was in flight (step 6, the 5th API
review / pass2	UNKNOWN STEP	2026-08-15T06:42:26.9679689Z call), before it could add limiting-resource computation or write 
review / pass2	UNKNOWN STEP	2026-08-15T06:42:26.9679862Z /app/report.json.
review / pass2	UNKNOWN STEP	2026-08-15T06:42:26.9679928Z 
review / pass2	UNKNOWN STEP	2026-08-15T06:42:26.9680029Z Failing tests: All 28 tests failed (sourced from verifier/ctrf.json). The root 
review / pass2	UNKNOWN STEP	2026-08-15T06:42:26.9680288Z cause is test_outputs.py::test_file_exists_and_not_symlink: `AssertionError: 
review / pass2	UNKNOWN STEP	2026-08-15T06:42:26.9680532Z assert (False) where False = os.path.exists('/app/report.json')`. Every 
review / pass2	UNKNOWN STEP	2026-08-15T06:42:26.9680768Z subsequent test fails with `FileNotFoundError: [Errno 2] No such file or 
review / pass2	UNKNOWN STEP	2026-08-15T06:42:26.9680999Z directory: '/app/report.json'`. artifacts/manifest.json confirms 
review / pass2	UNKNOWN STEP	2026-08-15T06:42:26.9681181Z `/app/report.json` copy status="failed".
review / pass2	UNKNOWN STEP	2026-08-15T06:42:26.9681275Z 
review / pass2	UNKNOWN STEP	2026-08-15T06:42:26.9681381Z Golden vs agent values: /app/report.json was never produced. However, trajectory
review / pass2	UNKNOWN STEP	2026-08-15T06:42:26.9681629Z step 6 (the final agent turn) printed correct allocated_qty and shortfall_qty 
review / pass2	UNKNOWN STEP	2026-08-15T06:42:26.9681894Z for all 26 orders — e.g., O01: alloc=12 short=2 (expected alloc=12 short=2 
review / pass2	UNKNOWN STEP	2026-08-15T06:42:26.9682124Z None); O02: alloc=0 short=30 (expected L5); O03: alloc=14 short=1 (expected 
review / pass2	UNKNOWN STEP	2026-08-15T06:42:26.9682382Z None); O05: alloc=0 short=5 (expected WC3); O00_A: alloc=0 short=3 (expected 
review / pass2	UNKNOWN STEP	2026-08-15T06:42:26.9682615Z L10); O00_N: alloc=10 short=10 (expected Z10); O00_R1/R2: alloc=1 each (expected
review / pass2	UNKNOWN STEP	2026-08-15T06:42:26.9682853Z 1). All 26 allocated_qty and shortfall_qty fields match expected test values 
review / pass2	UNKNOWN STEP	2026-08-15T06:42:26.9683056Z exactly. limiting_resource was never computed.
review / pass2	UNKNOWN STEP	2026-08-15T06:42:26.9683157Z 
review / pass2	UNKNOWN STEP	2026-08-15T06:42:26.9683252Z Golden approach: Python MRP simulation reading /app/manufacturing.db; 
review / pass2	UNKNOWN STEP	2026-08-15T06:42:26.9683490Z topological BOM explosion with stock netting; sequential order processing 
review / pass2	UNKNOWN STEP	2026-08-15T06:42:26.9683731Z (priority ASC, order_id DESC tie-break); ceil-based lot-size rounding; scrap 
review / pass2	UNKNOWN STEP	2026-08-15T06:42:26.9683972Z formula ceil(qty_per*build_qty*(1+pct/100))+setup_scrap; floor-division 
review / pass2	UNKNOWN STEP	2026-08-15T06:42:26.9684218Z substitute consumption; shared workcenter pool deduction; limiting resource via 
review / pass2	UNKNOWN STEP	2026-08-15T06:42:26.9684441Z available/required ratio with ASCII-min tie-break.
review / pass2	UNKNOWN STEP	2026-08-15T06:42:26.9684551Z 
review / pass2	UNKNOWN STEP	2026-08-15T06:42:26.9684681Z Agent approach: Steps 1–3 explored database schema via Python sqlite3 (CLI 
review / pass2	UNKNOWN STEP	2026-08-15T06:42:26.9684997Z sqlite3 not installed). Step 5 wrote a preliminary MRP script using sorted 
review / pass2	UNKNOWN STEP	2026-08-15T06:42:26.9685277Z topological order but had a critical bug: demands was never zeroed after 
review / pass2	UNKNOWN STEP	2026-08-15T06:42:26.9685518Z processing, so the final leftover-demand check always returned False (every 
review / pass2	UNKNOWN STEP	2026-08-15T06:42:26.9685762Z allocation was 0). Step 6 identified and fixed the bug; the corrected script 
review / pass2	UNKNOWN STEP	2026-08-15T06:42:26.9686005Z produced allocation results that exactly match all expected test values. The 
review / pass2	UNKNOWN STEP	2026-08-15T06:42:26.9686249Z agent was mid-planning its next action (add limiting_resource and write 
review / pass2	UNKNOWN STEP	2026-08-15T06:42:26.9686446Z report.json) when the 600 s timeout fired.
review / pass2	UNKNOWN STEP	2026-08-15T06:42:26.9686540Z 
review / pass2	UNKNOWN STEP	2026-08-15T06:42:26.9686681Z Approach diff: None algorithmically — the agent's MRP approach was correct and 
review / pass2	UNKNOWN STEP	2026-08-15T06:42:26.9686919Z fully verified by step 6 output. The sole gap at timeout was (1) the 
review / pass2	UNKNOWN STEP	2026-08-15T06:42:26.9687154Z limiting_resource subroutine (not yet written) and (2) the final json.dump to 
review / pass2	UNKNOWN STEP	2026-08-15T06:42:26.9687383Z /app/report.json. The agent had ~30 s of work remaining.
review / pass2	UNKNOWN STEP	2026-08-15T06:42:26.9687502Z 
review / pass2	UNKNOWN STEP	2026-08-15T06:42:26.9687631Z Artifacts: missing/empty — /app/report.json was not produced (manifest.json 
review / pass2	UNKNOWN STEP	2026-08-15T06:42:26.9687870Z status="failed"); the agent's computed output values are recoverable from 
review / pass2	UNKNOWN STEP	2026-08-15T06:42:26.9688101Z trajectory step 6 printed output for allocated_qty and shortfall_qty, but 
review / pass2	UNKNOWN STEP	2026-08-15T06:42:26.9688296Z limiting_resource is unrecoverable.
review / pass2	UNKNOWN STEP	2026-08-15T06:42:26.9688388Z 
review / pass2	UNKNOWN STEP	2026-08-15T06:42:26.9691730Z                               Trial: task__LiPnECJ                              
review / pass2	UNKNOWN STEP	2026-08-15T06:42:26.9691987Z ┏━━━━━━━━━━━━━━━━━━━━━━━━━┳━━━━━━━━━┳━━━━━━━━━━━━━━━━━━━━━━━━━━━━━━━━━━━━━━━━━━┓
review / pass2	UNKNOWN STEP	2026-08-15T06:42:26.9692222Z ┃ Check                   ┃ Outcome ┃ Explanation                              ┃
review / pass2	UNKNOWN STEP	2026-08-15T06:42:26.9692491Z ┡━━━━━━━━━━━━━━━━━━━━━━━━━╇━━━━━━━━━╇━━━━━━━━━━━━━━━━━━━━━━━━━━━━━━━━━━━━━━━━━━┩
review / pass2	UNKNOWN STEP	2026-08-15T06:42:26.9692746Z │ Task Specification      │ pass    │ instruction.md fully specifies every     │
review / pass2	UNKNOWN STEP	2026-08-15T06:42:26.9692991Z │                         │         │ required output field (order_id,         │
review / pass2	UNKNOWN STEP	2026-08-15T06:42:26.9693209Z │                         │         │ allocated_qty, shortfall_qty,            │
review / pass2	UNKNOWN STEP	2026-08-15T06:42:26.9693421Z │                         │         │ limiting_resource), the file path        │
review / pass2	UNKNOWN STEP	2026-08-15T06:42:26.9693638Z │                         │         │ (/app/report.json), all BOM-explosion    │
review / pass2	UNKNOWN STEP	2026-08-15T06:42:26.9693851Z │                         │         │ rules (scrap formula, lot rounding,      │
review / pass2	UNKNOWN STEP	2026-08-15T06:42:26.9694064Z │                         │         │ substitute floor division, workcenter    │
review / pass2	UNKNOWN STEP	2026-08-15T06:42:26.9694279Z │                         │         │ setup+run, stock netting, excess         │
review / pass2	UNKNOWN STEP	2026-08-15T06:42:26.9694490Z │                         │         │ crediting), and the limiting-resource    │
review / pass2	UNKNOWN STEP	2026-08-15T06:42:26.9694709Z │                         │         │ ratio algorithm. The agent understood    │
review / pass2	UNKNOWN STEP	2026-08-15T06:42:26.9694922Z │                         │         │ and correctly implemented the            │
review / pass2	UNKNOWN STEP	2026-08-15T06:42:26.9695135Z │                         │         │ specification, confirming instructions   │
review / pass2	UNKNOWN STEP	2026-08-15T06:42:26.9695349Z │                         │         │ were sufficient. The failure was due to  │
review / pass2	UNKNOWN STEP	2026-08-15T06:42:26.9695560Z │                         │         │ timeout, not missing specification.      │
review / pass2	UNKNOWN STEP	2026-08-15T06:42:26.9695794Z ├─────────────────────────┼─────────┼──────────────────────────────────────────┤
review / pass2	UNKNOWN STEP	2026-08-15T06:42:26.9696032Z │ Reward Hacking          │ pass    │ The agent never accessed solution/ or    │
review / pass2	UNKNOWN STEP	2026-08-15T06:42:26.9696264Z │                         │         │ tests/, never modified test files or     │
review / pass2	UNKNOWN STEP	2026-08-15T06:42:26.9696474Z │                         │         │ reward.txt, and never tried to copy      │
review / pass2	UNKNOWN STEP	2026-08-15T06:42:26.9696683Z │                         │         │ outputs. It queried                      │
review / pass2	UNKNOWN STEP	2026-08-15T06:42:26.9696985Z │                         │         │ /app/manufacturing.db via Python         │
review / pass2	UNKNOWN STEP	2026-08-15T06:42:26.9697343Z │                         │         │ sqlite3, implemented MRP logic from      │
review / pass2	UNKNOWN STEP	2026-08-15T06:42:26.9697583Z │                         │         │ scratch, and ran simulations to verify   │
review / pass2	UNKNOWN STEP	2026-08-15T06:42:26.9697844Z │                         │         │ correctness. All tool calls visible in   │
review / pass2	UNKNOWN STEP	2026-08-15T06:42:26.9698083Z │                         │         │ trajectory steps 2–6 are legitimate      │
review / pass2	UNKNOWN STEP	2026-08-15T06:42:26.9698323Z │                         │         │ database queries and Python computation. │
review / pass2	UNKNOWN STEP	2026-08-15T06:42:26.9698582Z ├─────────────────────────┼─────────┼──────────────────────────────────────────┤
review / pass2	UNKNOWN STEP	2026-08-15T06:42:26.9698842Z │ Difficulty Crux         │ pass    │ task.toml difficulty_explanation cites   │
review / pass2	UNKNOWN STEP	2026-08-15T06:42:26.9699083Z │                         │         │ 'complex multi-level MRP simulation      │
review / pass2	UNKNOWN STEP	2026-08-15T06:42:26.9699308Z │                         │         │ combining top-down BOM DAG explosion,    │
review / pass2	UNKNOWN STEP	2026-08-15T06:42:26.9699527Z │                         │         │ routing workcenter capacity limits,      │
review / pass2	UNKNOWN STEP	2026-08-15T06:42:26.9699742Z │                         │         │ fixed batch setup scrap, substitute part │
review / pass2	UNKNOWN STEP	2026-08-15T06:42:26.9699958Z │                         │         │ conversions, batch_size lot rounding,    │
review / pass2	UNKNOWN STEP	2026-08-15T06:42:26.9700172Z │                         │         │ leftover sub-assembly stock crediting,   │
review / pass2	UNKNOWN STEP	2026-08-15T06:42:26.9700388Z │                         │         │ and sequential shared-pool priority      │
review / pass2	UNKNOWN STEP	2026-08-15T06:42:26.9700602Z │                         │         │ allocation' as the crux. The agent's     │
review / pass2	UNKNOWN STEP	2026-08-15T06:42:26.9700820Z │                         │         │ longest reasoning block (step 5, 16,823  │
review / pass2	UNKNOWN STEP	2026-08-15T06:42:26.9701030Z │                         │         │ output tokens, ~221 s API call) was      │
review / pass2	UNKNOWN STEP	2026-08-15T06:42:26.9701251Z │                         │         │ devoted entirely to reasoning through    │
review / pass2	UNKNOWN STEP	2026-08-15T06:42:26.9701470Z │                         │         │ these MRP mechanics — LLC topological    │
review / pass2	UNKNOWN STEP	2026-08-15T06:42:26.9701687Z │                         │         │ order, substitute floor-division, scrap  │
review / pass2	UNKNOWN STEP	2026-08-15T06:42:26.9701902Z │                         │         │ ceiling formula, lot-rounding excess     │
review / pass2	UNKNOWN STEP	2026-08-15T06:42:26.9702114Z │                         │         │ credits, limiting-resource ratio         │
review / pass2	UNKNOWN STEP	2026-08-15T06:42:26.9702340Z │                         │         │ semantics. The first simulation attempt  │
review / pass2	UNKNOWN STEP	2026-08-15T06:42:26.9702578Z │                         │         │ contained a bug in that complex logic    │
review / pass2	UNKNOWN STEP	2026-08-15T06:42:26.9702794Z │                         │         │ (demands never zeroed), which the agent  │
review / pass2	UNKNOWN STEP	2026-08-15T06:42:26.9703005Z │                         │         │ then debugged. The timeout was a direct  │
review / pass2	UNKNOWN STEP	2026-08-15T06:42:26.9703217Z │                         │         │ consequence of time spent on the         │
review / pass2	UNKNOWN STEP	2026-08-15T06:42:26.9703486Z │                         │         │ intended algorithmic challenge.          │
review / pass2	UNKNOWN STEP	2026-08-15T06:42:26.9703759Z ├─────────────────────────┼─────────┼──────────────────────────────────────────┤
review / pass2	UNKNOWN STEP	2026-08-15T06:42:26.9703993Z │ Near Miss               │ fail    │ The agent produced correct allocated_qty │
review / pass2	UNKNOWN STEP	2026-08-15T06:42:26.9704220Z │                         │         │ and shortfall_qty for all 26 orders as   │
review / pass2	UNKNOWN STEP	2026-08-15T06:42:26.9704433Z │                         │         │ verified by trajectory step 6 output vs  │
review / pass2	UNKNOWN STEP	2026-08-15T06:42:26.9704646Z │                         │         │ test_outputs.py expected values: O01     │
review / pass2	UNKNOWN STEP	2026-08-15T06:42:26.9704864Z │                         │         │ alloc=12/short=2, O02 alloc=0/short=30,  │
review / pass2	UNKNOWN STEP	2026-08-15T06:42:26.9705071Z │                         │         │ O03 alloc=14/short=1, O04                │
review / pass2	UNKNOWN STEP	2026-08-15T06:42:26.9705284Z │                         │         │ alloc=0/short=20, O05 alloc=0/short=5,   │
review / pass2	UNKNOWN STEP	2026-08-15T06:42:26.9705497Z │                         │         │ O06 alloc=2/short=6, O00_A               │
review / pass2	UNKNOWN STEP	2026-08-15T06:42:26.9705716Z │                         │         │ alloc=0/short=3, O00_B alloc=10/short=0, │
review / pass2	UNKNOWN STEP	2026-08-15T06:42:26.9705926Z │                         │         │ O00_N alloc=10/short=10, O00_R1/R2       │
review / pass2	UNKNOWN STEP	2026-08-15T06:42:26.9706137Z │                         │         │ alloc=1 each, O00_S2 alloc=1 — all       │
review / pass2	UNKNOWN STEP	2026-08-15T06:42:26.9706350Z │                         │         │ matching. Only limiting_resource         │
review / pass2	UNKNOWN STEP	2026-08-15T06:42:26.9706562Z │                         │         │ computation and the json.dump to         │
review / pass2	UNKNOWN STEP	2026-08-15T06:42:26.9706775Z │                         │         │ /app/report.json were missing at         │
review / pass2	UNKNOWN STEP	2026-08-15T06:42:26.9706985Z │                         │         │ timeout. This is a substantive           │
review / pass2	UNKNOWN STEP	2026-08-15T06:42:26.9707199Z │                         │         │ near-miss: 2/3 of the report was         │
review / pass2	UNKNOWN STEP	2026-08-15T06:42:26.9707422Z │                         │         │ correct, and only the final ~30 s of     │
review / pass2	UNKNOWN STEP	2026-08-15T06:42:26.9707643Z │                         │         │ work was cut off.                        │
review / pass2	UNKNOWN STEP	2026-08-15T06:42:26.9707870Z ├─────────────────────────┼─────────┼──────────────────────────────────────────┤
review / pass2	UNKNOWN STEP	2026-08-15T06:42:26.9708103Z │ Refusals                │ pass    │ The agent engaged immediately with the   │
review / pass2	UNKNOWN STEP	2026-08-15T06:42:26.9708329Z │                         │         │ task. No refusal language, safety-policy │
review / pass2	UNKNOWN STEP	2026-08-15T06:42:26.9708541Z │                         │         │ invocations, or early exits appear       │
review / pass2	UNKNOWN STEP	2026-08-15T06:42:26.9708759Z │                         │         │ anywhere in the 6-step trajectory. The   │
review / pass2	UNKNOWN STEP	2026-08-15T06:42:26.9708971Z │                         │         │ agent actively queried the database,     │
review / pass2	UNKNOWN STEP	2026-08-15T06:42:26.9709184Z │                         │         │ reasoned at length about MRP algorithms, │
review / pass2	UNKNOWN STEP	2026-08-15T06:42:26.9709394Z │                         │         │ wrote and debugged Python code, and was  │
review / pass2	UNKNOWN STEP	2026-08-15T06:42:26.9709614Z │                         │         │ continuing to work at timeout.           │
review / pass2	UNKNOWN STEP	2026-08-15T06:42:26.9709861Z ├─────────────────────────┼─────────┼──────────────────────────────────────────┤
review / pass2	UNKNOWN STEP	2026-08-15T06:42:26.9710106Z │ Low Timeout             │ fail    │ The agent was actively making progress   │
review / pass2	UNKNOWN STEP	2026-08-15T06:42:26.9710332Z │                         │         │ at the moment of timeout. Step 6         │
review / pass2	UNKNOWN STEP	2026-08-15T06:42:26.9710542Z │                         │         │ (timestamp 06:34:48) ran a corrected     │
review / pass2	UNKNOWN STEP	2026-08-15T06:42:26.9710754Z │                         │         │ simulation producing correct allocations │
review / pass2	UNKNOWN STEP	2026-08-15T06:42:26.9710964Z │                         │         │ and printed final state. The             │
review / pass2	UNKNOWN STEP	2026-08-15T06:42:26.9711175Z │                         │         │ exception_traceback confirms the timeout │
review / pass2	UNKNOWN STEP	2026-08-15T06:42:26.9711387Z │                         │         │ fired during an LLM HTTP request inside  │
review / pass2	UNKNOWN STEP	2026-08-15T06:42:26.9711659Z │                         │         │ aiohttp_response.content.iter_chunked —  │
review / pass2	UNKNOWN STEP	2026-08-15T06:42:26.9711910Z │                         │         │ i.e., the 5th API call (the planning     │
review / pass2	UNKNOWN STEP	2026-08-15T06:42:26.9712117Z │                         │         │ step for adding limiting_resource and    │
review / pass2	UNKNOWN STEP	2026-08-15T06:42:26.9712337Z │                         │         │ writing report.json) was killed          │
review / pass2	UNKNOWN STEP	2026-08-15T06:42:26.9712564Z │                         │         │ mid-stream after the agent had           │
review / pass2	UNKNOWN STEP	2026-08-15T06:42:26.9712778Z │                         │         │ demonstrated a fully correct allocation  │
review / pass2	UNKNOWN STEP	2026-08-15T06:42:26.9712990Z │                         │         │ algorithm. Total agent execution was     │
review / pass2	UNKNOWN STEP	2026-08-15T06:42:26.9713205Z │                         │         │ exactly 600 s (06:27:09 → 06:37:09). The │
review / pass2	UNKNOWN STEP	2026-08-15T06:42:26.9713411Z │                         │         │ agent needed roughly one more turn (~30  │
review / pass2	UNKNOWN STEP	2026-08-15T06:42:26.9713631Z │                         │         │ s of code plus 60 s LLM call) to         │
review / pass2	UNKNOWN STEP	2026-08-15T06:42:26.9713845Z │                         │         │ complete the task.                       │
review / pass2	UNKNOWN STEP	2026-08-15T06:42:26.9714077Z ├─────────────────────────┼─────────┼──────────────────────────────────────────┤
review / pass2	UNKNOWN STEP	2026-08-15T06:42:26.9714320Z │ Approach Validity       │ pass    │ The agent's approach was sound and       │
review / pass2	UNKNOWN STEP	2026-08-15T06:42:26.9714559Z │                         │         │ instruction-compliant: Python MRP        │
review / pass2	UNKNOWN STEP	2026-08-15T06:42:26.9714778Z │                         │         │ simulation with topological BOM          │
review / pass2	UNKNOWN STEP	2026-08-15T06:42:26.9714989Z │                         │         │ explosion, stock netting, ceil-based lot │
review / pass2	UNKNOWN STEP	2026-08-15T06:42:26.9715204Z │                         │         │ rounding, scrap formula as specified,    │
review / pass2	UNKNOWN STEP	2026-08-15T06:42:26.9715419Z │                         │         │ floor-division substitute consumption,   │
review / pass2	UNKNOWN STEP	2026-08-15T06:42:26.9715639Z │                         │         │ shared workcenter deduction, and         │
review / pass2	UNKNOWN STEP	2026-08-15T06:42:26.9715859Z │                         │         │ priority-ordered processing.             │
review / pass2	UNKNOWN STEP	2026-08-15T06:42:26.9716080Z │                         │         │ instruction.md permits (and in fact      │
review / pass2	UNKNOWN STEP	2026-08-15T06:42:26.9716299Z │                         │         │ requires) exactly this approach. The     │
review / pass2	UNKNOWN STEP	2026-08-15T06:42:26.9716510Z │                         │         │ verifier rejected the trial only because │
review / pass2	UNKNOWN STEP	2026-08-15T06:42:26.9716722Z │                         │         │ /app/report.json does not exist          │
review / pass2	UNKNOWN STEP	2026-08-15T06:42:26.9716933Z │                         │         │ (test_file_exists_and_not_symlink:       │
review / pass2	UNKNOWN STEP	2026-08-15T06:42:26.9717217Z │                         │         │ FileNotFoundError), not because the      │
review / pass2	UNKNOWN STEP	2026-08-15T06:42:26.9717430Z │                         │         │ allocation logic was wrong. Step 6       │
review / pass2	UNKNOWN STEP	2026-08-15T06:42:26.9717642Z │                         │         │ confirms the allocation logic matched    │
review / pass2	UNKNOWN STEP	2026-08-15T06:42:26.9717917Z │                         │         │ all expected test values. The failure is │
review / pass2	UNKNOWN STEP	2026-08-15T06:42:26.9718168Z │                         │         │ a legitimate agent limitation            │
review / pass2	UNKNOWN STEP	2026-08-15T06:42:26.9718383Z │                         │         │ (insufficient time to complete output),  │
review / pass2	UNKNOWN STEP	2026-08-15T06:42:26.9718593Z │                         │         │ not a task/verifier problem.             │
review / pass2	UNKNOWN STEP	2026-08-15T06:42:26.9718828Z ├─────────────────────────┼─────────┼──────────────────────────────────────────┤
review / pass2	UNKNOWN STEP	2026-08-15T06:42:26.9719073Z │ Decisive Rule Disclosed │ pass    │ The deciding check is                    │
review / pass2	UNKNOWN STEP	2026-08-15T06:42:26.9719312Z │                         │         │ test_file_exists_and_not_symlink         │
review / pass2	UNKNOWN STEP	2026-08-15T06:42:26.9719525Z │                         │         │ enforcing presence of /app/report.json.  │
review / pass2	UNKNOWN STEP	2026-08-15T06:42:26.9719741Z │                         │         │ instruction.md explicitly states 'Write  │
review / pass2	UNKNOWN STEP	2026-08-15T06:42:26.9719958Z │                         │         │ the result to /app/report.json' in a     │
review / pass2	UNKNOWN STEP	2026-08-15T06:42:26.9720176Z │                         │         │ clearly formatted code block. This rule  │
review / pass2	UNKNOWN STEP	2026-08-15T06:42:26.9720394Z │                         │         │ was fully disclosed to the agent and the │
review / pass2	UNKNOWN STEP	2026-08-15T06:42:26.9720610Z │                         │         │ agent knew it needed to write that file  │
review / pass2	UNKNOWN STEP	2026-08-15T06:42:26.9720822Z │                         │         │ (visible in step 5 reasoning: 'then      │
review / pass2	UNKNOWN STEP	2026-08-15T06:42:26.9721034Z │                         │         │ generate /app/report.json' and step 6    │
review / pass2	UNKNOWN STEP	2026-08-15T06:42:26.9721250Z │                         │         │ plan). The failure does not trace to any │
review / pass2	UNKNOWN STEP	2026-08-15T06:42:26.9721458Z │                         │         │ undisclosed rule.                        │
review / pass2	UNKNOWN STEP	2026-08-15T06:42:26.9721690Z ├─────────────────────────┼─────────┼──────────────────────────────────────────┤
review / pass2	UNKNOWN STEP	2026-08-15T06:42:26.9721935Z │ Spec Consistency        │ pass    │ No contradiction, ambiguity, or          │
review / pass2	UNKNOWN STEP	2026-08-15T06:42:26.9722178Z │                         │         │ authority inversion in agent-visible     │
review / pass2	UNKNOWN STEP	2026-08-15T06:42:26.9722416Z │                         │         │ material contributed to the failure. The │
review / pass2	UNKNOWN STEP	2026-08-15T06:42:26.9722630Z │                         │         │ failure was purely due to timeout before │
review / pass2	UNKNOWN STEP	2026-08-15T06:42:26.9722845Z │                         │         │ writing the output file. instruction.md  │
review / pass2	UNKNOWN STEP	2026-08-15T06:42:26.9723060Z │                         │         │ consistently describes the required      │
review / pass2	UNKNOWN STEP	2026-08-15T06:42:26.9723275Z │                         │         │ algorithm, file path, and output schema. │
review / pass2	UNKNOWN STEP	2026-08-15T06:42:26.9723486Z │                         │         │ The agent correctly interpreted all of   │
review / pass2	UNKNOWN STEP	2026-08-15T06:42:26.9723699Z │                         │         │ it, as demonstrated by matching          │
review / pass2	UNKNOWN STEP	2026-08-15T06:42:26.9723907Z │                         │         │ allocations in step 6.                   │
review / pass2	UNKNOWN STEP	2026-08-15T06:42:26.9724144Z └─────────────────────────┴─────────┴──────────────────────────────────────────┘
review / pass2	UNKNOWN STEP	2026-08-15T06:42:26.9724277Z 
review / pass2	UNKNOWN STEP	2026-08-15T06:42:26.9724386Z Summary: Outcome: PASS (reward = 1). All 28 tests passed on the first verifier 
review / pass2	UNKNOWN STEP	2026-08-15T06:42:26.9724570Z run.
review / pass2	UNKNOWN STEP	2026-08-15T06:42:26.9724627Z 
review / pass2	UNKNOWN STEP	2026-08-15T06:42:26.9724757Z Failing tests: None — all 28 tests in test_outputs.py passed (sourced from 
review / pass2	UNKNOWN STEP	2026-08-15T06:42:26.9724952Z ctrf.json, which was present).
review / pass2	UNKNOWN STEP	2026-08-15T06:42:26.9725038Z 
review / pass2	UNKNOWN STEP	2026-08-15T06:42:26.9725140Z Golden vs agent values: All 26 orders match exactly. Selected verifications: 
review / pass2	UNKNOWN STEP	2026-08-15T06:42:26.9725403Z O00_A (allocated=0, shortfall=3, limiting=L10 ✓), O01 (allocated=12, 
review / pass2	UNKNOWN STEP	2026-08-15T06:42:26.9725664Z shortfall=2, limiting=null ✓), O03 (allocated=14, shortfall=1, limiting=null ✓),
review / pass2	UNKNOWN STEP	2026-08-15T06:42:26.9725937Z O02 (allocated=0, shortfall=30, limiting=L5 ✓), O05 (allocated=0, shortfall=5, 
review / pass2	UNKNOWN STEP	2026-08-15T06:42:26.9726204Z limiting=WC3 ✓), O00_N (allocated=10, shortfall=10, limiting=Z10 ✓ — ASCII sort 
review / pass2	UNKNOWN STEP	2026-08-15T06:42:26.9726515Z tie-break). Artifacts present at artifacts/app/report.json with full 26-order 
review / pass2	UNKNOWN STEP	2026-08-15T06:42:26.9726747Z output, values confirmed correct.
review / pass2	UNKNOWN STEP	2026-08-15T06:42:26.9726834Z 
review / pass2	UNKNOWN STEP	2026-08-15T06:42:26.9726944Z Golden approach (task.toml solution_explanation): Parse all tables from SQLite, 
review / pass2	UNKNOWN STEP	2026-08-15T06:42:26.9727202Z simulate sequential priority allocation by top-down BOM DAG explosion, enforce 
review / pass2	UNKNOWN STEP	2026-08-15T06:42:26.9727458Z batch_size lot rounding with excess crediting, calculate scrap (setup_scrap_qty 
review / pass2	UNKNOWN STEP	2026-08-15T06:42:26.9727721Z + ceil(qty_per × build × (1+scrap%/100))), allocate substitutes in 
review / pass2	UNKNOWN STEP	2026-08-15T06:42:26.9727961Z preference_rank order with floor-division integer conversion, check workcenter 
review / pass2	UNKNOWN STEP	2026-08-15T06:42:26.9728245Z capacity (setup + run_hours_per_unit × build), identify limiting resource via 
review / pass2	UNKNOWN STEP	2026-08-15T06:42:26.9728480Z minimum fulfillment ratio on leaf components and workcenters.
review / pass2	UNKNOWN STEP	2026-08-15T06:42:26.9728608Z 
review / pass2	UNKNOWN STEP	2026-08-15T06:42:26.9728717Z Agent approach: DeepSeek-V4-Pro with high reasoning. Step 2 (06:27:22): 
review / pass2	UNKNOWN STEP	2026-08-15T06:42:26.9728963Z inspected schema with LIMIT 20. Step 3 (06:27:33): dumped full DB contents. Step
review / pass2	UNKNOWN STEP	2026-08-15T06:42:26.9729204Z 4 (06:30:56): wrote initial Python BOM explosion script. Step 5 (06:33:03): 
review / pass2	UNKNOWN STEP	2026-08-15T06:42:26.9729434Z identified and corrected an issue with inventory state tracking. Step 6 
review / pass2	UNKNOWN STEP	2026-08-15T06:42:26.9729673Z (06:33:41): wrote corrected script, producing the correct report.json. Step 7 
review / pass2	UNKNOWN STEP	2026-08-15T06:42:26.9729933Z (06:34:33): verified with `cat /app/report.json` — correct output confirmed. 
review / pass2	UNKNOWN STEP	2026-08-15T06:42:26.9730151Z Step 8 (06:35:03): agent mistakenly identified O01/O03 having 
review / pass2	UNKNOWN STEP	2026-08-15T06:42:26.9730376Z limiting_resource=null with shortfall_qty>0 as a bug and started rewriting; LLM 
review / pass2	UNKNOWN STEP	2026-08-15T06:42:26.9730625Z timed out (AgentTimeoutError at 06:37:10, 600s after start) while awaiting the 
review / pass2	UNKNOWN STEP	2026-08-15T06:42:26.9730827Z response to step 8's terminal output.
review / pass2	UNKNOWN STEP	2026-08-15T06:42:26.9730916Z 
review / pass2	UNKNOWN STEP	2026-08-15T06:42:26.9731028Z Approach diff: No meaningful divergence from golden approach. The agent's step 6
review / pass2	UNKNOWN STEP	2026-08-15T06:42:26.9731288Z script correctly implemented all requirements. The agent then spent steps 6-8 on
review / pass2	UNKNOWN STEP	2026-08-15T06:42:26.9731540Z unnecessary debugging of a non-existent bug (O01 and O03 correctly have null 
review / pass2	UNKNOWN STEP	2026-08-15T06:42:26.9731793Z limiting_resource even with shortfall, as the shortfall is due to batch-rounding
review / pass2	UNKNOWN STEP	2026-08-15T06:42:26.9732016Z against requested_qty rather than resource constraints).
review / pass2	UNKNOWN STEP	2026-08-15T06:42:26.9732135Z 
review / pass2	UNKNOWN STEP	2026-08-15T06:42:26.9732268Z Artifacts: Present at artifacts/app/report.json — 26 orders, fully correct, 
review / pass2	UNKNOWN STEP	2026-08-15T06:42:26.9732504Z matching all test expectations.
review / pass2	UNKNOWN STEP	2026-08-15T06:42:26.9732589Z 
review / pass2	UNKNOWN STEP	2026-08-15T06:42:26.9746822Z                               Trial: task__6E5ABQk                              
review / pass2	UNKNOWN STEP	2026-08-15T06:42:26.9747062Z ┏━━━━━━━━━━━━━━━━━━━━━━━━━┳━━━━━━━━━━━━━━━━┳━━━━━━━━━━━━━━━━━━━━━━━━━━━━━━━━━━━┓
review / pass2	UNKNOWN STEP	2026-08-15T06:42:26.9747375Z ┃ Check                   ┃ Outcome        ┃ Explanation                       ┃
review / pass2	UNKNOWN STEP	2026-08-15T06:42:26.9747846Z ┡━━━━━━━━━━━━━━━━━━━━━━━━━╇━━━━━━━━━━━━━━━━╇━━━━━━━━━━━━━━━━━━━━━━━━━━━━━━━━━━━┩
review / pass2	UNKNOWN STEP	2026-08-15T06:42:26.9748305Z │ Task Specification      │ pass           │ instruction.md is detailed and    │
review / pass2	UNKNOWN STEP	2026-08-15T06:42:26.9748637Z │                         │                │ complete: it specifies BOM        │
review / pass2	UNKNOWN STEP	2026-08-15T06:42:26.9748918Z │                         │                │ explosion rules, scrap formula    │
review / pass2	UNKNOWN STEP	2026-08-15T06:42:26.9749127Z │                         │                │ (ceil(qty_per × build ×           │
review / pass2	UNKNOWN STEP	2026-08-15T06:42:26.9749336Z │                         │                │ (1+scrap%/100)) +                 │
review / pass2	UNKNOWN STEP	2026-08-15T06:42:26.9749540Z │                         │                │ setup_scrap_qty), substitute      │
review / pass2	UNKNOWN STEP	2026-08-15T06:42:26.9749750Z │                         │                │ floor-division integer            │
review / pass2	UNKNOWN STEP	2026-08-15T06:42:26.9749963Z │                         │                │ conversion, workcenter hours,     │
review / pass2	UNKNOWN STEP	2026-08-15T06:42:26.9750177Z │                         │                │ batch_size lot rounding with      │
review / pass2	UNKNOWN STEP	2026-08-15T06:42:26.9750394Z │                         │                │ excess crediting, and limiting    │
review / pass2	UNKNOWN STEP	2026-08-15T06:42:26.9750601Z │                         │                │ resource identification via       │
review / pass2	UNKNOWN STEP	2026-08-15T06:42:26.9750810Z │                         │                │ minimum fulfillment ratio. The    │
review / pass2	UNKNOWN STEP	2026-08-15T06:42:26.9751012Z │                         │                │ agent had sufficient information  │
review / pass2	UNKNOWN STEP	2026-08-15T06:42:26.9751216Z │                         │                │ to implement all 28 tested        │
review / pass2	UNKNOWN STEP	2026-08-15T06:42:26.9751422Z │                         │                │ behaviors and passed them all. No │
review / pass2	UNKNOWN STEP	2026-08-15T06:42:26.9751638Z │                         │                │ undisclosed critical details      │
review / pass2	UNKNOWN STEP	2026-08-15T06:42:26.9751845Z │                         │                │ caused failures.                  │
review / pass2	UNKNOWN STEP	2026-08-15T06:42:26.9752077Z ├─────────────────────────┼────────────────┼───────────────────────────────────┤
review / pass2	UNKNOWN STEP	2026-08-15T06:42:26.9752327Z │ Reward Hacking          │ pass           │ The 8-step trajectory shows       │
review / pass2	UNKNOWN STEP	2026-08-15T06:42:26.9752580Z │                         │                │ legitimate task solving: database │
review / pass2	UNKNOWN STEP	2026-08-15T06:42:26.9752785Z │                         │                │ inspection (steps 2-3), Python    │
review / pass2	UNKNOWN STEP	2026-08-15T06:42:26.9752996Z │                         │                │ script implementation (step 4),   │
review / pass2	UNKNOWN STEP	2026-08-15T06:42:26.9753203Z │                         │                │ debugging and correction (steps   │
review / pass2	UNKNOWN STEP	2026-08-15T06:42:26.9753411Z │                         │                │ 5-6), and verification (step 7).  │
review / pass2	UNKNOWN STEP	2026-08-15T06:42:26.9753617Z │                         │                │ No test file modifications, no    │
review / pass2	UNKNOWN STEP	2026-08-15T06:42:26.9753824Z │                         │                │ access to solution/, no writes to │
review / pass2	UNKNOWN STEP	2026-08-15T06:42:26.9754036Z │                         │                │ reward.txt. The agent produced    │
review / pass2	UNKNOWN STEP	2026-08-15T06:42:26.9754257Z │                         │                │ the correct answer through honest │
review / pass2	UNKNOWN STEP	2026-08-15T06:42:26.9754464Z │                         │                │ algorithmic implementation.       │
review / pass2	UNKNOWN STEP	2026-08-15T06:42:26.9754693Z ├─────────────────────────┼────────────────┼───────────────────────────────────┤
review / pass2	UNKNOWN STEP	2026-08-15T06:42:26.9754934Z │ Difficulty Crux         │ not_applicable │ The agent succeeded (reward = 1,  │
review / pass2	UNKNOWN STEP	2026-08-15T06:42:26.9755164Z │                         │                │ all 28 tests passed), so          │
review / pass2	UNKNOWN STEP	2026-08-15T06:42:26.9755371Z │                         │                │ difficulty_crux is not applicable │
review / pass2	UNKNOWN STEP	2026-08-15T06:42:26.9755575Z │                         │                │ — there is no failure to          │
review / pass2	UNKNOWN STEP	2026-08-15T06:42:26.9755774Z │                         │                │ diagnose.                         │
review / pass2	UNKNOWN STEP	2026-08-15T06:42:26.9756000Z ├─────────────────────────┼────────────────┼───────────────────────────────────┤
review / pass2	UNKNOWN STEP	2026-08-15T06:42:26.9756294Z │ Near Miss               │ pass           │ The agent passed completely —     │
review / pass2	UNKNOWN STEP	2026-08-15T06:42:26.9756550Z │                         │                │ reward = 1, all 28 tests passed.  │
review / pass2	UNKNOWN STEP	2026-08-15T06:42:26.9756754Z │                         │                │ There are no partial results,     │
review / pass2	UNKNOWN STEP	2026-08-15T06:42:26.9757022Z │                         │                │ near-threshold failures, or close │
review / pass2	UNKNOWN STEP	2026-08-15T06:42:26.9757226Z │                         │                │ margins. This is a clean success, │
review / pass2	UNKNOWN STEP	2026-08-15T06:42:26.9757430Z │                         │                │ not a near-miss.                  │
review / pass2	UNKNOWN STEP	2026-08-15T06:42:26.9757654Z ├─────────────────────────┼────────────────┼───────────────────────────────────┤
review / pass2	UNKNOWN STEP	2026-08-15T06:42:26.9757884Z │ Refusals                │ pass           │ The agent engaged immediately and │
review / pass2	UNKNOWN STEP	2026-08-15T06:42:26.9758101Z │                         │                │ fully with the task across 8      │
review / pass2	UNKNOWN STEP	2026-08-15T06:42:26.9758318Z │                         │                │ steps, writing multiple Python    │
review / pass2	UNKNOWN STEP	2026-08-15T06:42:26.9758529Z │                         │                │ scripts and iterating toward a    │
review / pass2	UNKNOWN STEP	2026-08-15T06:42:26.9758737Z │                         │                │ correct solution. No refusal      │
review / pass2	UNKNOWN STEP	2026-08-15T06:42:26.9758945Z │                         │                │ language, no policy references,   │
review / pass2	UNKNOWN STEP	2026-08-15T06:42:26.9759156Z │                         │                │ no early exit. Full engagement    │
review / pass2	UNKNOWN STEP	2026-08-15T06:42:26.9759360Z │                         │                │ throughout.                       │
review / pass2	UNKNOWN STEP	2026-08-15T06:42:26.9759586Z ├─────────────────────────┼────────────────┼───────────────────────────────────┤
review / pass2	UNKNOWN STEP	2026-08-15T06:42:26.9759814Z │ Low Timeout             │ pass           │ The agent completed the correct   │
review / pass2	UNKNOWN STEP	2026-08-15T06:42:26.9760036Z │                         │                │ report.json by step 6 (06:33:41,  │
review / pass2	UNKNOWN STEP	2026-08-15T06:42:26.9760250Z │                         │                │ ~6.5 minutes into a 10-minute     │
review / pass2	UNKNOWN STEP	2026-08-15T06:42:26.9760455Z │                         │                │ budget). Step 7 (06:34:33)        │
review / pass2	UNKNOWN STEP	2026-08-15T06:42:26.9760659Z │                         │                │ confirmed correctness with `cat   │
review / pass2	UNKNOWN STEP	2026-08-15T06:42:26.9760867Z │                         │                │ /app/report.json`. Steps 6-8 were │
review / pass2	UNKNOWN STEP	2026-08-15T06:42:26.9761071Z │                         │                │ spent on unnecessary debugging of │
review / pass2	UNKNOWN STEP	2026-08-15T06:42:26.9761282Z │                         │                │ a non-existent bug (the agent     │
review / pass2	UNKNOWN STEP	2026-08-15T06:42:26.9761486Z │                         │                │ wrongly believed O01/O03 having   │
review / pass2	UNKNOWN STEP	2026-08-15T06:42:26.9761693Z │                         │                │ limiting_resource=null with       │
review / pass2	UNKNOWN STEP	2026-08-15T06:42:26.9761897Z │                         │                │ shortfall>0 was erroneous, when   │
review / pass2	UNKNOWN STEP	2026-08-15T06:42:26.9762107Z │                         │                │ those values are exactly correct  │
review / pass2	UNKNOWN STEP	2026-08-15T06:42:26.9762407Z │                         │                │ per the tests). The timeout at    │
review / pass2	UNKNOWN STEP	2026-08-15T06:42:26.9762655Z │                         │                │ 06:37:10 cut off step 8's LLM     │
review / pass2	UNKNOWN STEP	2026-08-15T06:42:26.9762858Z │                         │                │ response, but that work was       │
review / pass2	UNKNOWN STEP	2026-08-15T06:42:26.9763063Z │                         │                │ unneeded — the correct answer was │
review / pass2	UNKNOWN STEP	2026-08-15T06:42:26.9763271Z │                         │                │ already written ~2.5 minutes      │
review / pass2	UNKNOWN STEP	2026-08-15T06:42:26.9763472Z │                         │                │ before the cutoff.                │
review / pass2	UNKNOWN STEP	2026-08-15T06:42:26.9763702Z ├─────────────────────────┼────────────────┼───────────────────────────────────┤
review / pass2	UNKNOWN STEP	2026-08-15T06:42:26.9763937Z │ Approach Validity       │ pass           │ The agent's approach was sound    │
review / pass2	UNKNOWN STEP	2026-08-15T06:42:26.9764170Z │                         │                │ and matched the permitted method  │
review / pass2	UNKNOWN STEP	2026-08-15T06:42:26.9764382Z │                         │                │ in instruction.md. It implemented │
review / pass2	UNKNOWN STEP	2026-08-15T06:42:26.9764600Z │                         │                │ top-down BOM explosion, correct   │
review / pass2	UNKNOWN STEP	2026-08-15T06:42:26.9764810Z │                         │                │ scrap formula, substitute         │
review / pass2	UNKNOWN STEP	2026-08-15T06:42:26.9765023Z │                         │                │ floor-division, workcenter        │
review / pass2	UNKNOWN STEP	2026-08-15T06:42:26.9765236Z │                         │                │ capacity tracking, batch-size lot │
review / pass2	UNKNOWN STEP	2026-08-15T06:42:26.9765443Z │                         │                │ rounding with excess crediting,   │
review / pass2	UNKNOWN STEP	2026-08-15T06:42:26.9765652Z │                         │                │ and ASCII-sorted limiting         │
review / pass2	UNKNOWN STEP	2026-08-15T06:42:26.9765867Z │                         │                │ resource identification. The      │
review / pass2	UNKNOWN STEP	2026-08-15T06:42:26.9766079Z │                         │                │ verifier confirmed correctness:   │
review / pass2	UNKNOWN STEP	2026-08-15T06:42:26.9766292Z │                         │                │ all 28 tests passed. No approach  │
review / pass2	UNKNOWN STEP	2026-08-15T06:42:26.9766510Z │                         │                │ divergence caused failures.       │
review / pass2	UNKNOWN STEP	2026-08-15T06:42:26.9766740Z ├─────────────────────────┼────────────────┼───────────────────────────────────┤
review / pass2	UNKNOWN STEP	2026-08-15T06:42:26.9766992Z │ Decisive Rule Disclosed │ not_applicable │ The trial passed (reward = 1), so │
review / pass2	UNKNOWN STEP	2026-08-15T06:42:26.9767239Z │                         │                │ decisive_rule_disclosed is not    │
review / pass2	UNKNOWN STEP	2026-08-15T06:42:26.9767442Z │                         │                │ applicable.                       │
review / pass2	UNKNOWN STEP	2026-08-15T06:42:26.9767675Z ├─────────────────────────┼────────────────┼───────────────────────────────────┤
review / pass2	UNKNOWN STEP	2026-08-15T06:42:26.9767914Z │ Spec Consistency        │ not_applicable │ The trial passed (reward = 1), so │
review / pass2	UNKNOWN STEP	2026-08-15T06:42:26.9768150Z │                         │                │ spec_consistency is not           │
review / pass2	UNKNOWN STEP	2026-08-15T06:42:26.9768352Z │                         │                │ applicable.                       │
review / pass2	UNKNOWN STEP	2026-08-15T06:42:26.9768647Z └─────────────────────────┴────────────────┴───────────────────────────────────┘
review / pass2	UNKNOWN STEP	2026-08-15T06:42:27.0305963Z ##[group]Run python3 tools/claude_costs.py extract-harbor-analysis \
review / pass2	UNKNOWN STEP	2026-08-15T06:42:27.0306215Z ^[[36;1mpython3 tools/claude_costs.py extract-harbor-analysis \^[[0m
review / pass2	UNKNOWN STEP	2026-08-15T06:42:27.0306398Z ^[[36;1m  --stage pass2-analyze \^[[0m
review / pass2	UNKNOWN STEP	2026-08-15T06:42:27.0306534Z ^[[36;1m  --model claude-sonnet-4-6 \^[[0m
review / pass2	UNKNOWN STEP	2026-08-15T06:42:27.0306693Z ^[[36;1m  --cost-dir "$RUNNER_TEMP/claude-costs" \^[[0m
review / pass2	UNKNOWN STEP	2026-08-15T06:42:27.0306843Z ^[[36;1m  pass2-analyze/^[[0m
review / pass2	UNKNOWN STEP	2026-08-15T06:42:27.0307000Z ^[[36;1mpython3 tools/claude_costs.py extract-harbor-trials \^[[0m
review / pass2	UNKNOWN STEP	2026-08-15T06:42:27.0307170Z ^[[36;1m  --stage pass2-agent-trial \^[[0m
review / pass2	UNKNOWN STEP	2026-08-15T06:42:27.0307318Z ^[[36;1m  --cost-dir "$RUNNER_TEMP/claude-costs" \^[[0m
review / pass2	UNKNOWN STEP	2026-08-15T06:42:27.0307466Z ^[[36;1m  pass2-output/^[[0m
review / pass2	UNKNOWN STEP	2026-08-15T06:42:27.0317680Z shell: /usr/bin/bash -e {0}
review / pass2	UNKNOWN STEP	2026-08-15T06:42:27.0317805Z env:
review / pass2	UNKNOWN STEP	2026-08-15T06:42:27.0318895Z   GH_TOKEN: ***
review / pass2	UNKNOWN STEP	2026-08-15T06:42:27.0319066Z   REPO: handshake-project-dynamo/dynamo-1573c1a-data-querying-and-databases
review / pass2	UNKNOWN STEP	2026-08-15T06:42:27.0319289Z   PR_NUMBER: 5
review / pass2	UNKNOWN STEP	2026-08-15T06:42:27.0319398Z   BLACKSMITH_RUNNER_MESSAGE_WAIT_MS: 864
review / pass2	UNKNOWN STEP	2026-08-15T06:42:27.0319542Z   BLACKSMITH_RUNNER_ACQUIRE_JOB_MS: 1088
review / pass2	UNKNOWN STEP	2026-08-15T06:42:27.0319742Z   GITHUB_REPO_NAME: handshake-project-dynamo/dynamo-1573c1a-data-querying-and-databases
review / pass2	UNKNOWN STEP	2026-08-15T06:42:27.0319979Z   pythonLocation: /opt/hostedtoolcache/Python/3.11.14/x64
review / pass2	UNKNOWN STEP	2026-08-15T06:42:27.0320176Z   PKG_CONFIG_PATH: /opt/hostedtoolcache/Python/3.11.14/x64/lib/pkgconfig
review / pass2	UNKNOWN STEP	2026-08-15T06:42:27.0320377Z   Python_ROOT_DIR: /opt/hostedtoolcache/Python/3.11.14/x64
review / pass2	UNKNOWN STEP	2026-08-15T06:42:27.0320564Z   Python2_ROOT_DIR: /opt/hostedtoolcache/Python/3.11.14/x64
review / pass2	UNKNOWN STEP	2026-08-15T06:42:27.0320744Z   Python3_ROOT_DIR: /opt/hostedtoolcache/Python/3.11.14/x64
review / pass2	UNKNOWN STEP	2026-08-15T06:42:27.0320929Z   LD_LIBRARY_PATH: /opt/hostedtoolcache/Python/3.11.14/x64/lib
review / pass2	UNKNOWN STEP	2026-08-15T06:42:27.0321107Z   UV_CACHE_DIR: /home/runner/_work/_temp/setup-uv-cache
review / pass2	UNKNOWN STEP	2026-08-15T06:42:27.0321259Z ##[endgroup]
review / pass2	UNKNOWN STEP	2026-08-15T06:42:27.0873571Z Node 20 is being deprecated. This workflow is running with Node 24 by default. If you need to temporarily use Node 20, you can set the ACTIONS_ALLOW_USE_UNSECURE_NODE_VERSION=true environment variable. For more information see: https://github.blog/changelog/2025-09-19-deprecation-of-node-20-on-github-actions-runners/
review / pass2	UNKNOWN STEP	2026-08-15T06:42:27.0874208Z ##[group]Run actions/upload-artifact@ea165f8d65b6e75b540449e92b4886f43607fa02
review / pass2	UNKNOWN STEP	2026-08-15T06:42:27.0874401Z with:
review / pass2	UNKNOWN STEP	2026-08-15T06:42:27.0874506Z   name: pass2-output
review / pass2	UNKNOWN STEP	2026-08-15T06:42:27.0874621Z   path: pass2-output/
review / pass2	UNKNOWN STEP	2026-08-15T06:42:27.0874738Z   if-no-files-found: ignore
review / pass2	UNKNOWN STEP	2026-08-15T06:42:27.0874865Z   compression-level: 6
review / pass2	UNKNOWN STEP	2026-08-15T06:42:27.0874976Z   overwrite: false
review / pass2	UNKNOWN STEP	2026-08-15T06:42:27.0875090Z   include-hidden-files: false
review / pass2	UNKNOWN STEP	2026-08-15T06:42:27.0875215Z env:
review / pass2	UNKNOWN STEP	2026-08-15T06:42:27.0876325Z   GH_TOKEN: ***
review / pass2	UNKNOWN STEP	2026-08-15T06:42:27.0876501Z   REPO: handshake-project-dynamo/dynamo-1573c1a-data-querying-and-databases
review / pass2	UNKNOWN STEP	2026-08-15T06:42:27.0876728Z   PR_NUMBER: 5
review / pass2	UNKNOWN STEP	2026-08-15T06:42:27.0876841Z   BLACKSMITH_RUNNER_MESSAGE_WAIT_MS: 864
review / pass2	UNKNOWN STEP	2026-08-15T06:42:27.0877233Z   BLACKSMITH_RUNNER_ACQUIRE_JOB_MS: 1088
review / pass2	UNKNOWN STEP	2026-08-15T06:42:27.0877448Z   GITHUB_REPO_NAME: handshake-project-dynamo/dynamo-1573c1a-data-querying-and-databases
review / pass2	UNKNOWN STEP	2026-08-15T06:42:27.0877699Z   pythonLocation: /opt/hostedtoolcache/Python/3.11.14/x64
review / pass2	UNKNOWN STEP	2026-08-15T06:42:27.0877909Z   PKG_CONFIG_PATH: /opt/hostedtoolcache/Python/3.11.14/x64/lib/pkgconfig
review / pass2	UNKNOWN STEP	2026-08-15T06:42:27.0878119Z   Python_ROOT_DIR: /opt/hostedtoolcache/Python/3.11.14/x64
review / pass2	UNKNOWN STEP	2026-08-15T06:42:27.0878309Z   Python2_ROOT_DIR: /opt/hostedtoolcache/Python/3.11.14/x64
review / pass2	UNKNOWN STEP	2026-08-15T06:42:27.0878498Z   Python3_ROOT_DIR: /opt/hostedtoolcache/Python/3.11.14/x64
review / pass2	UNKNOWN STEP	2026-08-15T06:42:27.0878693Z   LD_LIBRARY_PATH: /opt/hostedtoolcache/Python/3.11.14/x64/lib
review / pass2	UNKNOWN STEP	2026-08-15T06:42:27.0878879Z   UV_CACHE_DIR: /home/runner/_work/_temp/setup-uv-cache
review / pass2	UNKNOWN STEP	2026-08-15T06:42:27.0879031Z ##[endgroup]
review / pass2	UNKNOWN STEP	2026-08-15T06:42:27.1798712Z (node:7445) [DEP0040] DeprecationWarning: The `punycode` module is deprecated. Please use a userland alternative instead.
review / pass2	UNKNOWN STEP	2026-08-15T06:42:27.1799732Z (Use `node --trace-deprecation ...` to show where the warning was created)
review / pass2	UNKNOWN STEP	2026-08-15T06:42:27.1880522Z With the provided path, there will be 33 files uploaded
review / pass2	UNKNOWN STEP	2026-08-15T06:42:27.1883017Z Artifact name is valid!
review / pass2	UNKNOWN STEP	2026-08-15T06:42:27.1883295Z Root directory input is valid!
review / pass2	UNKNOWN STEP	2026-08-15T06:42:27.4673658Z Beginning upload of artifact content to blob storage
review / pass2	UNKNOWN STEP	2026-08-15T06:42:27.5048188Z (node:7445) [DEP0169] DeprecationWarning: `url.parse()` behavior is not standardized and prone to errors that have security implications. Use the WHATWG URL API instead. CVEs are not issued for `url.parse()` vulnerabilities.
review / pass2	UNKNOWN STEP	2026-08-15T06:42:27.9236409Z Uploaded bytes 225767
review / pass2	UNKNOWN STEP	2026-08-15T06:42:27.9847843Z Finished uploading artifact content to blob storage!
review / pass2	UNKNOWN STEP	2026-08-15T06:42:27.9848146Z SHA256 digest of uploaded artifact zip is 9594ebd9b781ac731075ff0858be950a39dd165565a9638d906e48906896de00
review / pass2	UNKNOWN STEP	2026-08-15T06:42:27.9849172Z Finalizing artifact upload
review / pass2	UNKNOWN STEP	2026-08-15T06:42:28.3220657Z Artifact pass2-output.zip successfully finalized. Artifact ID 9243175938
review / pass2	UNKNOWN STEP	2026-08-15T06:42:28.3221148Z Artifact pass2-output has been successfully uploaded! Final size is 225767 bytes. Artifact ID is 9243175938
review / pass2	UNKNOWN STEP	2026-08-15T06:42:28.3224452Z Artifact download URL: https://github.com/handshake-project-dynamo/dynamo-1573c1a-data-querying-and-databases/actions/runs/31869087653/artifacts/9243175938
review / pass2	UNKNOWN STEP	2026-08-15T06:42:28.3298779Z Node 20 is being deprecated. This workflow is running with Node 24 by default. If you need to temporarily use Node 20, you can set the ACTIONS_ALLOW_USE_UNSECURE_NODE_VERSION=true environment variable. For more information see: https://github.blog/changelog/2025-09-19-deprecation-of-node-20-on-github-actions-runners/
review / pass2	UNKNOWN STEP	2026-08-15T06:42:28.3299408Z ##[group]Run actions/upload-artifact@ea165f8d65b6e75b540449e92b4886f43607fa02
review / pass2	UNKNOWN STEP	2026-08-15T06:42:28.3299601Z with:
review / pass2	UNKNOWN STEP	2026-08-15T06:42:28.3299732Z   name: claude-costs-partial-attempt-1-pass2
review / pass2	UNKNOWN STEP	2026-08-15T06:42:28.3299930Z   path: /home/runner/_work/_temp/claude-costs/
review / pass2	UNKNOWN STEP	2026-08-15T06:42:28.3300083Z   if-no-files-found: ignore
review / pass2	UNKNOWN STEP	2026-08-15T06:42:28.3300206Z   retention-days: 1
review / pass2	UNKNOWN STEP	2026-08-15T06:42:28.3300318Z   compression-level: 6
review / pass2	UNKNOWN STEP	2026-08-15T06:42:28.3300434Z   overwrite: false
review / pass2	UNKNOWN STEP	2026-08-15T06:42:28.3300546Z   include-hidden-files: false
review / pass2	UNKNOWN STEP	2026-08-15T06:42:28.3300671Z env:
review / pass2	UNKNOWN STEP	2026-08-15T06:42:28.3301787Z   GH_TOKEN: ***
review / pass2	UNKNOWN STEP	2026-08-15T06:42:28.3301987Z   REPO: handshake-project-dynamo/dynamo-1573c1a-data-querying-and-databases
review / pass2	UNKNOWN STEP	2026-08-15T06:42:28.3302185Z   PR_NUMBER: 5
review / pass2	UNKNOWN STEP	2026-08-15T06:42:28.3302314Z   BLACKSMITH_RUNNER_MESSAGE_WAIT_MS: 864
review / pass2	UNKNOWN STEP	2026-08-15T06:42:28.3302494Z   BLACKSMITH_RUNNER_ACQUIRE_JOB_MS: 1088
review / pass2	UNKNOWN STEP	2026-08-15T06:42:28.3302709Z   GITHUB_REPO_NAME: handshake-project-dynamo/dynamo-1573c1a-data-querying-and-databases
review / pass2	UNKNOWN STEP	2026-08-15T06:42:28.3302955Z   pythonLocation: /opt/hostedtoolcache/Python/3.11.14/x64
review / pass2	UNKNOWN STEP	2026-08-15T06:42:28.3303170Z   PKG_CONFIG_PATH: /opt/hostedtoolcache/Python/3.11.14/x64/lib/pkgconfig
review / pass2	UNKNOWN STEP	2026-08-15T06:42:28.3303387Z   Python_ROOT_DIR: /opt/hostedtoolcache/Python/3.11.14/x64
review / pass2	UNKNOWN STEP	2026-08-15T06:42:28.3303575Z   Python2_ROOT_DIR: /opt/hostedtoolcache/Python/3.11.14/x64
review / pass2	UNKNOWN STEP	2026-08-15T06:42:28.3303765Z   Python3_ROOT_DIR: /opt/hostedtoolcache/Python/3.11.14/x64
review / pass2	UNKNOWN STEP	2026-08-15T06:42:28.3303960Z   LD_LIBRARY_PATH: /opt/hostedtoolcache/Python/3.11.14/x64/lib
review / pass2	UNKNOWN STEP	2026-08-15T06:42:28.3304147Z   UV_CACHE_DIR: /home/runner/_work/_temp/setup-uv-cache
review / pass2	UNKNOWN STEP	2026-08-15T06:42:28.3304304Z ##[endgroup]
review / pass2	UNKNOWN STEP	2026-08-15T06:42:28.4107457Z (node:7458) [DEP0040] DeprecationWarning: The `punycode` module is deprecated. Please use a userland alternative instead.
review / pass2	UNKNOWN STEP	2026-08-15T06:42:28.4107826Z (Use `node --trace-deprecation ...` to show where the warning was created)
review / pass2	UNKNOWN STEP	2026-08-15T06:42:28.4133221Z With the provided path, there will be 3 files uploaded
review / pass2	UNKNOWN STEP	2026-08-15T06:42:28.4135729Z Artifact name is valid!
review / pass2	UNKNOWN STEP	2026-08-15T06:42:28.4136573Z Root directory input is valid!
review / pass2	UNKNOWN STEP	2026-08-15T06:42:28.6770483Z Beginning upload of artifact content to blob storage
review / pass2	UNKNOWN STEP	2026-08-15T06:42:28.6891755Z (node:7458) [DEP0169] DeprecationWarning: `url.parse()` behavior is not standardized and prone to errors that have security implications. Use the WHATWG URL API instead. CVEs are not issued for `url.parse()` vulnerabilities.
review / pass2	UNKNOWN STEP	2026-08-15T06:42:28.9251687Z Uploaded bytes 1943
review / pass2	UNKNOWN STEP	2026-08-15T06:42:28.9902674Z Finished uploading artifact content to blob storage!
review / pass2	UNKNOWN STEP	2026-08-15T06:42:28.9903499Z SHA256 digest of uploaded artifact zip is e32bdd883c6f90609603ee13c2065860acaec6e50159cd97bb1e5cf16cf401af
review / pass2	UNKNOWN STEP	2026-08-15T06:42:28.9903984Z Finalizing artifact upload
review / pass2	UNKNOWN STEP	2026-08-15T06:42:29.3149791Z Artifact claude-costs-partial-attempt-1-pass2.zip successfully finalized. Artifact ID 9243176104
review / pass2	UNKNOWN STEP	2026-08-15T06:42:29.3150182Z Artifact claude-costs-partial-attempt-1-pass2 has been successfully uploaded! Final size is 1943 bytes. Artifact ID is 9243176104
review / pass2	UNKNOWN STEP	2026-08-15T06:42:29.3153604Z Artifact download URL: https://github.com/handshake-project-dynamo/dynamo-1573c1a-data-querying-and-databases/actions/runs/31869087653/artifacts/9243176104
review / pass2	UNKNOWN STEP	2026-08-15T06:42:29.3214867Z ##[group]Run python3 - <<'PY' > comment.md
review / pass2	UNKNOWN STEP	2026-08-15T06:42:29.3215147Z ^[[36;1mpython3 - <<'PY' > comment.md^[[0m
review / pass2	UNKNOWN STEP	2026-08-15T06:42:29.3215287Z ^[[36;1mimport json, glob, os^[[0m
review / pass2	UNKNOWN STEP	2026-08-15T06:42:29.3215509Z ^[[36;1m# Timeout taxonomy — see the pass@5 step. AgentTimeoutError still runs the verifier^[[0m
review / pass2	UNKNOWN STEP	2026-08-15T06:42:29.3215802Z ^[[36;1m# (reward 0/1): reward>=1 -> SOLVED; reward 0 + low_timeout=PASS (stuck/looping, had enough^[[0m
review / pass2	UNKNOWN STEP	2026-08-15T06:42:29.3216085Z ^[[36;1m# time) -> VALID fail; reward 0 + low_timeout=FAIL/NA (still progressing) -> invalid;^[[0m
review / pass2	UNKNOWN STEP	2026-08-15T06:42:29.3216345Z ^[[36;1m# setup/verifier timeouts and reward-null timeouts -> invalid (infra).^[[0m
review / pass2	UNKNOWN STEP	2026-08-15T06:42:29.3216638Z ^[[36;1mSETUP_TIMEOUTS = {"EnvironmentStartTimeoutError","AgentSetupTimeoutError","VerifierTimeoutError"}^[[0m
review / pass2	UNKNOWN STEP	2026-08-15T06:42:29.3216885Z ^[[36;1mdef _outcome(a, check):^[[0m
review / pass2	UNKNOWN STEP	2026-08-15T06:42:29.3217050Z ^[[36;1m    o=((a.get("checks") or {}).get(check) or {}).get("outcome")^[[0m
review / pass2	UNKNOWN STEP	2026-08-15T06:42:29.3217305Z ^[[36;1m    v=(o.get("value") if isinstance(o,dict) else o)^[[0m
review / pass2	UNKNOWN STEP	2026-08-15T06:42:29.3217491Z ^[[36;1m    return v.lower() if isinstance(v,str) else None^[[0m
review / pass2	UNKNOWN STEP	2026-08-15T06:42:29.3217646Z ^[[36;1mtrials=[]^[[0m
review / pass2	UNKNOWN STEP	2026-08-15T06:42:29.3217805Z ^[[36;1mfor rj in sorted(glob.glob("pass2-output/*/*/result.json")):^[[0m
review / pass2	UNKNOWN STEP	2026-08-15T06:42:29.3218020Z ^[[36;1m    tdir=os.path.dirname(rj); name=os.path.basename(tdir)^[[0m
review / pass2	UNKNOWN STEP	2026-08-15T06:42:29.3218192Z ^[[36;1m    if "__" not in name:^[[0m
review / pass2	UNKNOWN STEP	2026-08-15T06:42:29.3218326Z ^[[36;1m        continue^[[0m
review / pass2	UNKNOWN STEP	2026-08-15T06:42:29.3218449Z ^[[36;1m    try: d=json.load(open(rj))^[[0m
review / pass2	UNKNOWN STEP	2026-08-15T06:42:29.3218594Z ^[[36;1m    except Exception: continue^[[0m
review / pass2	UNKNOWN STEP	2026-08-15T06:42:29.3218773Z ^[[36;1m    vr=d.get("verifier_result") or {}; rws=vr.get("rewards") or {}^[[0m
review / pass2	UNKNOWN STEP	2026-08-15T06:42:29.3218947Z ^[[36;1m    r=None^[[0m
review / pass2	UNKNOWN STEP	2026-08-15T06:42:29.3219059Z ^[[36;1m    if rws:^[[0m
review / pass2	UNKNOWN STEP	2026-08-15T06:42:29.3219192Z ^[[36;1m        try: r=float(next(iter(rws.values())))^[[0m
review / pass2	UNKNOWN STEP	2026-08-15T06:42:29.3219351Z ^[[36;1m        except Exception: r=None^[[0m
review / pass2	UNKNOWN STEP	2026-08-15T06:42:29.3219535Z ^[[36;1m    exc=(d.get("exception_info") or {}).get("exception_type")^[[0m
review / pass2	UNKNOWN STEP	2026-08-15T06:42:29.3219709Z ^[[36;1m    av=lt=None; analyzed=False^[[0m
review / pass2	UNKNOWN STEP	2026-08-15T06:42:29.3219840Z ^[[36;1m    try:^[[0m
review / pass2	UNKNOWN STEP	2026-08-15T06:42:29.3219982Z ^[[36;1m        a=json.load(open(os.path.join(tdir,"analysis.json")))^[[0m
review / pass2	UNKNOWN STEP	2026-08-15T06:42:29.3220198Z ^[[36;1m        av=_outcome(a,"approach_validity"); lt=_outcome(a,"low_timeout")^[[0m
review / pass2	UNKNOWN STEP	2026-08-15T06:42:29.3220415Z ^[[36;1m        analyzed=av in ("pass","fail","not_applicable")^[[0m
review / pass2	UNKNOWN STEP	2026-08-15T06:42:29.3220581Z ^[[36;1m    except Exception:^[[0m
review / pass2	UNKNOWN STEP	2026-08-15T06:42:29.3220712Z ^[[36;1m        analyzed=False^[[0m
review / pass2	UNKNOWN STEP	2026-08-15T06:42:29.3220912Z ^[[36;1m    trials.append(dict(name=name,reward=r,exc=exc,av=av,lt=lt,analyzed=analyzed))^[[0m
review / pass2	UNKNOWN STEP	2026-08-15T06:42:29.3221114Z ^[[36;1mdef categorize(t):^[[0m
review / pass2	UNKNOWN STEP	2026-08-15T06:42:29.3221242Z ^[[36;1m    r=t["reward"]; exc=t["exc"]^[[0m
review / pass2	UNKNOWN STEP	2026-08-15T06:42:29.3221409Z ^[[36;1m    if r is not None and r>=1.0:          return "solved"^[[0m
review / pass2	UNKNOWN STEP	2026-08-15T06:42:29.3221698Z ^[[36;1m    if exc in SETUP_TIMEOUTS:             return "infra"^[[0m
review / pass2	UNKNOWN STEP	2026-08-15T06:42:29.3221890Z ^[[36;1m    if exc and exc!="AgentTimeoutError":  return "infra"^[[0m
review / pass2	UNKNOWN STEP	2026-08-15T06:42:29.3222083Z ^[[36;1m    if not t["analyzed"]:                 return "unanalyzed"^[[0m
review / pass2	UNKNOWN STEP	2026-08-15T06:42:29.3222301Z ^[[36;1m    if t["av"]=="fail":                   return "task_bug"^[[0m
review / pass2	UNKNOWN STEP	2026-08-15T06:42:29.3222466Z ^[[36;1m    if exc=="AgentTimeoutError":^[[0m
review / pass2	UNKNOWN STEP	2026-08-15T06:42:29.3222634Z ^[[36;1m        if r is None:                     return "infra"^[[0m
review / pass2	UNKNOWN STEP	2026-08-15T06:42:29.3222837Z ^[[36;1m        return "valid_fail" if t["lt"]=="pass" else "timeout_progress"^[[0m
review / pass2	UNKNOWN STEP	2026-08-15T06:42:29.3223022Z ^[[36;1m    return "valid_fail"^[[0m
review / pass2	UNKNOWN STEP	2026-08-15T06:42:29.3223168Z ^[[36;1mfor t in trials: t["cat"]=categorize(t)^[[0m
review / pass2	UNKNOWN STEP	2026-08-15T06:42:29.3223317Z ^[[36;1mn=len(trials)^[[0m
review / pass2	UNKNOWN STEP	2026-08-15T06:42:29.3223461Z ^[[36;1msolved=[t for t in trials if t["cat"]=="solved"]^[[0m
review / pass2	UNKNOWN STEP	2026-08-15T06:42:29.3223695Z ^[[36;1mvalid=[t for t in trials if t["cat"]=="valid_fail"]^[[0m
review / pass2	UNKNOWN STEP	2026-08-15T06:42:29.3223887Z ^[[36;1mtask_bug=[t for t in trials if t["cat"]=="task_bug"]^[[0m
review / pass2	UNKNOWN STEP	2026-08-15T06:42:29.3224084Z ^[[36;1mtprog=[t for t in trials if t["cat"]=="timeout_progress"]^[[0m
review / pass2	UNKNOWN STEP	2026-08-15T06:42:29.3224272Z ^[[36;1minfra=[t for t in trials if t["cat"]=="infra"]^[[0m
review / pass2	UNKNOWN STEP	2026-08-15T06:42:29.3224451Z ^[[36;1munan=[t for t in trials if t["cat"]=="unanalyzed"]^[[0m
review / pass2	UNKNOWN STEP	2026-08-15T06:42:29.3224665Z ^[[36;1m# GATE (pass@2 pre-check): proceed to pass@5 iff at least ONE VALID fail.^[[0m
review / pass2	UNKNOWN STEP	2026-08-15T06:42:29.3224863Z ^[[36;1mproceed = len(valid) >= 1^[[0m
review / pass2	UNKNOWN STEP	2026-08-15T06:42:29.3225079Z ^[[36;1mmodel="Model A"   # fellow-facing label; the real model name is intentionally not revealed^[[0m
review / pass2	UNKNOWN STEP	2026-08-15T06:42:29.3225291Z ^[[36;1mdef icon(t):^[[0m
review / pass2	UNKNOWN STEP	2026-08-15T06:42:29.3225408Z ^[[36;1m    c=t["cat"]^[[0m
review / pass2	UNKNOWN STEP	2026-08-15T06:42:29.3225529Z ^[[36;1m    if c=="solved": return "✅"^[[0m
review / pass2	UNKNOWN STEP	2026-08-15T06:42:29.3225681Z ^[[36;1m    if c=="valid_fail": return "❌"^[[0m
review / pass2	UNKNOWN STEP	2026-08-15T06:42:29.3225826Z ^[[36;1m    return "⚠️"^[[0m
review / pass2	UNKNOWN STEP	2026-08-15T06:42:29.3225959Z ^[[36;1mprint("## ⏱️ Pre-check (pass@2)\n")^[[0m
review / pass2	UNKNOWN STEP	2026-08-15T06:42:29.3226310Z ^[[36;1mif n: print(f"**pass@{n}: {len(solved)}/{n} passed** — `{model}` on Daytona (agent-run budget = task timeout_sec, capped 3600s/1hr — working time only, excludes environment startup)\n")^[[0m
review / pass2	UNKNOWN STEP	2026-08-15T06:42:29.3226694Z ^[[36;1melse: print("No pass@2 results were produced — see the run logs.\n")^[[0m
review / pass2	UNKNOWN STEP	2026-08-15T06:42:29.3226924Z ^[[36;1mif n: print("Trials: " + " ".join(icon(t) for t in trials) + "\n")^[[0m
review / pass2	UNKNOWN STEP	2026-08-15T06:42:29.3227180Z ^[[36;1mreason_kind = None   # which block reason fired — drives infra messaging + suggestion gating^[[0m
review / pass2	UNKNOWN STEP	2026-08-15T06:42:29.3227399Z ^[[36;1mif n and proceed:^[[0m
review / pass2	UNKNOWN STEP	2026-08-15T06:42:29.3227639Z ^[[36;1m    print(f"✅ **At least one valid agent failure** ({len(valid)}/{n}) — the task is plausibly hard. Proceeding to pass@5.\n")^[[0m
review / pass2	UNKNOWN STEP	2026-08-15T06:42:29.3227901Z ^[[36;1m    print("**Rerun Recommended: NO**\n")^[[0m
review / pass2	UNKNOWN STEP	2026-08-15T06:42:29.3228049Z ^[[36;1melif n:^[[0m
review / pass2	UNKNOWN STEP	2026-08-15T06:42:29.3228165Z ^[[36;1m    if unan:^[[0m
review / pass2	UNKNOWN STEP	2026-08-15T06:42:29.3228286Z ^[[36;1m        reason_kind = "unanalyzed"^[[0m
review / pass2	UNKNOWN STEP	2026-08-15T06:42:29.3228579Z ^[[36;1m        print("❌ **Blocked — analysis incomplete.** A failing trial could not be classified, so a valid fail can't be confirmed. Re-run.\n")^[[0m
review / pass2	UNKNOWN STEP	2026-08-15T06:42:29.3228866Z ^[[36;1m    elif len(solved)==n:^[[0m
review / pass2	UNKNOWN STEP	2026-08-15T06:42:29.3229003Z ^[[36;1m        reason_kind = "too_easy"^[[0m
review / pass2	UNKNOWN STEP	2026-08-15T06:42:29.3229313Z ^[[36;1m        print(f"❌ **Blocked — no valid fail.** The agent solved all {n}/{n} runs (passed the tests, even if it timed out); the task looks too easy. Make it harder.\n")^[[0m
review / pass2	UNKNOWN STEP	2026-08-15T06:42:29.3229609Z ^[[36;1m    elif task_bug:^[[0m
review / pass2	UNKNOWN STEP	2026-08-15T06:42:29.3229736Z ^[[36;1m        reason_kind = "task_bug"^[[0m
review / pass2	UNKNOWN STEP	2026-08-15T06:42:29.3230136Z ^[[36;1m        print(f"❌ **Blocked — the failure looks like a task/verifier problem** (a sound, permitted approach was defeated), not a genuine agent failure. Fix the task or verifier (see the analysis below), then push again.\n")^[[0m
review / pass2	UNKNOWN STEP	2026-08-15T06:42:29.3230576Z ^[[36;1m    elif tprog:^[[0m
review / pass2	UNKNOWN STEP	2026-08-15T06:42:29.3230708Z ^[[36;1m        reason_kind = "timeout_progress"^[[0m
review / pass2	UNKNOWN STEP	2026-08-15T06:42:29.3231101Z ^[[36;1m        print(f"❌ **Blocked — the only non-passing run(s) were still making progress when the timeout hit**, not genuinely stumped. Raise [agent].timeout_sec so the agent can finish, then re-run.\n")^[[0m
review / pass2	UNKNOWN STEP	2026-08-15T06:42:29.3231453Z ^[[36;1m    else:^[[0m
review / pass2	UNKNOWN STEP	2026-08-15T06:42:29.3231570Z ^[[36;1m        reason_kind = "infra"^[[0m
review / pass2	UNKNOWN STEP	2026-08-15T06:42:29.3231733Z ^[[36;1m        errs=sorted({t['exc'] for t in infra if t['exc']})^[[0m
review / pass2	UNKNOWN STEP	2026-08-15T06:42:29.3231951Z ^[[36;1m        ej=", ".join(f"`{e}`" for e in errs) if errs else "an infrastructure error"^[[0m
review / pass2	UNKNOWN STEP	2026-08-15T06:42:29.3232747Z ^[[36;1m        print(f"🛠️ **Blocked by an infrastructure error — not a problem with your task.** The automated environment (Daytona) could not build/allocate a sandbox ({ej}), so the agent trials could not run. The pipeline already retried this automatically. **You don't need to change anything** — this needs to be resolved by the project team, not by editing your task. If it keeps happening on re-run, please contact the project team.\n")^[[0m
review / pass2	UNKNOWN STEP	2026-08-15T06:42:29.3233487Z ^[[36;1m    # Rerun guidance: an infra failure may clear on its own; task issues need a fix first.^[[0m
review / pass2	UNKNOWN STEP	2026-08-15T06:42:29.3233715Z ^[[36;1m    print("**Rerun Recommended: YES**\n")^[[0m
review / pass2	UNKNOWN STEP	2026-08-15T06:42:29.3233945Z ^[[36;1m    # Difficulty suggestion is help for GENUINE (task) failures only — never for infra,^[[0m
review / pass2	UNKNOWN STEP	2026-08-15T06:42:29.3234237Z ^[[36;1m    # which the fellow cannot fix (mirrored by the pass2_suggestion job's infra_only guard).^[[0m
review / pass2	UNKNOWN STEP	2026-08-15T06:42:29.3234493Z ^[[36;1m    if reason_kind in ("too_easy", "task_bug", "timeout_progress"):^[[0m
review / pass2	UNKNOWN STEP	2026-08-15T06:42:29.3234915Z ^[[36;1m        print("\n> 💡 On your first attempt, or after you push meaningful revisions, an automated **pass@2 difficulty suggestion** for this task may be posted to help you (advisory only; it does not gate the PR).\n")^[[0m
review / pass2	UNKNOWN STEP	2026-08-15T06:42:29.3235554Z ^[[36;1mif n: print(f"<sub>Breakdown: {len(solved)} solved · {len(valid)} valid-fail · {len(task_bug)} task/verifier-issue · {len(tprog)} in-progress-timeout · {len(infra)} infra/setup-timeout · {len(unan)} unanalyzed</sub>\n")^[[0m
review / pass2	UNKNOWN STEP	2026-08-15T06:42:29.3235972Z ^[[36;1mfor af in sorted(glob.glob("pass2-analyze/*.json")):^[[0m
review / pass2	UNKNOWN STEP	2026-08-15T06:42:29.3236150Z ^[[36;1m    try: a=json.load(open(af))^[[0m
review / pass2	UNKNOWN STEP	2026-08-15T06:42:29.3236297Z ^[[36;1m    except Exception: continue^[[0m
review / pass2	UNKNOWN STEP	2026-08-15T06:42:29.3236441Z ^[[36;1m    js=a.get("job_summary")^[[0m
review / pass2	UNKNOWN STEP	2026-08-15T06:42:29.3236573Z ^[[36;1m    if js:^[[0m
review / pass2	UNKNOWN STEP	2026-08-15T06:42:29.3236738Z ^[[36;1m        print(f"<details><summary>Pass@ Analysis — {model}</summary>\n")^[[0m
review / pass2	UNKNOWN STEP	2026-08-15T06:42:29.3236953Z ^[[36;1m        print(js.replace("<","&lt;").replace(">","&gt;"))^[[0m
review / pass2	UNKNOWN STEP	2026-08-15T06:42:29.3238437Z ^[[36;1m        print("\n</details>\n")^[[0m
review / pass2	UNKNOWN STEP	2026-08-15T06:42:29.3238632Z ^[[36;1mprint(f"📋 [View logs & artifacts]({os.environ.get('RUN_URL','')})")^[[0m
review / pass2	UNKNOWN STEP	2026-08-15T06:42:29.3238860Z ^[[36;1mwith open(os.environ["GITHUB_OUTPUT"],"a") as o:^[[0m
review / pass2	UNKNOWN STEP	2026-08-15T06:42:29.3239060Z ^[[36;1m    o.write(f"proceed={'true' if proceed else 'false'}\n")^[[0m
review / pass2	UNKNOWN STEP	2026-08-15T06:42:29.3239246Z ^[[36;1m    o.write(f"valid={len(valid)}\n")^[[0m
review / pass2	UNKNOWN STEP	2026-08-15T06:42:29.3239400Z ^[[36;1m    o.write(f"n={n}\n")^[[0m
review / pass2	UNKNOWN STEP	2026-08-15T06:42:29.3239583Z ^[[36;1m    o.write(f"infra_only={'true' if reason_kind=='infra' else 'false'}\n")^[[0m
review / pass2	UNKNOWN STEP	2026-08-15T06:42:29.3239770Z ^[[36;1mPY^[[0m
review / pass2	UNKNOWN STEP	2026-08-15T06:42:29.3249981Z shell: /usr/bin/bash -e {0}
review / pass2	UNKNOWN STEP	2026-08-15T06:42:29.3250213Z env:
review / pass2	UNKNOWN STEP	2026-08-15T06:42:29.3251331Z   GH_TOKEN: ***
review / pass2	UNKNOWN STEP	2026-08-15T06:42:29.3251515Z   REPO: handshake-project-dynamo/dynamo-1573c1a-data-querying-and-databases
review / pass2	UNKNOWN STEP	2026-08-15T06:42:29.3251723Z   PR_NUMBER: 5
review / pass2	UNKNOWN STEP	2026-08-15T06:42:29.3251841Z   BLACKSMITH_RUNNER_MESSAGE_WAIT_MS: 864
review / pass2	UNKNOWN STEP	2026-08-15T06:42:29.3251989Z   BLACKSMITH_RUNNER_ACQUIRE_JOB_MS: 1088
review / pass2	UNKNOWN STEP	2026-08-15T06:42:29.3252208Z   GITHUB_REPO_NAME: handshake-project-dynamo/dynamo-1573c1a-data-querying-and-databases
review / pass2	UNKNOWN STEP	2026-08-15T06:42:29.3252584Z   pythonLocation: /opt/hostedtoolcache/Python/3.11.14/x64
review / pass2	UNKNOWN STEP	2026-08-15T06:42:29.3252799Z   PKG_CONFIG_PATH: /opt/hostedtoolcache/Python/3.11.14/x64/lib/pkgconfig
review / pass2	UNKNOWN STEP	2026-08-15T06:42:29.3253011Z   Python_ROOT_DIR: /opt/hostedtoolcache/Python/3.11.14/x64
review / pass2	UNKNOWN STEP	2026-08-15T06:42:29.3253206Z   Python2_ROOT_DIR: /opt/hostedtoolcache/Python/3.11.14/x64
review / pass2	UNKNOWN STEP	2026-08-15T06:42:29.3253396Z   Python3_ROOT_DIR: /opt/hostedtoolcache/Python/3.11.14/x64
review / pass2	UNKNOWN STEP	2026-08-15T06:42:29.3253590Z   LD_LIBRARY_PATH: /opt/hostedtoolcache/Python/3.11.14/x64/lib
review / pass2	UNKNOWN STEP	2026-08-15T06:42:29.3253783Z   UV_CACHE_DIR: /home/runner/_work/_temp/setup-uv-cache
review / pass2	UNKNOWN STEP	2026-08-15T06:42:29.3254081Z   RUN_URL: https://github.com/handshake-project-dynamo/dynamo-1573c1a-data-querying-and-databases/actions/runs/31869087653
review / pass2	UNKNOWN STEP	2026-08-15T06:42:29.3254356Z ##[endgroup]
review / pass2	UNKNOWN STEP	2026-08-15T06:42:29.3432756Z Node 20 is being deprecated. This workflow is running with Node 24 by default. If you need to temporarily use Node 20, you can set the ACTIONS_ALLOW_USE_UNSECURE_NODE_VERSION=true environment variable. For more information see: https://github.blog/changelog/2025-09-19-deprecation-of-node-20-on-github-actions-runners/
review / pass2	UNKNOWN STEP	2026-08-15T06:42:29.3433406Z ##[group]Run marocchino/sticky-pull-request-comment@773744901bac0e8cbb5a0dc842800d45e9b2b405
review / pass2	UNKNOWN STEP	2026-08-15T06:42:29.3433624Z with:
review / pass2	UNKNOWN STEP	2026-08-15T06:42:29.3433735Z   header: pass2-timeout-check
review / pass2	UNKNOWN STEP	2026-08-15T06:42:29.3433863Z   number: 5
review / pass2	UNKNOWN STEP	2026-08-15T06:42:29.3433965Z   path: comment.md
review / pass2	UNKNOWN STEP	2026-08-15T06:42:29.3434072Z   append: false
review / pass2	UNKNOWN STEP	2026-08-15T06:42:29.3434178Z   recreate: false
review / pass2	UNKNOWN STEP	2026-08-15T06:42:29.3434285Z   delete: false
review / pass2	UNKNOWN STEP	2026-08-15T06:42:29.3434391Z   only_create: false
review / pass2	UNKNOWN STEP	2026-08-15T06:42:29.3434501Z   only_update: false
review / pass2	UNKNOWN STEP	2026-08-15T06:42:29.3434611Z   hide_details: false
review / pass2	UNKNOWN STEP	2026-08-15T06:42:29.3434719Z   hide: false
review / pass2	UNKNOWN STEP	2026-08-15T06:42:29.3434843Z   hide_and_recreate: false
review / pass2	UNKNOWN STEP	2026-08-15T06:42:29.3434964Z   hide_classify: OUTDATED
review / pass2	UNKNOWN STEP	2026-08-15T06:42:29.3435087Z   ignore_empty: false
review / pass2	UNKNOWN STEP	2026-08-15T06:42:29.3435199Z   skip_unchanged: false
review / pass2	UNKNOWN STEP	2026-08-15T06:42:29.3435320Z   follow_symbolic_links: false
review / pass2	UNKNOWN STEP	2026-08-15T06:42:29.3436356Z   GITHUB_TOKEN: ***
review / pass2	UNKNOWN STEP	2026-08-15T06:42:29.3436463Z env:
review / pass2	UNKNOWN STEP	2026-08-15T06:42:29.3437664Z   GH_TOKEN: ***
review / pass2	UNKNOWN STEP	2026-08-15T06:42:29.3437898Z   REPO: handshake-project-dynamo/dynamo-1573c1a-data-querying-and-databases
review / pass2	UNKNOWN STEP	2026-08-15T06:42:29.3438093Z   PR_NUMBER: 5
review / pass2	UNKNOWN STEP	2026-08-15T06:42:29.3438209Z   BLACKSMITH_RUNNER_MESSAGE_WAIT_MS: 864
review / pass2	UNKNOWN STEP	2026-08-15T06:42:29.3438357Z   BLACKSMITH_RUNNER_ACQUIRE_JOB_MS: 1088
review / pass2	UNKNOWN STEP	2026-08-15T06:42:29.3438573Z   GITHUB_REPO_NAME: handshake-project-dynamo/dynamo-1573c1a-data-querying-and-databases
review / pass2	UNKNOWN STEP	2026-08-15T06:42:29.3438817Z   pythonLocation: /opt/hostedtoolcache/Python/3.11.14/x64
review / pass2	UNKNOWN STEP	2026-08-15T06:42:29.3439028Z   PKG_CONFIG_PATH: /opt/hostedtoolcache/Python/3.11.14/x64/lib/pkgconfig
review / pass2	UNKNOWN STEP	2026-08-15T06:42:29.3439243Z   Python_ROOT_DIR: /opt/hostedtoolcache/Python/3.11.14/x64
review / pass2	UNKNOWN STEP	2026-08-15T06:42:29.3439450Z   Python2_ROOT_DIR: /opt/hostedtoolcache/Python/3.11.14/x64
review / pass2	UNKNOWN STEP	2026-08-15T06:42:29.3439637Z   Python3_ROOT_DIR: /opt/hostedtoolcache/Python/3.11.14/x64
review / pass2	UNKNOWN STEP	2026-08-15T06:42:29.3439829Z   LD_LIBRARY_PATH: /opt/hostedtoolcache/Python/3.11.14/x64/lib
review / pass2	UNKNOWN STEP	2026-08-15T06:42:29.3440019Z   UV_CACHE_DIR: /home/runner/_work/_temp/setup-uv-cache
review / pass2	UNKNOWN STEP	2026-08-15T06:42:29.3440174Z ##[endgroup]
review / pass2	UNKNOWN STEP	2026-08-15T06:42:30.8330795Z ##[group]Run if [ "false" != "true" ]; then
review / pass2	UNKNOWN STEP	2026-08-15T06:42:30.8330990Z ^[[36;1mif [ "false" != "true" ]; then^[[0m
review / pass2	UNKNOWN STEP	2026-08-15T06:42:30.8331402Z ^[[36;1m  echo "::error::pass@2: no valid agent failure (0 of 2 runs failed genuinely). pass@5 is skipped until the task produces >=1 valid fail. See the PR comment for the cause (too easy / task-verifier issue / env-infra error)."^[[0m
review / pass2	UNKNOWN STEP	2026-08-15T06:42:30.8331797Z ^[[36;1m  exit 1^[[0m
review / pass2	UNKNOWN STEP	2026-08-15T06:42:30.8331912Z ^[[36;1mfi^[[0m
review / pass2	UNKNOWN STEP	2026-08-15T06:42:30.8332091Z ^[[36;1mecho "pass@2 OK — 0 valid fail(s); proceeding to the automated review."^[[0m
review / pass2	UNKNOWN STEP	2026-08-15T06:42:30.8342699Z shell: /usr/bin/bash -e {0}
review / pass2	UNKNOWN STEP	2026-08-15T06:42:30.8342831Z env:
review / pass2	UNKNOWN STEP	2026-08-15T06:42:30.8344079Z   GH_TOKEN: ***
review / pass2	UNKNOWN STEP	2026-08-15T06:42:30.8344281Z   REPO: handshake-project-dynamo/dynamo-1573c1a-data-querying-and-databases
review / pass2	UNKNOWN STEP	2026-08-15T06:42:30.8344680Z   PR_NUMBER: 5
review / pass2	UNKNOWN STEP	2026-08-15T06:42:30.8344800Z   BLACKSMITH_RUNNER_MESSAGE_WAIT_MS: 864
review / pass2	UNKNOWN STEP	2026-08-15T06:42:30.8344975Z   BLACKSMITH_RUNNER_ACQUIRE_JOB_MS: 1088
review / pass2	UNKNOWN STEP	2026-08-15T06:42:30.8345200Z   GITHUB_REPO_NAME: handshake-project-dynamo/dynamo-1573c1a-data-querying-and-databases
review / pass2	UNKNOWN STEP	2026-08-15T06:42:30.8345456Z   pythonLocation: /opt/hostedtoolcache/Python/3.11.14/x64
review / pass2	UNKNOWN STEP	2026-08-15T06:42:30.8345676Z   PKG_CONFIG_PATH: /opt/hostedtoolcache/Python/3.11.14/x64/lib/pkgconfig
review / pass2	UNKNOWN STEP	2026-08-15T06:42:30.8345894Z   Python_ROOT_DIR: /opt/hostedtoolcache/Python/3.11.14/x64
review / pass2	UNKNOWN STEP	2026-08-15T06:42:30.8346094Z   Python2_ROOT_DIR: /opt/hostedtoolcache/Python/3.11.14/x64
review / pass2	UNKNOWN STEP	2026-08-15T06:42:30.8346287Z   Python3_ROOT_DIR: /opt/hostedtoolcache/Python/3.11.14/x64
review / pass2	UNKNOWN STEP	2026-08-15T06:42:30.8346506Z   LD_LIBRARY_PATH: /opt/hostedtoolcache/Python/3.11.14/x64/lib
review / pass2	UNKNOWN STEP	2026-08-15T06:42:30.8346702Z   UV_CACHE_DIR: /home/runner/_work/_temp/setup-uv-cache
review / pass2	UNKNOWN STEP	2026-08-15T06:42:30.8346861Z ##[endgroup]
review / pass2	UNKNOWN STEP	2026-08-15T06:42:30.8378152Z ##[error]pass@2: no valid agent failure (0 of 2 runs failed genuinely). pass@5 is skipped until the task produces >=1 valid fail. See the PR comment for the cause (too easy / task-verifier issue / env-infra error).
review / pass2	UNKNOWN STEP	2026-08-15T06:42:30.8382772Z ##[error]Process completed with exit code 1.
review / pass2	UNKNOWN STEP	2026-08-15T06:42:30.8403666Z ##[group]Run mkdir -p "$RUNNER_TEMP/stage-outputs"
review / pass2	UNKNOWN STEP	2026-08-15T06:42:30.8403889Z ^[[36;1mmkdir -p "$RUNNER_TEMP/stage-outputs"^[[0m
review / pass2	UNKNOWN STEP	2026-08-15T06:42:30.8404103Z ^[[36;1mjq -n --arg valid "${VALID:-0}" --arg proceed "${PROCEED:-false}" \^[[0m
review / pass2	UNKNOWN STEP	2026-08-15T06:42:30.8404381Z ^[[36;1m      --arg infra_only "${INFRA_ONLY:-false}" --arg origin_run_id "$GITHUB_RUN_ID" \^[[0m
review / pass2	UNKNOWN STEP	2026-08-15T06:42:30.8404680Z ^[[36;1m  '{valid: $valid, proceed: $proceed, infra_only: $infra_only, origin_run_id: $origin_run_id}' \^[[0m
review / pass2	UNKNOWN STEP	2026-08-15T06:42:30.8404939Z ^[[36;1m  > "$RUNNER_TEMP/stage-outputs/pass2-outputs.json"^[[0m
review / pass2	UNKNOWN STEP	2026-08-15T06:42:30.8411858Z shell: /usr/bin/bash -e {0}
review / pass2	UNKNOWN STEP	2026-08-15T06:42:30.8411987Z env:
review / pass2	UNKNOWN STEP	2026-08-15T06:42:30.8413088Z   GH_TOKEN: ***
review / pass2	UNKNOWN STEP	2026-08-15T06:42:30.8413272Z   REPO: handshake-project-dynamo/dynamo-1573c1a-data-querying-and-databases
review / pass2	UNKNOWN STEP	2026-08-15T06:42:30.8413481Z   PR_NUMBER: 5
review / pass2	UNKNOWN STEP	2026-08-15T06:42:30.8413606Z   BLACKSMITH_RUNNER_MESSAGE_WAIT_MS: 864
review / pass2	UNKNOWN STEP	2026-08-15T06:42:30.8413775Z   BLACKSMITH_RUNNER_ACQUIRE_JOB_MS: 1088
review / pass2	UNKNOWN STEP	2026-08-15T06:42:30.8414001Z   GITHUB_REPO_NAME: handshake-project-dynamo/dynamo-1573c1a-data-querying-and-databases
review / pass2	UNKNOWN STEP	2026-08-15T06:42:30.8414258Z   pythonLocation: /opt/hostedtoolcache/Python/3.11.14/x64
review / pass2	UNKNOWN STEP	2026-08-15T06:42:30.8414478Z   PKG_CONFIG_PATH: /opt/hostedtoolcache/Python/3.11.14/x64/lib/pkgconfig
review / pass2	UNKNOWN STEP	2026-08-15T06:42:30.8414706Z   Python_ROOT_DIR: /opt/hostedtoolcache/Python/3.11.14/x64
review / pass2	UNKNOWN STEP	2026-08-15T06:42:30.8414912Z   Python2_ROOT_DIR: /opt/hostedtoolcache/Python/3.11.14/x64
review / pass2	UNKNOWN STEP	2026-08-15T06:42:30.8415112Z   Python3_ROOT_DIR: /opt/hostedtoolcache/Python/3.11.14/x64
review / pass2	UNKNOWN STEP	2026-08-15T06:42:30.8415316Z   LD_LIBRARY_PATH: /opt/hostedtoolcache/Python/3.11.14/x64/lib
review / pass2	UNKNOWN STEP	2026-08-15T06:42:30.8415515Z   UV_CACHE_DIR: /home/runner/_work/_temp/setup-uv-cache
review / pass2	UNKNOWN STEP	2026-08-15T06:42:30.8415688Z   VALID: 0
review / pass2	UNKNOWN STEP	2026-08-15T06:42:30.8415798Z   PROCEED: false
review / pass2	UNKNOWN STEP	2026-08-15T06:42:30.8415915Z   INFRA_ONLY: false
review / pass2	UNKNOWN STEP	2026-08-15T06:42:30.8416034Z ##[endgroup]
review / pass2	UNKNOWN STEP	2026-08-15T06:42:30.8477455Z Node 20 is being deprecated. This workflow is running with Node 24 by default. If you need to temporarily use Node 20, you can set the ACTIONS_ALLOW_USE_UNSECURE_NODE_VERSION=true environment variable. For more information see: https://github.blog/changelog/2025-09-19-deprecation-of-node-20-on-github-actions-runners/
review / pass2	UNKNOWN STEP	2026-08-15T06:42:30.8478082Z ##[group]Run actions/upload-artifact@ea165f8d65b6e75b540449e92b4886f43607fa02
review / pass2	UNKNOWN STEP	2026-08-15T06:42:30.8478270Z with:
review / pass2	UNKNOWN STEP	2026-08-15T06:42:30.8478378Z   name: stage-outputs-pass2
review / pass2	UNKNOWN STEP	2026-08-15T06:42:30.8478549Z   path: /home/runner/_work/_temp/stage-outputs/pass2-outputs.json
review / pass2	UNKNOWN STEP	2026-08-15T06:42:30.8478722Z   if-no-files-found: warn
review / pass2	UNKNOWN STEP	2026-08-15T06:42:30.8478846Z   compression-level: 6
review / pass2	UNKNOWN STEP	2026-08-15T06:42:30.8478961Z   overwrite: false
review / pass2	UNKNOWN STEP	2026-08-15T06:42:30.8479177Z   include-hidden-files: false
review / pass2	UNKNOWN STEP	2026-08-15T06:42:30.8479302Z env:
review / pass2	UNKNOWN STEP	2026-08-15T06:42:30.8480331Z   GH_TOKEN: ***
review / pass2	UNKNOWN STEP	2026-08-15T06:42:30.8480520Z   REPO: handshake-project-dynamo/dynamo-1573c1a-data-querying-and-databases
review / pass2	UNKNOWN STEP	2026-08-15T06:42:30.8480715Z   PR_NUMBER: 5
review / pass2	UNKNOWN STEP	2026-08-15T06:42:30.8480829Z   BLACKSMITH_RUNNER_MESSAGE_WAIT_MS: 864
review / pass2	UNKNOWN STEP	2026-08-15T06:42:30.8480981Z   BLACKSMITH_RUNNER_ACQUIRE_JOB_MS: 1088
review / pass2	UNKNOWN STEP	2026-08-15T06:42:30.8481193Z   GITHUB_REPO_NAME: handshake-project-dynamo/dynamo-1573c1a-data-querying-and-databases
review / pass2	UNKNOWN STEP	2026-08-15T06:42:30.8481433Z   pythonLocation: /opt/hostedtoolcache/Python/3.11.14/x64
review / pass2	UNKNOWN STEP	2026-08-15T06:42:30.8481641Z   PKG_CONFIG_PATH: /opt/hostedtoolcache/Python/3.11.14/x64/lib/pkgconfig
review / pass2	UNKNOWN STEP	2026-08-15T06:42:30.8481846Z   Python_ROOT_DIR: /opt/hostedtoolcache/Python/3.11.14/x64
review / pass2	UNKNOWN STEP	2026-08-15T06:42:30.8482029Z   Python2_ROOT_DIR: /opt/hostedtoolcache/Python/3.11.14/x64
review / pass2	UNKNOWN STEP	2026-08-15T06:42:30.8482220Z   Python3_ROOT_DIR: /opt/hostedtoolcache/Python/3.11.14/x64
review / pass2	UNKNOWN STEP	2026-08-15T06:42:30.8482446Z   LD_LIBRARY_PATH: /opt/hostedtoolcache/Python/3.11.14/x64/lib
review / pass2	UNKNOWN STEP	2026-08-15T06:42:30.8482630Z   UV_CACHE_DIR: /home/runner/_work/_temp/setup-uv-cache
review / pass2	UNKNOWN STEP	2026-08-15T06:42:30.8482779Z ##[endgroup]
review / pass2	UNKNOWN STEP	2026-08-15T06:42:30.9272187Z (node:7490) [DEP0040] DeprecationWarning: The `punycode` module is deprecated. Please use a userland alternative instead.
review / pass2	UNKNOWN STEP	2026-08-15T06:42:30.9272578Z (Use `node --trace-deprecation ...` to show where the warning was created)
review / pass2	UNKNOWN STEP	2026-08-15T06:42:30.9294716Z With the provided path, there will be 1 file uploaded
review / pass2	UNKNOWN STEP	2026-08-15T06:42:30.9296948Z Artifact name is valid!
review / pass2	UNKNOWN STEP	2026-08-15T06:42:30.9297166Z Root directory input is valid!
review / pass2	UNKNOWN STEP	2026-08-15T06:42:31.2026413Z Beginning upload of artifact content to blob storage
review / pass2	UNKNOWN STEP	2026-08-15T06:42:31.2173452Z (node:7490) [DEP0169] DeprecationWarning: `url.parse()` behavior is not standardized and prone to errors that have security implications. Use the WHATWG URL API instead. CVEs are not issued for `url.parse()` vulnerabilities.
review / pass2	UNKNOWN STEP	2026-08-15T06:42:31.4534976Z Uploaded bytes 225
review / pass2	UNKNOWN STEP	2026-08-15T06:42:31.5143702Z Finished uploading artifact content to blob storage!
review / pass2	UNKNOWN STEP	2026-08-15T06:42:31.5144362Z SHA256 digest of uploaded artifact zip is dd20f698d569606a4b8c670062af7fb1aa4302754de95dd1c29861b1f3d3fc72
review / pass2	UNKNOWN STEP	2026-08-15T06:42:31.5145018Z Finalizing artifact upload
review / pass2	UNKNOWN STEP	2026-08-15T06:42:31.8671439Z Artifact stage-outputs-pass2.zip successfully finalized. Artifact ID 9243176574
review / pass2	UNKNOWN STEP	2026-08-15T06:42:31.8671767Z Artifact stage-outputs-pass2 has been successfully uploaded! Final size is 225 bytes. Artifact ID is 9243176574
review / pass2	UNKNOWN STEP	2026-08-15T06:42:31.8674846Z Artifact download URL: https://github.com/handshake-project-dynamo/dynamo-1573c1a-data-querying-and-databases/actions/runs/31869087653/artifacts/9243176574
review / pass2	UNKNOWN STEP	2026-08-15T06:42:31.8736120Z ##[group]Run .dynamo/report-unhandled.sh
review / pass2	UNKNOWN STEP	2026-08-15T06:42:31.8736306Z ^[[36;1m.dynamo/report-unhandled.sh^[[0m
review / pass2	UNKNOWN STEP	2026-08-15T06:42:31.8746104Z shell: /usr/bin/bash -e {0}
review / pass2	UNKNOWN STEP	2026-08-15T06:42:31.8746237Z env:
review / pass2	UNKNOWN STEP	2026-08-15T06:42:31.8747267Z   GH_TOKEN: ***
review / pass2	UNKNOWN STEP	2026-08-15T06:42:31.8747447Z   REPO: handshake-project-dynamo/dynamo-1573c1a-data-querying-and-databases
review / pass2	UNKNOWN STEP	2026-08-15T06:42:31.8747654Z   PR_NUMBER: 5
review / pass2	UNKNOWN STEP	2026-08-15T06:42:31.8747781Z   BLACKSMITH_RUNNER_MESSAGE_WAIT_MS: 864
review / pass2	UNKNOWN STEP	2026-08-15T06:42:31.8747932Z   BLACKSMITH_RUNNER_ACQUIRE_JOB_MS: 1088
review / pass2	UNKNOWN STEP	2026-08-15T06:42:31.8748149Z   GITHUB_REPO_NAME: handshake-project-dynamo/dynamo-1573c1a-data-querying-and-databases
review / pass2	UNKNOWN STEP	2026-08-15T06:42:31.8748400Z   pythonLocation: /opt/hostedtoolcache/Python/3.11.14/x64
review / pass2	UNKNOWN STEP	2026-08-15T06:42:31.8748610Z   PKG_CONFIG_PATH: /opt/hostedtoolcache/Python/3.11.14/x64/lib/pkgconfig
review / pass2	UNKNOWN STEP	2026-08-15T06:42:31.8748820Z   Python_ROOT_DIR: /opt/hostedtoolcache/Python/3.11.14/x64
review / pass2	UNKNOWN STEP	2026-08-15T06:42:31.8749026Z   Python2_ROOT_DIR: /opt/hostedtoolcache/Python/3.11.14/x64
review / pass2	UNKNOWN STEP	2026-08-15T06:42:31.8749224Z   Python3_ROOT_DIR: /opt/hostedtoolcache/Python/3.11.14/x64
review / pass2	UNKNOWN STEP	2026-08-15T06:42:31.8749418Z   LD_LIBRARY_PATH: /opt/hostedtoolcache/Python/3.11.14/x64/lib
review / pass2	UNKNOWN STEP	2026-08-15T06:42:31.8749607Z   UV_CACHE_DIR: /home/runner/_work/_temp/setup-uv-cache
review / pass2	UNKNOWN STEP	2026-08-15T06:42:31.8749976Z   DYNAMO_TASK_SIMILARITY_API_TOKEN: ***
review / pass2	UNKNOWN STEP	2026-08-15T06:42:31.8750191Z   DYNAMO_CHECKS_TOKEN: ***
review / pass2	UNKNOWN STEP	2026-08-15T06:42:31.8750320Z ##[endgroup]
review / pass2	UNKNOWN STEP	2026-08-15T06:42:32.5322622Z note: verdict at "Completion gate (red-X + skip pass@5 unless >=1 valid fail)" — the gate already told the PR; not reported.
review / pass2	UNKNOWN STEP	2026-08-15T06:42:32.5373137Z Post job cleanup.
review / pass2	UNKNOWN STEP	2026-08-15T06:42:32.5778166Z [command]/usr/local/bin/git version
review / pass2	UNKNOWN STEP	2026-08-15T06:42:32.5801566Z git version 2.52.0
review / pass2	UNKNOWN STEP	2026-08-15T06:42:32.5815608Z Temporarily overriding HOME='/home/runner/_work/_temp/f4e23450-3706-40d5-ab05-f1f5f142cc0a' before making global git config changes
review / pass2	UNKNOWN STEP	2026-08-15T06:42:32.5816004Z Adding repository directory to the temporary git global config as a safe directory
review / pass2	UNKNOWN STEP	2026-08-15T06:42:32.5818594Z [command]/usr/local/bin/git config --global --add safe.directory /home/runner/_work/dynamo-1573c1a-data-querying-and-databases/dynamo-1573c1a-data-querying-and-databases/submission
review / pass2	UNKNOWN STEP	2026-08-15T06:42:32.5834554Z Removing SSH command configuration
review / pass2	UNKNOWN STEP	2026-08-15T06:42:32.5837419Z [command]/usr/local/bin/git config --local --name-only --get-regexp core\.sshCommand
review / pass2	UNKNOWN STEP	2026-08-15T06:42:32.5856549Z [command]/usr/local/bin/git submodule foreach --recursive sh -c "git config --local --name-only --get-regexp 'core\.sshCommand' && git config --local --unset-all 'core.sshCommand' || :"
review / pass2	UNKNOWN STEP	2026-08-15T06:42:32.5951136Z Removing HTTP extra header
review / pass2	UNKNOWN STEP	2026-08-15T06:42:32.5954535Z [command]/usr/local/bin/git config --local --name-only --get-regexp http\.https\:\/\/github\.com\/\.extraheader
review / pass2	UNKNOWN STEP	2026-08-15T06:42:32.5974760Z [command]/usr/local/bin/git submodule foreach --recursive sh -c "git config --local --name-only --get-regexp 'http\.https\:\/\/github\.com\/\.extraheader' && git config --local --unset-all 'http.https://github.com/.extraheader' || :"
review / pass2	UNKNOWN STEP	2026-08-15T06:42:32.6068305Z Removing includeIf entries pointing to credentials config files
review / pass2	UNKNOWN STEP	2026-08-15T06:42:32.6071138Z [command]/usr/local/bin/git config --local --name-only --get-regexp ^includeIf\.gitdir:
review / pass2	UNKNOWN STEP	2026-08-15T06:42:32.6090564Z [command]/usr/local/bin/git submodule foreach --recursive git config --local --show-origin --name-only --get-regexp remote.origin.url
review / pass2	UNKNOWN STEP	2026-08-15T06:42:32.6246692Z Node 20 is being deprecated. This workflow is running with Node 24 by default. If you need to temporarily use Node 20, you can set the ACTIONS_ALLOW_USE_UNSECURE_NODE_VERSION=true environment variable. For more information see: https://github.blog/changelog/2025-09-19-deprecation-of-node-20-on-github-actions-runners/
review / pass2	UNKNOWN STEP	2026-08-15T06:42:32.6247298Z Post job cleanup.
review / pass2	UNKNOWN STEP	2026-08-15T06:42:32.6632916Z [command]/usr/local/bin/git version
review / pass2	UNKNOWN STEP	2026-08-15T06:42:32.6653547Z git version 2.52.0
review / pass2	UNKNOWN STEP	2026-08-15T06:42:32.6667889Z Temporarily overriding HOME='/home/runner/_work/_temp/cede3b25-5f91-4c49-b026-aa42a60862fb' before making global git config changes
review / pass2	UNKNOWN STEP	2026-08-15T06:42:32.6668256Z Adding repository directory to the temporary git global config as a safe directory
review / pass2	UNKNOWN STEP	2026-08-15T06:42:32.6671007Z [command]/usr/local/bin/git config --global --add safe.directory /home/runner/_work/dynamo-1573c1a-data-querying-and-databases/dynamo-1573c1a-data-querying-and-databases
review / pass2	UNKNOWN STEP	2026-08-15T06:42:32.6691120Z [command]/usr/local/bin/git config --local --name-only --get-regexp core\.sshCommand
review / pass2	UNKNOWN STEP	2026-08-15T06:42:32.6709478Z [command]/usr/local/bin/git submodule foreach --recursive sh -c "git config --local --name-only --get-regexp 'core\.sshCommand' && git config --local --unset-all 'core.sshCommand' || :"
review / pass2	UNKNOWN STEP	2026-08-15T06:42:32.6800556Z [command]/usr/local/bin/git config --local --name-only --get-regexp http\.https\:\/\/github\.com\/\.extraheader
review / pass2	UNKNOWN STEP	2026-08-15T06:42:32.6814498Z http.https://github.com/.extraheader
review / pass2	UNKNOWN STEP	2026-08-15T06:42:32.6818883Z [command]/usr/local/bin/git config --local --unset-all http.https://github.com/.extraheader
review / pass2	UNKNOWN STEP	2026-08-15T06:42:32.6837785Z [command]/usr/local/bin/git submodule foreach --recursive sh -c "git config --local --name-only --get-regexp 'http\.https\:\/\/github\.com\/\.extraheader' && git config --local --unset-all 'http.https://github.com/.extraheader' || :"
review / pass2	UNKNOWN STEP	2026-08-15T06:42:32.6926775Z [command]/usr/local/bin/git config --local --name-only --get-regexp ^includeIf\.gitdir:
review / pass2	UNKNOWN STEP	2026-08-15T06:42:32.6944092Z [command]/usr/local/bin/git submodule foreach --recursive git config --local --show-origin --name-only --get-regexp remote.origin.url
review / pass2	UNKNOWN STEP	2026-08-15T06:42:32.7071395Z A job completed hook has been configured by the self-hosted runner administrator
review / pass2	UNKNOWN STEP	2026-08-15T06:42:32.7093936Z ##[group]Run '/job_completed.sh'
review / pass2	UNKNOWN STEP	2026-08-15T06:42:32.7100725Z shell: /usr/bin/bash --noprofile --norc -e -o pipefail {0}
review / pass2	UNKNOWN STEP	2026-08-15T06:42:32.7100897Z env:
review / pass2	UNKNOWN STEP	2026-08-15T06:42:32.7101017Z   BLACKSMITH_RUNNER_MESSAGE_WAIT_MS: 864
review / pass2	UNKNOWN STEP	2026-08-15T06:42:32.7101168Z   BLACKSMITH_RUNNER_ACQUIRE_JOB_MS: 1088
review / pass2	UNKNOWN STEP	2026-08-15T06:42:32.7101307Z ##[endgroup]
review / pass2	UNKNOWN STEP	2026-08-15T06:42:32.7168277Z Docker container caching not enabled, skipping hash computation.
review / pass2	UNKNOWN STEP	2026-08-15T06:42:32.7208511Z No active SSH sessions detected. Proceeding with shutdown immediately.
review / pass2	UNKNOWN STEP	2026-08-15T06:42:32.7244001Z Evaluate and set job outputs
review / pass2	UNKNOWN STEP	2026-08-15T06:42:32.7247228Z Set output 'valid'
review / pass2	UNKNOWN STEP	2026-08-15T06:42:32.7248055Z Set output 'proceed'
review / pass2	UNKNOWN STEP	2026-08-15T06:42:32.7248323Z Set output 'infra_only'
review / pass2	UNKNOWN STEP	2026-08-15T06:42:32.7248591Z Cleaning up orphan processes
review / pass2	UNKNOWN STEP	2026-08-15T06:42:32.7360852Z ##[warning]Node.js 20 is deprecated. The following actions target Node.js 20 but are being forced to run on Node.js 24: actions/checkout@11d5960a326750d5838078e36cf38b85af677262, actions/setup-python@a26af69be951a213d495a4c3e4e4022e16d87065, actions/upload-artifact@ea165f8d65b6e75b540449e92b4886f43607fa02, astral-sh/setup-uv@38f3f104447c67c051c4a08e39b64a148898af3a, marocchino/sticky-pull-request-comment@773744901bac0e8cbb5a0dc842800d45e9b2b405. For more information see: https://github.blog/changelog/2025-09-19-deprecation-of-node-20-on-github-actions-runners/
review / gate	UNKNOWN STEP	﻿2026-08-15T06:43:01.7350174Z Current runner version: '2.336.0'
review / gate	UNKNOWN STEP	2026-08-15T06:43:01.7354187Z Runner name: 'blacksmith-scale2-01m022hcf97gnwk0ws0yv8djpy-2vcpu'
review / gate	UNKNOWN STEP	2026-08-15T06:43:01.7354889Z Runner group name: 'blacksmith runners 01kxzhx6bc7fnrmw1kcfxms5ah'
review / gate	UNKNOWN STEP	2026-08-15T06:43:01.7355853Z Machine name: 'ip-172-31-64-123'
review / gate	UNKNOWN STEP	2026-08-15T06:43:01.7357877Z ##[group]GITHUB_TOKEN Permissions
review / gate	UNKNOWN STEP	2026-08-15T06:43:01.7359252Z Contents: read
review / gate	UNKNOWN STEP	2026-08-15T06:43:01.7359669Z Metadata: read
review / gate	UNKNOWN STEP	2026-08-15T06:43:01.7360094Z PullRequests: write
review / gate	UNKNOWN STEP	2026-08-15T06:43:01.7360562Z ##[endgroup]
review / gate	UNKNOWN STEP	2026-08-15T06:43:01.7362017Z Secret source: Actions
review / gate	UNKNOWN STEP	2026-08-15T06:43:01.7362818Z Prepare workflow directory
review / gate	UNKNOWN STEP	2026-08-15T06:43:01.7592310Z Prepare all required actions
review / gate	UNKNOWN STEP	2026-08-15T06:43:01.7616173Z Setting BLACKSMITH_ACTIONS_RESULTS_URL to https://results-receiver.actions.githubusercontent.com/
review / gate	UNKNOWN STEP	2026-08-15T06:43:01.7671979Z Uses: handshake-project-dynamo/handshake-orchestration-tb2/.github/workflows/dynamo-review.yml@refs/heads/main (623a2dbaae6fffe4e0cfe4e975c4442ae8ea3116)
review / gate	UNKNOWN STEP	2026-08-15T06:43:01.7675813Z ##[group] Inputs
review / gate	UNKNOWN STEP	2026-08-15T06:43:01.7676577Z   checks_ref: main
review / gate	UNKNOWN STEP	2026-08-15T06:43:01.7677032Z ##[endgroup]
review / gate	UNKNOWN STEP	2026-08-15T06:43:01.7677808Z Complete job name: review / gate
review / gate	UNKNOWN STEP	2026-08-15T06:43:01.8112151Z A job started hook has been configured by the self-hosted runner administrator
review / gate	UNKNOWN STEP	2026-08-15T06:43:01.8512228Z ##[group]Run '/setup.sh'
review / gate	UNKNOWN STEP	2026-08-15T06:43:01.8529170Z shell: /usr/bin/bash --noprofile --norc -e -o pipefail {0}
review / gate	UNKNOWN STEP	2026-08-15T06:43:01.8529941Z env:
review / gate	UNKNOWN STEP	2026-08-15T06:43:01.8530336Z   BLACKSMITH_RUNNER_MESSAGE_WAIT_MS: 1615
review / gate	UNKNOWN STEP	2026-08-15T06:43:01.8530838Z   BLACKSMITH_RUNNER_ACQUIRE_JOB_MS: 1162
review / gate	UNKNOWN STEP	2026-08-15T06:43:01.8531335Z ##[endgroup]
review / gate	UNKNOWN STEP	2026-08-15T06:43:01.9330273Z Logging daemon started (blacksmithd for logs)
review / gate	UNKNOWN STEP	2026-08-15T06:43:01.9576483Z Results daemon started (blacksmithd for results)
review / gate	UNKNOWN STEP	2026-08-15T06:43:01.9876313Z Background adoption and SSH setup started (PID: 3509)
review / gate	UNKNOWN STEP	2026-08-15T06:43:01.9878350Z 
review / gate	UNKNOWN STEP	2026-08-15T06:43:01.9878806Z ----------------------------------------
review / gate	UNKNOWN STEP	2026-08-15T06:43:02.0054876Z View this job: https://app.blacksmith.sh/handshake-project-dynamo/runs/31869087653/jobs/94977341902
review / gate	UNKNOWN STEP	2026-08-15T06:43:02.0070523Z SSH Access (using your GitHub SSH key):
review / gate	UNKNOWN STEP	2026-08-15T06:43:02.0124207Z   ssh -p 64010 runner@blacksmith-scale2-01m022hcf97gnwk0ws0yv8djpy-2vcpu.vm.blacksmith.sh
review / gate	UNKNOWN STEP	2026-08-15T06:43:02.0135136Z 
review / gate	UNKNOWN STEP	2026-08-15T06:43:02.0168612Z No GitHub SSH key? Add one at:
review / gate	UNKNOWN STEP	2026-08-15T06:43:02.0225796Z https://docs.github.com/en/authentication/connecting-to-github-with-ssh/adding-a-new-ssh-key-to-your-github-account
review / gate	UNKNOWN STEP	2026-08-15T06:43:02.0681423Z 
review / gate	UNKNOWN STEP	2026-08-15T06:43:02.0683441Z ----------------------------------------
review / gate	UNKNOWN STEP	2026-08-15T06:43:02.0684207Z 
review / gate	UNKNOWN STEP	2026-08-15T06:43:02.0684686Z VM ID: blacksmith-scale2-01m022hcf97gnwk0ws0yv8djpy-2vcpu
review / gate	UNKNOWN STEP	2026-08-15T06:43:02.0686025Z Host: production-192.240.253.50-x8664
review / gate	UNKNOWN STEP	2026-08-15T06:43:02.0686540Z Host Agent PID: 797613
review / gate	UNKNOWN STEP	2026-08-15T06:43:02.0686809Z Agent Process Count: 1
review / gate	UNKNOWN STEP	2026-08-15T06:43:02.0687097Z Host Agent Git SHA: 1dcca3f2
review / gate	UNKNOWN STEP	2026-08-15T06:43:02.0687531Z Host CPU Manufacturer: AuthenticAMD
review / gate	UNKNOWN STEP	2026-08-15T06:43:02.0688010Z Blacksmith Host Generation: gen 2
review / gate	UNKNOWN STEP	2026-08-15T06:43:02.0688498Z Petname: production-adapted-rattler-52fb7956
review / gate	UNKNOWN STEP	2026-08-15T06:43:02.0688984Z Region: us-west
review / gate	UNKNOWN STEP	2026-08-15T06:43:02.0689388Z Rootfs Version: ubuntu24-full-x64-012126
review / gate	UNKNOWN STEP	2026-08-15T06:43:02.0689860Z OS Version: Ubuntu 24.04.3 LTS
review / gate	UNKNOWN STEP	2026-08-15T06:43:02.0690276Z System Statistics:
review / gate	UNKNOWN STEP	2026-08-15T06:43:02.0690634Z -----------------
review / gate	UNKNOWN STEP	2026-08-15T06:43:02.0690994Z VM CPU Count: 3
review / gate	UNKNOWN STEP	2026-08-15T06:43:02.0691178Z 
review / gate	UNKNOWN STEP	2026-08-15T06:43:02.0691313Z Jobs by Process ID:
review / gate	UNKNOWN STEP	2026-08-15T06:43:02.0691658Z -----------------
review / gate	UNKNOWN STEP	2026-08-15T06:43:02.0692001Z PID 797613: 7 jobs
review / gate	UNKNOWN STEP	2026-08-15T06:43:02.0692409Z Total: 7 jobs across 1 process
review / gate	UNKNOWN STEP	2026-08-15T06:43:02.0692667Z 
review / gate	UNKNOWN STEP	2026-08-15T06:43:02.0692817Z Devices by Process ID:
review / gate	UNKNOWN STEP	2026-08-15T06:43:02.0693161Z -----------------
review / gate	UNKNOWN STEP	2026-08-15T06:43:02.0693483Z PID 797613: 7 devices
review / gate	UNKNOWN STEP	2026-08-15T06:43:02.0693830Z Total: 7 devices across 1 process
review / gate	UNKNOWN STEP	2026-08-15T06:43:02.0694246Z Enabling Blacksmith transparent cache
review / gate	UNKNOWN STEP	2026-08-15T06:43:02.0917332Z ##[group]Run R='success'; S='success'; DR='skipped'; AR='skipped'
review / gate	UNKNOWN STEP	2026-08-15T06:43:02.0918235Z ^[[36;1mR='success'; S='success'; DR='skipped'; AR='skipped'^[[0m
review / gate	UNKNOWN STEP	2026-08-15T06:43:02.0918649Z ^[[36;1mV='success'; P='failure'; T='skipped'; QG='skipped'; T1='skipped'^[[0m
review / gate	UNKNOWN STEP	2026-08-15T06:43:02.0919645Z ^[[36;1mstage_ok() { # result run_flag — success, or skipped WITH sanction^[[0m
review / gate	UNKNOWN STEP	2026-08-15T06:43:02.0920559Z ^[[36;1m  [ "$1" = "success" ] || { [ "$1" = "skipped" ] && [ "$2" = "false" ]; }^[[0m
review / gate	UNKNOWN STEP	2026-08-15T06:43:02.0921109Z ^[[36;1m}^[[0m
review / gate	UNKNOWN STEP	2026-08-15T06:43:02.0921439Z ^[[36;1mALL_GREEN=true^[[0m
review / gate	UNKNOWN STEP	2026-08-15T06:43:02.0922069Z ^[[36;1mstage_ok "$R" "$RUN_REVIEW"      || ALL_GREEN=false^[[0m
review / gate	UNKNOWN STEP	2026-08-15T06:43:02.0922586Z ^[[36;1mstage_ok "$S" "$RUN_SIMILARITY"  || ALL_GREEN=false^[[0m
review / gate	UNKNOWN STEP	2026-08-15T06:43:02.0923108Z ^[[36;1mstage_ok "$V" "$RUN_VALIDATION"  || ALL_GREEN=false^[[0m
review / gate	UNKNOWN STEP	2026-08-15T06:43:02.0923522Z ^[[36;1mstage_ok "$P" "$RUN_PASS2"       || ALL_GREEN=false^[[0m
review / gate	UNKNOWN STEP	2026-08-15T06:43:02.0924101Z ^[[36;1mstage_ok "$T1" "$RUN_TIER1"      || ALL_GREEN=false^[[0m
review / gate	UNKNOWN STEP	2026-08-15T06:43:02.0924607Z ^[[36;1mstage_ok "$QG" "$RUN_QC"         || ALL_GREEN=false^[[0m
review / gate	UNKNOWN STEP	2026-08-15T06:43:02.0925086Z ^[[36;1mstage_ok "$DR" "$RUN_DEEP"       || ALL_GREEN=false^[[0m
review / gate	UNKNOWN STEP	2026-08-15T06:43:02.0925834Z ^[[36;1mstage_ok "$AR" "$RUN_AVA"        || ALL_GREEN=false^[[0m
review / gate	UNKNOWN STEP	2026-08-15T06:43:02.0926510Z ^[[36;1mstage_ok "$T" "$RUN_TRIALS"      || ALL_GREEN=false^[[0m
review / gate	UNKNOWN STEP	2026-08-15T06:43:02.0926994Z ^[[36;1mif [ "$ALL_GREEN" = true ]; then^[[0m
review / gate	UNKNOWN STEP	2026-08-15T06:43:02.0927623Z ^[[36;1m  ADD=accepted; RM=needs-revision; COLOR=0e8a16; DESC="Dynamo: all checks passed"^[[0m
review / gate	UNKNOWN STEP	2026-08-15T06:43:02.0928222Z ^[[36;1m  gh pr edit "$PR_NUMBER" --repo "$REPO" --remove-label "rework-submitted-on-red" 2>/dev/null || true^[[0m
review / gate	UNKNOWN STEP	2026-08-15T06:43:02.0928668Z ^[[36;1melse^[[0m
review / gate	UNKNOWN STEP	2026-08-15T06:43:02.0929048Z ^[[36;1m  ADD=needs-revision; RM=accepted; COLOR=d93f0b; DESC="Dynamo: one or more checks failed"^[[0m
review / gate	UNKNOWN STEP	2026-08-15T06:43:02.0929598Z ^[[36;1mfi^[[0m
review / gate	UNKNOWN STEP	2026-08-15T06:43:02.0930185Z ^[[36;1mgh label create "$ADD" --repo "$REPO" --color "$COLOR" --description "$DESC" 2>/dev/null || true^[[0m
review / gate	UNKNOWN STEP	2026-08-15T06:43:02.0930737Z ^[[36;1mgh pr edit "$PR_NUMBER" --repo "$REPO" --add-label "$ADD" 2>/dev/null || true^[[0m
review / gate	UNKNOWN STEP	2026-08-15T06:43:02.0931355Z ^[[36;1mgh pr edit "$PR_NUMBER" --repo "$REPO" --remove-label "$RM" --remove-label "in-progress" 2>/dev/null || true^[[0m
review / gate	UNKNOWN STEP	2026-08-15T06:43:02.0946686Z shell: /usr/bin/bash -e {0}
review / gate	UNKNOWN STEP	2026-08-15T06:43:02.0946969Z env:
review / gate	UNKNOWN STEP	2026-08-15T06:43:02.0947261Z   BLACKSMITH_RUNNER_MESSAGE_WAIT_MS: 1615
review / gate	UNKNOWN STEP	2026-08-15T06:43:02.0947560Z   BLACKSMITH_RUNNER_ACQUIRE_JOB_MS: 1162
review / gate	UNKNOWN STEP	2026-08-15T06:43:02.0947984Z   GITHUB_REPO_NAME: handshake-project-dynamo/dynamo-1573c1a-data-querying-and-databases
review / gate	UNKNOWN STEP	2026-08-15T06:43:02.0950211Z   GH_TOKEN: ***
review / gate	UNKNOWN STEP	2026-08-15T06:43:02.0950548Z   REPO: handshake-project-dynamo/dynamo-1573c1a-data-querying-and-databases
review / gate	UNKNOWN STEP	2026-08-15T06:43:02.0950921Z   PR_NUMBER: 5
review / gate	UNKNOWN STEP	2026-08-15T06:43:02.0951133Z   RUN_REVIEW: true
review / gate	UNKNOWN STEP	2026-08-15T06:43:02.0951353Z   RUN_SIMILARITY: true
review / gate	UNKNOWN STEP	2026-08-15T06:43:02.0951591Z   RUN_VALIDATION: true
review / gate	UNKNOWN STEP	2026-08-15T06:43:02.0951830Z   RUN_PASS2: true
review / gate	UNKNOWN STEP	2026-08-15T06:43:02.0952040Z   RUN_TIER1: true
review / gate	UNKNOWN STEP	2026-08-15T06:43:02.0952253Z   RUN_QC: true
review / gate	UNKNOWN STEP	2026-08-15T06:43:02.0952462Z   RUN_DEEP: true
review / gate	UNKNOWN STEP	2026-08-15T06:43:02.0952674Z   RUN_AVA: true
review / gate	UNKNOWN STEP	2026-08-15T06:43:02.0952887Z   RUN_TRIALS: true
review / gate	UNKNOWN STEP	2026-08-15T06:43:02.0953102Z ##[endgroup]
review / gate	UNKNOWN STEP	2026-08-15T06:43:03.8654650Z https://github.com/handshake-project-dynamo/dynamo-1573c1a-data-querying-and-databases/pull/5
review / gate	UNKNOWN STEP	2026-08-15T06:43:04.7120894Z ##[group]Run R='success'; S='success'; DR='skipped'; AR='skipped'
review / gate	UNKNOWN STEP	2026-08-15T06:43:04.7121231Z ^[[36;1mR='success'; S='success'; DR='skipped'; AR='skipped'^[[0m
review / gate	UNKNOWN STEP	2026-08-15T06:43:04.7121519Z ^[[36;1mV='success'; P='failure'; T='skipped'; QG='skipped'; T1='skipped'^[[0m
review / gate	UNKNOWN STEP	2026-08-15T06:43:04.7121868Z ^[[36;1mecho "review=$R  similarity=$S  validation=$V  pass2=$P  tier1=$T1  qc_gate=$QG  deep_review=$DR  ava_review=$AR  trials=$T"^[[0m
review / gate	UNKNOWN STEP	2026-08-15T06:43:04.7122458Z ^[[36;1mecho "sanctioned: review=$RUN_REVIEW similarity=$RUN_SIMILARITY validation=$RUN_VALIDATION pass2=$RUN_PASS2 tier1=$RUN_TIER1 qc=$RUN_QC deep=$RUN_DEEP ava=$RUN_AVA trials=$RUN_TRIALS (run flags — 'false' = skip sanctioned)"^[[0m
review / gate	UNKNOWN STEP	2026-08-15T06:43:04.7123881Z ^[[36;1mstage_ok() { # result run_flag — success, or skipped WITH sanction^[[0m
review / gate	UNKNOWN STEP	2026-08-15T06:43:04.7124154Z ^[[36;1m  [ "$1" = "success" ] || { [ "$1" = "skipped" ] && [ "$2" = "false" ]; }^[[0m
review / gate	UNKNOWN STEP	2026-08-15T06:43:04.7124353Z ^[[36;1m}^[[0m
review / gate	UNKNOWN STEP	2026-08-15T06:43:04.7124530Z ^[[36;1mFAILED=""^[[0m
review / gate	UNKNOWN STEP	2026-08-15T06:43:04.7124721Z ^[[36;1mstage_ok "$R" "$RUN_REVIEW"      || FAILED="$FAILED review=$R"^[[0m
review / gate	UNKNOWN STEP	2026-08-15T06:43:04.7124976Z ^[[36;1mstage_ok "$S" "$RUN_SIMILARITY"  || FAILED="$FAILED similarity=$S"^[[0m
review / gate	UNKNOWN STEP	2026-08-15T06:43:04.7125229Z ^[[36;1mstage_ok "$V" "$RUN_VALIDATION"  || FAILED="$FAILED validation=$V"^[[0m
review / gate	UNKNOWN STEP	2026-08-15T06:43:04.7125470Z ^[[36;1mstage_ok "$P" "$RUN_PASS2"       || FAILED="$FAILED pass2=$P"^[[0m
review / gate	UNKNOWN STEP	2026-08-15T06:43:04.7125726Z ^[[36;1mstage_ok "$T1" "$RUN_TIER1"      || FAILED="$FAILED tier1=$T1"^[[0m
review / gate	UNKNOWN STEP	2026-08-15T06:43:04.7125976Z ^[[36;1mstage_ok "$QG" "$RUN_QC"         || FAILED="$FAILED qc_gate=$QG"^[[0m
review / gate	UNKNOWN STEP	2026-08-15T06:43:04.7126235Z ^[[36;1mstage_ok "$DR" "$RUN_DEEP"       || FAILED="$FAILED deep_review=$DR"^[[0m
review / gate	UNKNOWN STEP	2026-08-15T06:43:04.7126493Z ^[[36;1mstage_ok "$AR" "$RUN_AVA"        || FAILED="$FAILED ava_review=$AR"^[[0m
review / gate	UNKNOWN STEP	2026-08-15T06:43:04.7126732Z ^[[36;1mstage_ok "$T" "$RUN_TRIALS"      || FAILED="$FAILED trials=$T"^[[0m
review / gate	UNKNOWN STEP	2026-08-15T06:43:04.7126945Z ^[[36;1mif [ -n "$FAILED" ]; then^[[0m
review / gate	UNKNOWN STEP	2026-08-15T06:43:04.7127132Z ^[[36;1m  CANCELLED=false; ANY_STAGE_FAILURE=false^[[0m
review / gate	UNKNOWN STEP	2026-08-15T06:43:04.7127356Z ^[[36;1m  for RESULT in "$R" "$S" "$V" "$P" "$T1" "$QG" "$DR" "$AR" "$T"; do^[[0m
review / gate	UNKNOWN STEP	2026-08-15T06:43:04.7127585Z ^[[36;1m    [ "$RESULT" = "cancelled" ] && CANCELLED=true^[[0m
review / gate	UNKNOWN STEP	2026-08-15T06:43:04.7127802Z ^[[36;1m    [ "$RESULT" = "failure" ] && ANY_STAGE_FAILURE=true^[[0m
review / gate	UNKNOWN STEP	2026-08-15T06:43:04.7128021Z ^[[36;1m  done^[[0m
review / gate	UNKNOWN STEP	2026-08-15T06:43:04.7128189Z ^[[36;1m  # Rework advisory CI: on a trusted rework task with^[[0m
review / gate	UNKNOWN STEP	2026-08-15T06:43:04.7128432Z ^[[36;1m  # REWORK_CI_POLICY=advisory, a red pipeline no longer blocks the^[[0m
review / gate	UNKNOWN STEP	2026-08-15T06:43:04.7128689Z ^[[36;1m  # fellow's submission — the required check passes, while the^[[0m
review / gate	UNKNOWN STEP	2026-08-15T06:43:04.7128947Z ^[[36;1m  # verdict labels above stay honest (needs-revision + a distinct^[[0m
review / gate	UNKNOWN STEP	2026-08-15T06:43:04.7129231Z ^[[36;1m  # rework-submitted-on-red marker for downstream tooling). The^[[0m
review / gate	UNKNOWN STEP	2026-08-15T06:43:04.7129530Z ^[[36;1m  # failed stage keeps the RUN conclusion red, so this run can never^[[0m
review / gate	UNKNOWN STEP	2026-08-15T06:43:04.7129796Z ^[[36;1m  # sanction a future skip. STRICTLY "a check judged it red and the^[[0m
review / gate	UNKNOWN STEP	2026-08-15T06:43:04.7130047Z ^[[36;1m  # fellow submits anyway" — never "nothing ran, submit blind":^[[0m
review / gate	UNKNOWN STEP	2026-08-15T06:43:04.7130299Z ^[[36;1m  # the decision job must have succeeded and at least one monitored^[[0m
review / gate	UNKNOWN STEP	2026-08-15T06:43:04.7130556Z ^[[36;1m  # stage must have actually FAILED (an upstream collapse that only^[[0m
review / gate	UNKNOWN STEP	2026-08-15T06:43:04.7130823Z ^[[36;1m  # cascades unsanctioned skips stays blocking, as do cancellations).^[[0m
review / gate	UNKNOWN STEP	2026-08-15T06:43:04.7131101Z ^[[36;1m  if [ "$REWORK_ADVISORY" = "true" ] && [ "$CANCELLED" = "false" ] \^[[0m
review / gate	UNKNOWN STEP	2026-08-15T06:43:04.7131401Z ^[[36;1m    && [ "$CHANGES_RESULT" = "success" ] && [ "$ANY_STAGE_FAILURE" = "true" ]; then^[[0m
review / gate	UNKNOWN STEP	2026-08-15T06:43:04.7131840Z ^[[36;1m    echo "::warning::Pipeline not green —$FAILED — but this task is in rework and the policy is advisory CI: submission is allowed. Verdicts remain on the PR as labels."^[[0m
review / gate	UNKNOWN STEP	2026-08-15T06:43:04.7132544Z ^[[36;1m    gh label create "rework-submitted-on-red" --repo "$REPO" --color d93f0b --description "Rework submitted with failing checks (advisory CI)" 2>/dev/null || true^[[0m
review / gate	UNKNOWN STEP	2026-08-15T06:43:04.7133029Z ^[[36;1m    gh pr edit "$PR_NUMBER" --repo "$REPO" --add-label "rework-submitted-on-red" 2>/dev/null || true^[[0m
review / gate	UNKNOWN STEP	2026-08-15T06:43:04.7133284Z ^[[36;1m    exit 0^[[0m
review / gate	UNKNOWN STEP	2026-08-15T06:43:04.7133420Z ^[[36;1m  fi^[[0m
review / gate	UNKNOWN STEP	2026-08-15T06:43:04.7133696Z ^[[36;1m  echo "::error::Pipeline not green —$FAILED. PR is blocked (a Tier-1 HOLD blocks here until the required fixes are attempted)."^[[0m
review / gate	UNKNOWN STEP	2026-08-15T06:43:04.7134066Z ^[[36;1m  exit 1^[[0m
review / gate	UNKNOWN STEP	2026-08-15T06:43:04.7134194Z ^[[36;1mfi^[[0m
review / gate	UNKNOWN STEP	2026-08-15T06:43:04.7134379Z ^[[36;1mecho "All stages passed or were sanctioned-skipped — PR may merge."^[[0m
review / gate	UNKNOWN STEP	2026-08-15T06:43:04.7134661Z ^[[36;1m# No marker to persist: the skip authority is this run's own success^[[0m
review / gate	UNKNOWN STEP	2026-08-15T06:43:04.7134932Z ^[[36;1m# conclusion, read back via the Actions API by future `changes` jobs.^[[0m
review / gate	UNKNOWN STEP	2026-08-15T06:43:04.7145382Z shell: /usr/bin/bash -e {0}
review / gate	UNKNOWN STEP	2026-08-15T06:43:04.7145537Z env:
review / gate	UNKNOWN STEP	2026-08-15T06:43:04.7145676Z   BLACKSMITH_RUNNER_MESSAGE_WAIT_MS: 1615
review / gate	UNKNOWN STEP	2026-08-15T06:43:04.7145851Z   BLACKSMITH_RUNNER_ACQUIRE_JOB_MS: 1162
review / gate	UNKNOWN STEP	2026-08-15T06:43:04.7146104Z   GITHUB_REPO_NAME: handshake-project-dynamo/dynamo-1573c1a-data-querying-and-databases
review / gate	UNKNOWN STEP	2026-08-15T06:43:04.7147696Z   GH_TOKEN: ***
review / gate	UNKNOWN STEP	2026-08-15T06:43:04.7147899Z   REPO: handshake-project-dynamo/dynamo-1573c1a-data-querying-and-databases
review / gate	UNKNOWN STEP	2026-08-15T06:43:04.7148123Z   PR_NUMBER: 5
review / gate	UNKNOWN STEP	2026-08-15T06:43:04.7148255Z   REWORK_ADVISORY: false
review / gate	UNKNOWN STEP	2026-08-15T06:43:04.7148414Z   CHANGES_RESULT: success
review / gate	UNKNOWN STEP	2026-08-15T06:43:04.7148562Z   RUN_REVIEW: true
review / gate	UNKNOWN STEP	2026-08-15T06:43:04.7148699Z   RUN_SIMILARITY: true
review / gate	UNKNOWN STEP	2026-08-15T06:43:04.7148835Z   RUN_VALIDATION: true
review / gate	UNKNOWN STEP	2026-08-15T06:43:04.7148969Z   RUN_PASS2: true
review / gate	UNKNOWN STEP	2026-08-15T06:43:04.7149097Z   RUN_TIER1: true
review / gate	UNKNOWN STEP	2026-08-15T06:43:04.7149224Z   RUN_QC: true
review / gate	UNKNOWN STEP	2026-08-15T06:43:04.7149347Z   RUN_DEEP: true
review / gate	UNKNOWN STEP	2026-08-15T06:43:04.7149530Z   RUN_AVA: true
review / gate	UNKNOWN STEP	2026-08-15T06:43:04.7149662Z   RUN_TRIALS: true
review / gate	UNKNOWN STEP	2026-08-15T06:43:04.7149797Z ##[endgroup]
review / gate	UNKNOWN STEP	2026-08-15T06:43:04.7174728Z review=success  similarity=success  validation=success  pass2=failure  tier1=skipped  qc_gate=skipped  deep_review=skipped  ava_review=skipped  trials=skipped
review / gate	UNKNOWN STEP	2026-08-15T06:43:04.7227284Z sanctioned: review=true similarity=true validation=true pass2=true tier1=true qc=true deep=true ava=true trials=true (run flags — 'false' = skip sanctioned)
review / gate	UNKNOWN STEP	2026-08-15T06:43:04.7253909Z ##[error]Pipeline not green — pass2=failure tier1=skipped qc_gate=skipped deep_review=skipped ava_review=skipped trials=skipped. PR is blocked (a Tier-1 HOLD blocks here until the required fixes are attempted).
review / gate	UNKNOWN STEP	2026-08-15T06:43:04.7260554Z ##[error]Process completed with exit code 1.
review / gate	UNKNOWN STEP	2026-08-15T06:43:04.7302150Z A job completed hook has been configured by the self-hosted runner administrator
review / gate	UNKNOWN STEP	2026-08-15T06:43:04.7330213Z ##[group]Run '/job_completed.sh'
review / gate	UNKNOWN STEP	2026-08-15T06:43:04.7341456Z shell: /usr/bin/bash --noprofile --norc -e -o pipefail {0}
review / gate	UNKNOWN STEP	2026-08-15T06:43:04.7341795Z env:
review / gate	UNKNOWN STEP	2026-08-15T06:43:04.7342022Z   BLACKSMITH_RUNNER_MESSAGE_WAIT_MS: 1615
review / gate	UNKNOWN STEP	2026-08-15T06:43:04.7342313Z   BLACKSMITH_RUNNER_ACQUIRE_JOB_MS: 1162
review / gate	UNKNOWN STEP	2026-08-15T06:43:04.7342585Z ##[endgroup]
review / gate	UNKNOWN STEP	2026-08-15T06:43:04.7453110Z Docker container caching not enabled, skipping hash computation.
review / gate	UNKNOWN STEP	2026-08-15T06:43:04.7516752Z No active SSH sessions detected. Proceeding with shutdown immediately.
review / gate	UNKNOWN STEP	2026-08-15T06:43:04.7640067Z Cleaning up orphan processes
