review / pass2	UNKNOWN STEP	﻿2026-08-15T10:39:10.3620753Z Current runner version: '2.336.0'
review / pass2	UNKNOWN STEP	2026-08-15T10:39:10.3625076Z Runner name: 'blacksmith-scale2-01m02g1tdf7j02qd8ghjv0dft2-2vcpu'
review / pass2	UNKNOWN STEP	2026-08-15T10:39:10.3625989Z Runner group name: 'blacksmith runners 01kxzhx6bc7fnrmw1kcfxms5ah'
review / pass2	UNKNOWN STEP	2026-08-15T10:39:10.3626864Z Machine name: 'ip-172-31-64-123'
review / pass2	UNKNOWN STEP	2026-08-15T10:39:10.3628795Z ##[group]GITHUB_TOKEN Permissions
review / pass2	UNKNOWN STEP	2026-08-15T10:39:10.3630483Z Contents: read
review / pass2	UNKNOWN STEP	2026-08-15T10:39:10.3630897Z Metadata: read
review / pass2	UNKNOWN STEP	2026-08-15T10:39:10.3631377Z PullRequests: write
review / pass2	UNKNOWN STEP	2026-08-15T10:39:10.3631779Z ##[endgroup]
review / pass2	UNKNOWN STEP	2026-08-15T10:39:10.3633573Z Secret source: Actions
review / pass2	UNKNOWN STEP	2026-08-15T10:39:10.3634502Z Prepare workflow directory
review / pass2	UNKNOWN STEP	2026-08-15T10:39:10.3967972Z Prepare all required actions
review / pass2	UNKNOWN STEP	2026-08-15T10:39:10.3999956Z Getting action download info
review / pass2	UNKNOWN STEP	2026-08-15T10:39:10.7559362Z Download action repository 'actions/checkout@11d5960a326750d5838078e36cf38b85af677262' (SHA:11d5960a326750d5838078e36cf38b85af677262)
review / pass2	UNKNOWN STEP	2026-08-15T10:39:11.2341748Z Download action repository 'actions/checkout@3d3c42e5aac5ba805825da76410c181273ba90b1' (SHA:3d3c42e5aac5ba805825da76410c181273ba90b1)
review / pass2	UNKNOWN STEP	2026-08-15T10:39:11.6953590Z Download action repository 'marocchino/sticky-pull-request-comment@773744901bac0e8cbb5a0dc842800d45e9b2b405' (SHA:773744901bac0e8cbb5a0dc842800d45e9b2b405)
review / pass2	UNKNOWN STEP	2026-08-15T10:39:12.2217556Z Download action repository 'actions/setup-python@a26af69be951a213d495a4c3e4e4022e16d87065' (SHA:a26af69be951a213d495a4c3e4e4022e16d87065)
review / pass2	UNKNOWN STEP	2026-08-15T10:39:12.2736103Z Download action repository 'astral-sh/setup-uv@38f3f104447c67c051c4a08e39b64a148898af3a' (SHA:38f3f104447c67c051c4a08e39b64a148898af3a)
review / pass2	UNKNOWN STEP	2026-08-15T10:39:12.9132189Z Download action repository 'actions/upload-artifact@ea165f8d65b6e75b540449e92b4886f43607fa02' (SHA:ea165f8d65b6e75b540449e92b4886f43607fa02)
review / pass2	UNKNOWN STEP	2026-08-15T10:39:13.0346179Z Setting BLACKSMITH_ACTIONS_RESULTS_URL to https://results-receiver.actions.githubusercontent.com/
review / pass2	UNKNOWN STEP	2026-08-15T10:39:13.0375853Z Uses: handshake-project-dynamo/handshake-orchestration-tb2/.github/workflows/dynamo-review.yml@refs/heads/main (623a2dbaae6fffe4e0cfe4e975c4442ae8ea3116)
review / pass2	UNKNOWN STEP	2026-08-15T10:39:13.0378207Z ##[group] Inputs
review / pass2	UNKNOWN STEP	2026-08-15T10:39:13.0378360Z   checks_ref: main
review / pass2	UNKNOWN STEP	2026-08-15T10:39:13.0378521Z ##[endgroup]
review / pass2	UNKNOWN STEP	2026-08-15T10:39:13.0378739Z Complete job name: review / pass2
review / pass2	UNKNOWN STEP	2026-08-15T10:39:13.0834662Z A job started hook has been configured by the self-hosted runner administrator
review / pass2	UNKNOWN STEP	2026-08-15T10:39:13.0957245Z ##[group]Run '/setup.sh'
review / pass2	UNKNOWN STEP	2026-08-15T10:39:13.0975138Z shell: /usr/bin/bash --noprofile --norc -e -o pipefail {0}
review / pass2	UNKNOWN STEP	2026-08-15T10:39:13.0975442Z env:
review / pass2	UNKNOWN STEP	2026-08-15T10:39:13.0975579Z   BLACKSMITH_RUNNER_MESSAGE_WAIT_MS: 924
review / pass2	UNKNOWN STEP	2026-08-15T10:39:13.0975735Z   BLACKSMITH_RUNNER_ACQUIRE_JOB_MS: 1234
review / pass2	UNKNOWN STEP	2026-08-15T10:39:13.0975874Z ##[endgroup]
review / pass2	UNKNOWN STEP	2026-08-15T10:39:13.1263488Z Logging daemon started (blacksmithd for logs)
review / pass2	UNKNOWN STEP	2026-08-15T10:39:13.1360067Z Results daemon started (blacksmithd for results)
review / pass2	UNKNOWN STEP	2026-08-15T10:39:13.1509104Z Background adoption and SSH setup started (PID: 3524)
review / pass2	UNKNOWN STEP	2026-08-15T10:39:13.1509749Z 
review / pass2	UNKNOWN STEP	2026-08-15T10:39:13.1509915Z ----------------------------------------
review / pass2	UNKNOWN STEP	2026-08-15T10:39:13.1581640Z View this job: https://app.blacksmith.sh/handshake-project-dynamo/runs/31879562031/jobs/95001219795
review / pass2	UNKNOWN STEP	2026-08-15T10:39:13.1593444Z SSH Access (using your GitHub SSH key):
review / pass2	UNKNOWN STEP	2026-08-15T10:39:13.1593943Z   ssh -p 64007 runner@blacksmith-scale2-01m02g1tdf7j02qd8ghjv0dft2-2vcpu.vm.blacksmith.sh
review / pass2	UNKNOWN STEP	2026-08-15T10:39:13.1594950Z 
review / pass2	UNKNOWN STEP	2026-08-15T10:39:13.1595177Z No GitHub SSH key? Add one at:
review / pass2	UNKNOWN STEP	2026-08-15T10:39:13.1595607Z https://docs.github.com/en/authentication/connecting-to-github-with-ssh/adding-a-new-ssh-key-to-your-github-account
review / pass2	UNKNOWN STEP	2026-08-15T10:39:13.1595974Z 
review / pass2	UNKNOWN STEP	2026-08-15T10:39:13.1596122Z ----------------------------------------
review / pass2	UNKNOWN STEP	2026-08-15T10:39:13.1596305Z 
review / pass2	UNKNOWN STEP	2026-08-15T10:39:13.1603795Z VM ID: blacksmith-scale2-01m02g1tdf7j02qd8ghjv0dft2-2vcpu
review / pass2	UNKNOWN STEP	2026-08-15T10:39:13.1604191Z Host: production-192.240.253.153-x8664
review / pass2	UNKNOWN STEP	2026-08-15T10:39:13.1604528Z Host Agent PID: 30479
review / pass2	UNKNOWN STEP	2026-08-15T10:39:13.1604760Z Agent Process Count: 1
review / pass2	UNKNOWN STEP	2026-08-15T10:39:13.1604974Z Host Agent Git SHA: 1dcca3f2
review / pass2	UNKNOWN STEP	2026-08-15T10:39:13.1606365Z Host CPU Manufacturer: AuthenticAMD
review / pass2	UNKNOWN STEP	2026-08-15T10:39:13.1606608Z Blacksmith Host Generation: gen 2
review / pass2	UNKNOWN STEP	2026-08-15T10:39:13.1606847Z Petname: production-simple-frog-8285242e
review / pass2	UNKNOWN STEP	2026-08-15T10:39:13.1607088Z Region: us-west
review / pass2	UNKNOWN STEP	2026-08-15T10:39:13.1607407Z Rootfs Version: ubuntu24-full-x64-012126
review / pass2	UNKNOWN STEP	2026-08-15T10:39:13.1608101Z OS Version: Ubuntu 24.04.3 LTS
review / pass2	UNKNOWN STEP	2026-08-15T10:39:13.1608311Z System Statistics:
review / pass2	UNKNOWN STEP	2026-08-15T10:39:13.1608505Z -----------------
review / pass2	UNKNOWN STEP	2026-08-15T10:39:13.1608706Z VM CPU Count: 3
review / pass2	UNKNOWN STEP	2026-08-15T10:39:13.1608855Z 
review / pass2	UNKNOWN STEP	2026-08-15T10:39:13.1609030Z Jobs by Process ID:
review / pass2	UNKNOWN STEP	2026-08-15T10:39:13.1609222Z -----------------
review / pass2	UNKNOWN STEP	2026-08-15T10:39:13.1609538Z PID 30479: 12 jobs
review / pass2	UNKNOWN STEP	2026-08-15T10:39:13.1609736Z Total: 12 jobs across 1 process
review / pass2	UNKNOWN STEP	2026-08-15T10:39:13.1609903Z 
review / pass2	UNKNOWN STEP	2026-08-15T10:39:13.1610145Z Devices by Process ID:
review / pass2	UNKNOWN STEP	2026-08-15T10:39:13.1610442Z -----------------
review / pass2	UNKNOWN STEP	2026-08-15T10:39:13.1610637Z PID 30479: 12 devices
review / pass2	UNKNOWN STEP	2026-08-15T10:39:13.1610852Z Total: 12 devices across 1 process
review / pass2	UNKNOWN STEP	2026-08-15T10:39:13.1611083Z Enabling Blacksmith transparent cache
review / pass2	UNKNOWN STEP	2026-08-15T10:39:13.1821799Z Node 20 is being deprecated. This workflow is running with Node 24 by default. If you need to temporarily use Node 20, you can set the ACTIONS_ALLOW_USE_UNSECURE_NODE_VERSION=true environment variable. For more information see: https://github.blog/changelog/2025-09-19-deprecation-of-node-20-on-github-actions-runners/
review / pass2	UNKNOWN STEP	2026-08-15T10:39:13.1825766Z ##[group]Run actions/checkout@11d5960a326750d5838078e36cf38b85af677262
review / pass2	UNKNOWN STEP	2026-08-15T10:39:13.1825979Z with:
review / pass2	UNKNOWN STEP	2026-08-15T10:39:13.1826155Z   repository: handshake-project-dynamo/handshake-orchestration-tb2
review / pass2	UNKNOWN STEP	2026-08-15T10:39:13.1826356Z   ref: main
review / pass2	UNKNOWN STEP	2026-08-15T10:39:13.1826710Z   token: ***
review / pass2	UNKNOWN STEP	2026-08-15T10:39:13.1826825Z   ssh-strict: true
review / pass2	UNKNOWN STEP	2026-08-15T10:39:13.1826940Z   ssh-user: git
review / pass2	UNKNOWN STEP	2026-08-15T10:39:13.1827065Z   persist-credentials: true
review / pass2	UNKNOWN STEP	2026-08-15T10:39:13.1827202Z   clean: true
review / pass2	UNKNOWN STEP	2026-08-15T10:39:13.1827326Z   sparse-checkout-cone-mode: true
review / pass2	UNKNOWN STEP	2026-08-15T10:39:13.1827471Z   fetch-depth: 1
review / pass2	UNKNOWN STEP	2026-08-15T10:39:13.1827593Z   fetch-tags: false
review / pass2	UNKNOWN STEP	2026-08-15T10:39:13.1827763Z   show-progress: true
review / pass2	UNKNOWN STEP	2026-08-15T10:39:13.1827882Z   lfs: false
review / pass2	UNKNOWN STEP	2026-08-15T10:39:13.1827991Z   submodules: false
review / pass2	UNKNOWN STEP	2026-08-15T10:39:13.1828112Z   set-safe-directory: true
review / pass2	UNKNOWN STEP	2026-08-15T10:39:13.1828253Z   allow-unsafe-pr-checkout: false
review / pass2	UNKNOWN STEP	2026-08-15T10:39:13.1828393Z env:
review / pass2	UNKNOWN STEP	2026-08-15T10:39:13.1829497Z   GH_TOKEN: ***
review / pass2	UNKNOWN STEP	2026-08-15T10:39:13.1829697Z   REPO: handshake-project-dynamo/dynamo-1573c1a-data-querying-and-databases
review / pass2	UNKNOWN STEP	2026-08-15T10:39:13.1829910Z   PR_NUMBER: 5
review / pass2	UNKNOWN STEP	2026-08-15T10:39:13.1830038Z   BLACKSMITH_RUNNER_MESSAGE_WAIT_MS: 924
review / pass2	UNKNOWN STEP	2026-08-15T10:39:13.1830198Z   BLACKSMITH_RUNNER_ACQUIRE_JOB_MS: 1234
review / pass2	UNKNOWN STEP	2026-08-15T10:39:13.1830433Z   GITHUB_REPO_NAME: handshake-project-dynamo/dynamo-1573c1a-data-querying-and-databases
review / pass2	UNKNOWN STEP	2026-08-15T10:39:13.1830668Z ##[endgroup]
review / pass2	UNKNOWN STEP	2026-08-15T10:39:13.2977930Z Syncing repository: handshake-project-dynamo/handshake-orchestration-tb2
review / pass2	UNKNOWN STEP	2026-08-15T10:39:13.2979149Z ##[group]Getting Git version info
review / pass2	UNKNOWN STEP	2026-08-15T10:39:13.2979576Z Working directory is '/home/runner/_work/dynamo-1573c1a-data-querying-and-databases/dynamo-1573c1a-data-querying-and-databases'
review / pass2	UNKNOWN STEP	2026-08-15T10:39:13.2980213Z [command]/usr/local/bin/git version
review / pass2	UNKNOWN STEP	2026-08-15T10:39:13.3024265Z git version 2.52.0
review / pass2	UNKNOWN STEP	2026-08-15T10:39:13.3034964Z ##[endgroup]
review / pass2	UNKNOWN STEP	2026-08-15T10:39:13.3043156Z Temporarily overriding HOME='/home/runner/_work/_temp/eda70b55-4889-435b-90af-9c15fde122bd' before making global git config changes
review / pass2	UNKNOWN STEP	2026-08-15T10:39:13.3043619Z Adding repository directory to the temporary git global config as a safe directory
review / pass2	UNKNOWN STEP	2026-08-15T10:39:13.3047901Z [command]/usr/local/bin/git config --global --add safe.directory /home/runner/_work/dynamo-1573c1a-data-querying-and-databases/dynamo-1573c1a-data-querying-and-databases
review / pass2	UNKNOWN STEP	2026-08-15T10:39:13.3091288Z Deleting the contents of '/home/runner/_work/dynamo-1573c1a-data-querying-and-databases/dynamo-1573c1a-data-querying-and-databases'
review / pass2	UNKNOWN STEP	2026-08-15T10:39:13.3095285Z ##[group]Initializing the repository
review / pass2	UNKNOWN STEP	2026-08-15T10:39:13.3095911Z [command]/usr/local/bin/git init /home/runner/_work/dynamo-1573c1a-data-querying-and-databases/dynamo-1573c1a-data-querying-and-databases
review / pass2	UNKNOWN STEP	2026-08-15T10:39:13.3147872Z hint: Using 'master' as the name for the initial branch. This default branch name
review / pass2	UNKNOWN STEP	2026-08-15T10:39:13.3169102Z hint: will change to "main" in Git 3.0. To configure the initial branch name
review / pass2	UNKNOWN STEP	2026-08-15T10:39:13.3185231Z hint: to use in all of your new repositories, which will suppress this warning,
review / pass2	UNKNOWN STEP	2026-08-15T10:39:13.3185643Z hint: call:
review / pass2	UNKNOWN STEP	2026-08-15T10:39:13.3185877Z hint:
review / pass2	UNKNOWN STEP	2026-08-15T10:39:13.3186129Z hint: 	git config --global init.defaultBranch <name>
review / pass2	UNKNOWN STEP	2026-08-15T10:39:13.3186680Z hint:
review / pass2	UNKNOWN STEP	2026-08-15T10:39:13.3186882Z hint: Names commonly chosen instead of 'master' are 'main', 'trunk' and
review / pass2	UNKNOWN STEP	2026-08-15T10:39:13.3187179Z hint: 'development'. The just-created branch can be renamed via this command:
review / pass2	UNKNOWN STEP	2026-08-15T10:39:13.3203679Z hint:
review / pass2	UNKNOWN STEP	2026-08-15T10:39:13.3204884Z hint: 	git branch -m <name>
review / pass2	UNKNOWN STEP	2026-08-15T10:39:13.3205073Z hint:
review / pass2	UNKNOWN STEP	2026-08-15T10:39:13.3205547Z hint: Disable this message with "git config set advice.defaultBranchName false"
review / pass2	UNKNOWN STEP	2026-08-15T10:39:13.3206172Z Initialized empty Git repository in /home/runner/_work/dynamo-1573c1a-data-querying-and-databases/dynamo-1573c1a-data-querying-and-databases/.git/
review / pass2	UNKNOWN STEP	2026-08-15T10:39:13.3207288Z [command]/usr/local/bin/git remote add origin https://github.com/handshake-project-dynamo/handshake-orchestration-tb2
review / pass2	UNKNOWN STEP	2026-08-15T10:39:13.3245524Z ##[endgroup]
review / pass2	UNKNOWN STEP	2026-08-15T10:39:13.3245875Z ##[group]Disabling automatic garbage collection
review / pass2	UNKNOWN STEP	2026-08-15T10:39:13.3247061Z [command]/usr/local/bin/git config --local gc.auto 0
review / pass2	UNKNOWN STEP	2026-08-15T10:39:13.3270421Z ##[endgroup]
review / pass2	UNKNOWN STEP	2026-08-15T10:39:13.3270731Z ##[group]Setting up auth
review / pass2	UNKNOWN STEP	2026-08-15T10:39:13.3274430Z [command]/usr/local/bin/git config --local --name-only --get-regexp core\.sshCommand
review / pass2	UNKNOWN STEP	2026-08-15T10:39:13.3299503Z [command]/usr/local/bin/git submodule foreach --recursive sh -c "git config --local --name-only --get-regexp 'core\.sshCommand' && git config --local --unset-all 'core.sshCommand' || :"
review / pass2	UNKNOWN STEP	2026-08-15T10:39:13.3458868Z [command]/usr/local/bin/git config --local --name-only --get-regexp http\.https\:\/\/github\.com\/\.extraheader
review / pass2	UNKNOWN STEP	2026-08-15T10:39:13.3484984Z [command]/usr/local/bin/git submodule foreach --recursive sh -c "git config --local --name-only --get-regexp 'http\.https\:\/\/github\.com\/\.extraheader' && git config --local --unset-all 'http.https://github.com/.extraheader' || :"
review / pass2	UNKNOWN STEP	2026-08-15T10:39:13.3595870Z [command]/usr/local/bin/git config --local --name-only --get-regexp ^includeIf\.gitdir:
review / pass2	UNKNOWN STEP	2026-08-15T10:39:13.3619929Z [command]/usr/local/bin/git submodule foreach --recursive git config --local --show-origin --name-only --get-regexp remote.origin.url
review / pass2	UNKNOWN STEP	2026-08-15T10:39:13.3729304Z [command]/usr/local/bin/git config --local http.https://github.com/.extraheader AUTHORIZATION: basic ***
review / pass2	UNKNOWN STEP	2026-08-15T10:39:13.3760447Z ##[endgroup]
review / pass2	UNKNOWN STEP	2026-08-15T10:39:13.3760927Z ##[group]Fetching the repository
review / pass2	UNKNOWN STEP	2026-08-15T10:39:13.3764880Z [command]/usr/local/bin/git -c protocol.version=2 fetch --no-tags --prune --no-recurse-submodules --depth=1 origin +refs/heads/main*:refs/remotes/origin/main* +refs/tags/main*:refs/tags/main*
review / pass2	UNKNOWN STEP	2026-08-15T10:39:14.3384994Z From https://github.com/handshake-project-dynamo/handshake-orchestration-tb2
review / pass2	UNKNOWN STEP	2026-08-15T10:39:14.3385638Z  * [new branch]      main       -> origin/main
review / pass2	UNKNOWN STEP	2026-08-15T10:39:14.3423436Z ##[endgroup]
review / pass2	UNKNOWN STEP	2026-08-15T10:39:14.3424059Z ##[group]Determining the checkout info
review / pass2	UNKNOWN STEP	2026-08-15T10:39:14.3424574Z [command]/usr/local/bin/git branch --list --remote origin/main
review / pass2	UNKNOWN STEP	2026-08-15T10:39:14.3445040Z   origin/main
review / pass2	UNKNOWN STEP	2026-08-15T10:39:14.3458413Z ##[endgroup]
review / pass2	UNKNOWN STEP	2026-08-15T10:39:14.3458976Z [command]/usr/local/bin/git sparse-checkout disable
review / pass2	UNKNOWN STEP	2026-08-15T10:39:14.3541469Z [command]/usr/local/bin/git config --local --unset-all extensions.worktreeConfig
review / pass2	UNKNOWN STEP	2026-08-15T10:39:14.3583603Z ##[group]Checking out the ref
review / pass2	UNKNOWN STEP	2026-08-15T10:39:14.3584139Z [command]/usr/local/bin/git checkout --progress --force -B main refs/remotes/origin/main
review / pass2	UNKNOWN STEP	2026-08-15T10:39:14.3701520Z Switched to a new branch 'main'
review / pass2	UNKNOWN STEP	2026-08-15T10:39:14.3711666Z branch 'main' set up to track 'origin/main'.
review / pass2	UNKNOWN STEP	2026-08-15T10:39:14.3718460Z ##[endgroup]
review / pass2	UNKNOWN STEP	2026-08-15T10:39:14.3746622Z [command]/usr/local/bin/git log -1 --format=%H
review / pass2	UNKNOWN STEP	2026-08-15T10:39:14.3771025Z 623a2dbaae6fffe4e0cfe4e975c4442ae8ea3116
review / pass2	UNKNOWN STEP	2026-08-15T10:39:14.3927233Z ##[group]Run actions/checkout@3d3c42e5aac5ba805825da76410c181273ba90b1
review / pass2	UNKNOWN STEP	2026-08-15T10:39:14.3927471Z with:
review / pass2	UNKNOWN STEP	2026-08-15T10:39:14.3927613Z   ref: b7d6a85f59d50efad746cad6b43d4c743b7950ce
review / pass2	UNKNOWN STEP	2026-08-15T10:39:14.3927781Z   path: submission
review / pass2	UNKNOWN STEP	2026-08-15T10:39:14.3927916Z   persist-credentials: false
review / pass2	UNKNOWN STEP	2026-08-15T10:39:14.3928067Z   allow-unsafe-pr-checkout: true
review / pass2	UNKNOWN STEP	2026-08-15T10:39:14.3928301Z   repository: handshake-project-dynamo/dynamo-1573c1a-data-querying-and-databases
review / pass2	UNKNOWN STEP	2026-08-15T10:39:14.3929614Z   token: ***
review / pass2	UNKNOWN STEP	2026-08-15T10:39:14.3929732Z   ssh-strict: true
review / pass2	UNKNOWN STEP	2026-08-15T10:39:14.3929857Z   ssh-user: git
review / pass2	UNKNOWN STEP	2026-08-15T10:39:14.3929970Z   clean: true
review / pass2	UNKNOWN STEP	2026-08-15T10:39:14.3930533Z   sparse-checkout-cone-mode: true
review / pass2	UNKNOWN STEP	2026-08-15T10:39:14.3930681Z   fetch-depth: 1
review / pass2	UNKNOWN STEP	2026-08-15T10:39:14.3930825Z   fetch-tags: false
review / pass2	UNKNOWN STEP	2026-08-15T10:39:14.3931004Z   show-progress: true
review / pass2	UNKNOWN STEP	2026-08-15T10:39:14.3931134Z   lfs: false
review / pass2	UNKNOWN STEP	2026-08-15T10:39:14.3931245Z   submodules: false
review / pass2	UNKNOWN STEP	2026-08-15T10:39:14.3931407Z   set-safe-directory: true
review / pass2	UNKNOWN STEP	2026-08-15T10:39:14.3931542Z env:
review / pass2	UNKNOWN STEP	2026-08-15T10:39:14.3932707Z   GH_TOKEN: ***
review / pass2	UNKNOWN STEP	2026-08-15T10:39:14.3932894Z   REPO: handshake-project-dynamo/dynamo-1573c1a-data-querying-and-databases
review / pass2	UNKNOWN STEP	2026-08-15T10:39:14.3933110Z   PR_NUMBER: 5
review / pass2	UNKNOWN STEP	2026-08-15T10:39:14.3933239Z   BLACKSMITH_RUNNER_MESSAGE_WAIT_MS: 924
review / pass2	UNKNOWN STEP	2026-08-15T10:39:14.3933400Z   BLACKSMITH_RUNNER_ACQUIRE_JOB_MS: 1234
review / pass2	UNKNOWN STEP	2026-08-15T10:39:14.3933641Z   GITHUB_REPO_NAME: handshake-project-dynamo/dynamo-1573c1a-data-querying-and-databases
review / pass2	UNKNOWN STEP	2026-08-15T10:39:14.3933875Z ##[endgroup]
review / pass2	UNKNOWN STEP	2026-08-15T10:39:14.4517874Z Syncing repository: handshake-project-dynamo/dynamo-1573c1a-data-querying-and-databases
review / pass2	UNKNOWN STEP	2026-08-15T10:39:14.4518507Z ##[group]Getting Git version info
review / pass2	UNKNOWN STEP	2026-08-15T10:39:14.4518936Z Working directory is '/home/runner/_work/dynamo-1573c1a-data-querying-and-databases/dynamo-1573c1a-data-querying-and-databases/submission'
review / pass2	UNKNOWN STEP	2026-08-15T10:39:14.4542411Z [command]/usr/local/bin/git version
review / pass2	UNKNOWN STEP	2026-08-15T10:39:14.4577871Z git version 2.52.0
review / pass2	UNKNOWN STEP	2026-08-15T10:39:14.4587726Z ##[endgroup]
review / pass2	UNKNOWN STEP	2026-08-15T10:39:14.4593200Z Temporarily overriding HOME='/home/runner/_work/_temp/fd5e4d2f-a2ca-4cd0-bef5-f417ad7a3c8f' before making global git config changes
review / pass2	UNKNOWN STEP	2026-08-15T10:39:14.4593711Z Adding repository directory to the temporary git global config as a safe directory
review / pass2	UNKNOWN STEP	2026-08-15T10:39:14.4596547Z [command]/usr/local/bin/git config --global --add safe.directory /home/runner/_work/dynamo-1573c1a-data-querying-and-databases/dynamo-1573c1a-data-querying-and-databases/submission
review / pass2	UNKNOWN STEP	2026-08-15T10:39:14.4626096Z ##[group]Determining repository object format
review / pass2	UNKNOWN STEP	2026-08-15T10:39:14.4627627Z ##[endgroup]
review / pass2	UNKNOWN STEP	2026-08-15T10:39:14.4627926Z ##[group]Initializing the repository
review / pass2	UNKNOWN STEP	2026-08-15T10:39:14.4630533Z [command]/usr/local/bin/git init /home/runner/_work/dynamo-1573c1a-data-querying-and-databases/dynamo-1573c1a-data-querying-and-databases/submission
review / pass2	UNKNOWN STEP	2026-08-15T10:39:14.4669908Z hint: Using 'master' as the name for the initial branch. This default branch name
review / pass2	UNKNOWN STEP	2026-08-15T10:39:14.4670925Z hint: will change to "main" in Git 3.0. To configure the initial branch name
review / pass2	UNKNOWN STEP	2026-08-15T10:39:14.4671257Z hint: to use in all of your new repositories, which will suppress this warning,
review / pass2	UNKNOWN STEP	2026-08-15T10:39:14.4671469Z hint: call:
review / pass2	UNKNOWN STEP	2026-08-15T10:39:14.4671576Z hint:
review / pass2	UNKNOWN STEP	2026-08-15T10:39:14.4671739Z hint: 	git config --global init.defaultBranch <name>
review / pass2	UNKNOWN STEP	2026-08-15T10:39:14.4671908Z hint:
review / pass2	UNKNOWN STEP	2026-08-15T10:39:14.4672090Z hint: Names commonly chosen instead of 'master' are 'main', 'trunk' and
review / pass2	UNKNOWN STEP	2026-08-15T10:39:14.4672434Z hint: 'development'. The just-created branch can be renamed via this command:
review / pass2	UNKNOWN STEP	2026-08-15T10:39:14.4672637Z hint:
review / pass2	UNKNOWN STEP	2026-08-15T10:39:14.4672816Z hint: 	git branch -m <name>
review / pass2	UNKNOWN STEP	2026-08-15T10:39:14.4672948Z hint:
review / pass2	UNKNOWN STEP	2026-08-15T10:39:14.4673132Z hint: Disable this message with "git config set advice.defaultBranchName false"
review / pass2	UNKNOWN STEP	2026-08-15T10:39:14.4673712Z Initialized empty Git repository in /home/runner/_work/dynamo-1573c1a-data-querying-and-databases/dynamo-1573c1a-data-querying-and-databases/submission/.git/
review / pass2	UNKNOWN STEP	2026-08-15T10:39:14.4679197Z [command]/usr/local/bin/git remote add origin https://github.com/handshake-project-dynamo/dynamo-1573c1a-data-querying-and-databases
review / pass2	UNKNOWN STEP	2026-08-15T10:39:14.4709369Z ##[endgroup]
review / pass2	UNKNOWN STEP	2026-08-15T10:39:14.4709728Z ##[group]Disabling automatic garbage collection
review / pass2	UNKNOWN STEP	2026-08-15T10:39:14.4712372Z [command]/usr/local/bin/git config --local gc.auto 0
review / pass2	UNKNOWN STEP	2026-08-15T10:39:14.4733872Z ##[endgroup]
review / pass2	UNKNOWN STEP	2026-08-15T10:39:14.4734212Z ##[group]Setting up auth
review / pass2	UNKNOWN STEP	2026-08-15T10:39:14.4734505Z Removing SSH command configuration
review / pass2	UNKNOWN STEP	2026-08-15T10:39:14.4738769Z [command]/usr/local/bin/git config --local --name-only --get-regexp core\.sshCommand
review / pass2	UNKNOWN STEP	2026-08-15T10:39:14.4763479Z [command]/usr/local/bin/git submodule foreach --recursive sh -c "git config --local --name-only --get-regexp 'core\.sshCommand' && git config --local --unset-all 'core.sshCommand' || :"
review / pass2	UNKNOWN STEP	2026-08-15T10:39:14.4878667Z Removing HTTP extra header
review / pass2	UNKNOWN STEP	2026-08-15T10:39:14.4884419Z [command]/usr/local/bin/git config --local --name-only --get-regexp http\.https\:\/\/github\.com\/\.extraheader
review / pass2	UNKNOWN STEP	2026-08-15T10:39:14.4916397Z [command]/usr/local/bin/git submodule foreach --recursive sh -c "git config --local --name-only --get-regexp 'http\.https\:\/\/github\.com\/\.extraheader' && git config --local --unset-all 'http.https://github.com/.extraheader' || :"
review / pass2	UNKNOWN STEP	2026-08-15T10:39:14.5031375Z Removing includeIf entries pointing to credentials config files
review / pass2	UNKNOWN STEP	2026-08-15T10:39:14.5036219Z [command]/usr/local/bin/git config --local --name-only --get-regexp ^includeIf\.gitdir:
review / pass2	UNKNOWN STEP	2026-08-15T10:39:14.5069812Z [command]/usr/local/bin/git submodule foreach --recursive git config --local --show-origin --name-only --get-regexp remote.origin.url
review / pass2	UNKNOWN STEP	2026-08-15T10:39:14.5199375Z [command]/usr/local/bin/git config --file /home/runner/_work/_temp/git-credentials-debf6ac5-3e89-46b8-90d9-88c2dfa3d729.config http.https://github.com/.extraheader AUTHORIZATION: basic ***
review / pass2	UNKNOWN STEP	2026-08-15T10:39:14.5235471Z [command]/usr/local/bin/git config --local includeIf.gitdir:/home/runner/_work/dynamo-1573c1a-data-querying-and-databases/dynamo-1573c1a-data-querying-and-databases/submission/.git.path /home/runner/_work/_temp/git-credentials-debf6ac5-3e89-46b8-90d9-88c2dfa3d729.config
review / pass2	UNKNOWN STEP	2026-08-15T10:39:14.5261099Z [command]/usr/local/bin/git config --local includeIf.gitdir:/home/runner/_work/dynamo-1573c1a-data-querying-and-databases/dynamo-1573c1a-data-querying-and-databases/submission/.git/worktrees/*.path /home/runner/_work/_temp/git-credentials-debf6ac5-3e89-46b8-90d9-88c2dfa3d729.config
review / pass2	UNKNOWN STEP	2026-08-15T10:39:14.5286273Z [command]/usr/local/bin/git config --local includeIf.gitdir:/github/workspace/submission/.git.path /github/runner_temp/git-credentials-debf6ac5-3e89-46b8-90d9-88c2dfa3d729.config
review / pass2	UNKNOWN STEP	2026-08-15T10:39:14.5312981Z [command]/usr/local/bin/git config --local includeIf.gitdir:/github/workspace/submission/.git/worktrees/*.path /github/runner_temp/git-credentials-debf6ac5-3e89-46b8-90d9-88c2dfa3d729.config
review / pass2	UNKNOWN STEP	2026-08-15T10:39:14.5334865Z ##[endgroup]
review / pass2	UNKNOWN STEP	2026-08-15T10:39:14.5335253Z ##[group]Fetching the repository
review / pass2	UNKNOWN STEP	2026-08-15T10:39:14.5340933Z [command]/usr/local/bin/git -c protocol.version=2 fetch --no-tags --prune --no-recurse-submodules --depth=1 origin b7d6a85f59d50efad746cad6b43d4c743b7950ce
review / pass2	UNKNOWN STEP	2026-08-15T10:39:15.5111330Z From https://github.com/handshake-project-dynamo/dynamo-1573c1a-data-querying-and-databases
review / pass2	UNKNOWN STEP	2026-08-15T10:39:15.5112071Z  * branch            b7d6a85f59d50efad746cad6b43d4c743b7950ce -> FETCH_HEAD
review / pass2	UNKNOWN STEP	2026-08-15T10:39:15.5124209Z [command]/usr/local/bin/git rev-parse --verify --quiet b7d6a85f59d50efad746cad6b43d4c743b7950ce^{object}
review / pass2	UNKNOWN STEP	2026-08-15T10:39:15.5141339Z b7d6a85f59d50efad746cad6b43d4c743b7950ce
review / pass2	UNKNOWN STEP	2026-08-15T10:39:15.5143032Z ##[endgroup]
review / pass2	UNKNOWN STEP	2026-08-15T10:39:15.5143268Z ##[group]Determining the checkout info
review / pass2	UNKNOWN STEP	2026-08-15T10:39:15.5144256Z ##[endgroup]
review / pass2	UNKNOWN STEP	2026-08-15T10:39:15.5146735Z [command]/usr/local/bin/git sparse-checkout disable
review / pass2	UNKNOWN STEP	2026-08-15T10:39:15.5167793Z [command]/usr/local/bin/git config --local --unset-all extensions.worktreeConfig
review / pass2	UNKNOWN STEP	2026-08-15T10:39:15.5184897Z ##[group]Checking out the ref
review / pass2	UNKNOWN STEP	2026-08-15T10:39:15.5187687Z [command]/usr/local/bin/git checkout --progress --force b7d6a85f59d50efad746cad6b43d4c743b7950ce
review / pass2	UNKNOWN STEP	2026-08-15T10:39:15.5318574Z Note: switching to 'b7d6a85f59d50efad746cad6b43d4c743b7950ce'.
review / pass2	UNKNOWN STEP	2026-08-15T10:39:15.5318830Z 
review / pass2	UNKNOWN STEP	2026-08-15T10:39:15.5318976Z You are in 'detached HEAD' state. You can look around, make experimental
review / pass2	UNKNOWN STEP	2026-08-15T10:39:15.5319297Z changes and commit them, and you can discard any commits you make in this
review / pass2	UNKNOWN STEP	2026-08-15T10:39:15.5319616Z state without impacting any branches by switching back to a branch.
review / pass2	UNKNOWN STEP	2026-08-15T10:39:15.5319790Z 
review / pass2	UNKNOWN STEP	2026-08-15T10:39:15.5319922Z If you want to create a new branch to retain commits you create, you may
review / pass2	UNKNOWN STEP	2026-08-15T10:39:15.5320200Z do so (now or later) by using -c with the switch command. Example:
review / pass2	UNKNOWN STEP	2026-08-15T10:39:15.5320376Z 
review / pass2	UNKNOWN STEP	2026-08-15T10:39:15.5320474Z   git switch -c <new-branch-name>
review / pass2	UNKNOWN STEP	2026-08-15T10:39:15.5320660Z 
review / pass2	UNKNOWN STEP	2026-08-15T10:39:15.5320797Z Or undo this operation with:
review / pass2	UNKNOWN STEP	2026-08-15T10:39:15.5320924Z 
review / pass2	UNKNOWN STEP	2026-08-15T10:39:15.5321013Z   git switch -
review / pass2	UNKNOWN STEP	2026-08-15T10:39:15.5321118Z 
review / pass2	UNKNOWN STEP	2026-08-15T10:39:15.5321273Z Turn off this advice by setting config variable advice.detachedHead to false
review / pass2	UNKNOWN STEP	2026-08-15T10:39:15.5321471Z 
review / pass2	UNKNOWN STEP	2026-08-15T10:39:15.5321669Z HEAD is now at b7d6a85 fix(instruction): clarify BFS aggregation and independent limiting resource availability
review / pass2	UNKNOWN STEP	2026-08-15T10:39:15.5322480Z ##[endgroup]
review / pass2	UNKNOWN STEP	2026-08-15T10:39:15.5351813Z [command]/usr/local/bin/git log -1 --format=%H
review / pass2	UNKNOWN STEP	2026-08-15T10:39:15.5370835Z b7d6a85f59d50efad746cad6b43d4c743b7950ce
review / pass2	UNKNOWN STEP	2026-08-15T10:39:15.5375960Z ##[group]Removing auth
review / pass2	UNKNOWN STEP	2026-08-15T10:39:15.5376118Z Removing SSH command configuration
review / pass2	UNKNOWN STEP	2026-08-15T10:39:15.5378270Z [command]/usr/local/bin/git config --local --name-only --get-regexp core\.sshCommand
review / pass2	UNKNOWN STEP	2026-08-15T10:39:15.5402548Z [command]/usr/local/bin/git submodule foreach --recursive sh -c "git config --local --name-only --get-regexp 'core\.sshCommand' && git config --local --unset-all 'core.sshCommand' || :"
review / pass2	UNKNOWN STEP	2026-08-15T10:39:15.5502396Z Removing HTTP extra header
review / pass2	UNKNOWN STEP	2026-08-15T10:39:15.5504402Z [command]/usr/local/bin/git config --local --name-only --get-regexp http\.https\:\/\/github\.com\/\.extraheader
review / pass2	UNKNOWN STEP	2026-08-15T10:39:15.5527686Z [command]/usr/local/bin/git submodule foreach --recursive sh -c "git config --local --name-only --get-regexp 'http\.https\:\/\/github\.com\/\.extraheader' && git config --local --unset-all 'http.https://github.com/.extraheader' || :"
review / pass2	UNKNOWN STEP	2026-08-15T10:39:15.5623660Z Removing includeIf entries pointing to credentials config files
review / pass2	UNKNOWN STEP	2026-08-15T10:39:15.5625991Z [command]/usr/local/bin/git config --local --name-only --get-regexp ^includeIf\.gitdir:
review / pass2	UNKNOWN STEP	2026-08-15T10:39:15.5662568Z includeif.gitdir:/home/runner/_work/dynamo-1573c1a-data-querying-and-databases/dynamo-1573c1a-data-querying-and-databases/submission/.git.path
review / pass2	UNKNOWN STEP	2026-08-15T10:39:15.5663130Z includeif.gitdir:/home/runner/_work/dynamo-1573c1a-data-querying-and-databases/dynamo-1573c1a-data-querying-and-databases/submission/.git/worktrees/*.path
review / pass2	UNKNOWN STEP	2026-08-15T10:39:15.5663511Z includeif.gitdir:/github/workspace/submission/.git.path
review / pass2	UNKNOWN STEP	2026-08-15T10:39:15.5663765Z includeif.gitdir:/github/workspace/submission/.git/worktrees/*.path
review / pass2	UNKNOWN STEP	2026-08-15T10:39:15.5672140Z [command]/usr/local/bin/git config --local --get-all includeif.gitdir:/home/runner/_work/dynamo-1573c1a-data-querying-and-databases/dynamo-1573c1a-data-querying-and-databases/submission/.git.path
review / pass2	UNKNOWN STEP	2026-08-15T10:39:15.5688145Z /home/runner/_work/_temp/git-credentials-debf6ac5-3e89-46b8-90d9-88c2dfa3d729.config
review / pass2	UNKNOWN STEP	2026-08-15T10:39:15.5696642Z [command]/usr/local/bin/git config --local --unset includeif.gitdir:/home/runner/_work/dynamo-1573c1a-data-querying-and-databases/dynamo-1573c1a-data-querying-and-databases/submission/.git.path \/home\/runner\/_work\/_temp\/git\-credentials\-debf6ac5\-3e89\-46b8\-90d9\-88c2dfa3d729\.config
review / pass2	UNKNOWN STEP	2026-08-15T10:39:15.5733461Z [command]/usr/local/bin/git config --local --get-all includeif.gitdir:/home/runner/_work/dynamo-1573c1a-data-querying-and-databases/dynamo-1573c1a-data-querying-and-databases/submission/.git/worktrees/*.path
review / pass2	UNKNOWN STEP	2026-08-15T10:39:15.5761806Z /home/runner/_work/_temp/git-credentials-debf6ac5-3e89-46b8-90d9-88c2dfa3d729.config
review / pass2	UNKNOWN STEP	2026-08-15T10:39:15.5762876Z [command]/usr/local/bin/git config --local --unset includeif.gitdir:/home/runner/_work/dynamo-1573c1a-data-querying-and-databases/dynamo-1573c1a-data-querying-and-databases/submission/.git/worktrees/*.path \/home\/runner\/_work\/_temp\/git\-credentials\-debf6ac5\-3e89\-46b8\-90d9\-88c2dfa3d729\.config
review / pass2	UNKNOWN STEP	2026-08-15T10:39:15.5785910Z [command]/usr/local/bin/git config --local --get-all includeif.gitdir:/github/workspace/submission/.git.path
review / pass2	UNKNOWN STEP	2026-08-15T10:39:15.5801140Z /github/runner_temp/git-credentials-debf6ac5-3e89-46b8-90d9-88c2dfa3d729.config
review / pass2	UNKNOWN STEP	2026-08-15T10:39:15.5804197Z [command]/usr/local/bin/git config --local --unset includeif.gitdir:/github/workspace/submission/.git.path \/github\/runner_temp\/git\-credentials\-debf6ac5\-3e89\-46b8\-90d9\-88c2dfa3d729\.config
review / pass2	UNKNOWN STEP	2026-08-15T10:39:15.5828734Z [command]/usr/local/bin/git config --local --get-all includeif.gitdir:/github/workspace/submission/.git/worktrees/*.path
review / pass2	UNKNOWN STEP	2026-08-15T10:39:15.5839232Z /github/runner_temp/git-credentials-debf6ac5-3e89-46b8-90d9-88c2dfa3d729.config
review / pass2	UNKNOWN STEP	2026-08-15T10:39:15.5842746Z [command]/usr/local/bin/git config --local --unset includeif.gitdir:/github/workspace/submission/.git/worktrees/*.path \/github\/runner_temp\/git\-credentials\-debf6ac5\-3e89\-46b8\-90d9\-88c2dfa3d729\.config
review / pass2	UNKNOWN STEP	2026-08-15T10:39:15.5863647Z [command]/usr/local/bin/git submodule foreach --recursive git config --local --show-origin --name-only --get-regexp remote.origin.url
review / pass2	UNKNOWN STEP	2026-08-15T10:39:15.5972735Z Removing credentials config '/home/runner/_work/_temp/git-credentials-debf6ac5-3e89-46b8-90d9-88c2dfa3d729.config'
review / pass2	UNKNOWN STEP	2026-08-15T10:39:15.5979221Z ##[endgroup]
review / pass2	UNKNOWN STEP	2026-08-15T10:39:15.6108463Z Node 20 is being deprecated. This workflow is running with Node 24 by default. If you need to temporarily use Node 20, you can set the ACTIONS_ALLOW_USE_UNSECURE_NODE_VERSION=true environment variable. For more information see: https://github.blog/changelog/2025-09-19-deprecation-of-node-20-on-github-actions-runners/
review / pass2	UNKNOWN STEP	2026-08-15T10:39:15.6109273Z ##[group]Run marocchino/sticky-pull-request-comment@773744901bac0e8cbb5a0dc842800d45e9b2b405
review / pass2	UNKNOWN STEP	2026-08-15T10:39:15.6109580Z with:
review / pass2	UNKNOWN STEP	2026-08-15T10:39:15.6109753Z   header: pass2-timeout-check
review / pass2	UNKNOWN STEP	2026-08-15T10:39:15.6109942Z   number: 5
review / pass2	UNKNOWN STEP	2026-08-15T10:39:15.6110398Z   message: ## ⏱️ Timeout Pre-check (pass@2) ⏳
review / pass2	UNKNOWN STEP	Running 2 agent trials with a hard 3600s timeout on the **agent run** (excludes environment startup) to catch timeout / infra errors before the full pass@5...
review / pass2	UNKNOWN STEP	
review / pass2	UNKNOWN STEP	2026-08-15T10:39:15.6110913Z   append: false
review / pass2	UNKNOWN STEP	2026-08-15T10:39:15.6111080Z   recreate: false
review / pass2	UNKNOWN STEP	2026-08-15T10:39:15.6111247Z   delete: false
review / pass2	UNKNOWN STEP	2026-08-15T10:39:15.6111528Z   only_create: false
review / pass2	UNKNOWN STEP	2026-08-15T10:39:15.6111682Z   only_update: false
review / pass2	UNKNOWN STEP	2026-08-15T10:39:15.6127517Z   hide_details: false
review / pass2	UNKNOWN STEP	2026-08-15T10:39:15.6127663Z   hide: false
review / pass2	UNKNOWN STEP	2026-08-15T10:39:15.6127774Z   hide_and_recreate: false
review / pass2	UNKNOWN STEP	2026-08-15T10:39:15.6127904Z   hide_classify: OUTDATED
review / pass2	UNKNOWN STEP	2026-08-15T10:39:15.6128026Z   ignore_empty: false
review / pass2	UNKNOWN STEP	2026-08-15T10:39:15.6128144Z   skip_unchanged: false
review / pass2	UNKNOWN STEP	2026-08-15T10:39:15.6128267Z   follow_symbolic_links: false
review / pass2	UNKNOWN STEP	2026-08-15T10:39:15.6129496Z   GITHUB_TOKEN: ***
review / pass2	UNKNOWN STEP	2026-08-15T10:39:15.6129628Z env:
review / pass2	UNKNOWN STEP	2026-08-15T10:39:15.6130815Z   GH_TOKEN: ***
review / pass2	UNKNOWN STEP	2026-08-15T10:39:15.6131006Z   REPO: handshake-project-dynamo/dynamo-1573c1a-data-querying-and-databases
review / pass2	UNKNOWN STEP	2026-08-15T10:39:15.6131503Z   PR_NUMBER: 5
review / pass2	UNKNOWN STEP	2026-08-15T10:39:15.6131633Z   BLACKSMITH_RUNNER_MESSAGE_WAIT_MS: 924
review / pass2	UNKNOWN STEP	2026-08-15T10:39:15.6131794Z   BLACKSMITH_RUNNER_ACQUIRE_JOB_MS: 1234
review / pass2	UNKNOWN STEP	2026-08-15T10:39:15.6132030Z   GITHUB_REPO_NAME: handshake-project-dynamo/dynamo-1573c1a-data-querying-and-databases
review / pass2	UNKNOWN STEP	2026-08-15T10:39:15.6132269Z ##[endgroup]
review / pass2	UNKNOWN STEP	2026-08-15T10:39:17.2152398Z Node 20 is being deprecated. This workflow is running with Node 24 by default. If you need to temporarily use Node 20, you can set the ACTIONS_ALLOW_USE_UNSECURE_NODE_VERSION=true environment variable. For more information see: https://github.blog/changelog/2025-09-19-deprecation-of-node-20-on-github-actions-runners/
review / pass2	UNKNOWN STEP	2026-08-15T10:39:17.2153048Z ##[group]Run actions/setup-python@a26af69be951a213d495a4c3e4e4022e16d87065
review / pass2	UNKNOWN STEP	2026-08-15T10:39:17.2153242Z with:
review / pass2	UNKNOWN STEP	2026-08-15T10:39:17.2153348Z   python-version: 3.11
review / pass2	UNKNOWN STEP	2026-08-15T10:39:17.2153473Z   check-latest: false
review / pass2	UNKNOWN STEP	2026-08-15T10:39:17.2154527Z   token: ***
review / pass2	UNKNOWN STEP	2026-08-15T10:39:17.2154640Z   update-environment: true
review / pass2	UNKNOWN STEP	2026-08-15T10:39:17.2154783Z   allow-prereleases: false
review / pass2	UNKNOWN STEP	2026-08-15T10:39:17.2154904Z   freethreaded: false
review / pass2	UNKNOWN STEP	2026-08-15T10:39:17.2155019Z env:
review / pass2	UNKNOWN STEP	2026-08-15T10:39:17.2156057Z   GH_TOKEN: ***
review / pass2	UNKNOWN STEP	2026-08-15T10:39:17.2156228Z   REPO: handshake-project-dynamo/dynamo-1573c1a-data-querying-and-databases
review / pass2	UNKNOWN STEP	2026-08-15T10:39:17.2156434Z   PR_NUMBER: 5
review / pass2	UNKNOWN STEP	2026-08-15T10:39:17.2156591Z   BLACKSMITH_RUNNER_MESSAGE_WAIT_MS: 924
review / pass2	UNKNOWN STEP	2026-08-15T10:39:17.2156742Z   BLACKSMITH_RUNNER_ACQUIRE_JOB_MS: 1234
review / pass2	UNKNOWN STEP	2026-08-15T10:39:17.2156967Z   GITHUB_REPO_NAME: handshake-project-dynamo/dynamo-1573c1a-data-querying-and-databases
review / pass2	UNKNOWN STEP	2026-08-15T10:39:17.2157187Z ##[endgroup]
review / pass2	UNKNOWN STEP	2026-08-15T10:39:17.2985283Z ##[group]Installed versions
review / pass2	UNKNOWN STEP	2026-08-15T10:39:17.3037015Z (node:4229) [DEP0040] DeprecationWarning: The `punycode` module is deprecated. Please use a userland alternative instead.
review / pass2	UNKNOWN STEP	2026-08-15T10:39:17.3037436Z (Use `node --trace-deprecation ...` to show where the warning was created)
review / pass2	UNKNOWN STEP	2026-08-15T10:39:17.3037816Z Successfully set up CPython (3.11.14)
review / pass2	UNKNOWN STEP	2026-08-15T10:39:17.3038180Z ##[endgroup]
review / pass2	UNKNOWN STEP	2026-08-15T10:39:17.3134801Z Node 20 is being deprecated. This workflow is running with Node 24 by default. If you need to temporarily use Node 20, you can set the ACTIONS_ALLOW_USE_UNSECURE_NODE_VERSION=true environment variable. For more information see: https://github.blog/changelog/2025-09-19-deprecation-of-node-20-on-github-actions-runners/
review / pass2	UNKNOWN STEP	2026-08-15T10:39:17.3135478Z ##[group]Run astral-sh/setup-uv@38f3f104447c67c051c4a08e39b64a148898af3a
review / pass2	UNKNOWN STEP	2026-08-15T10:39:17.3135684Z with:
review / pass2	UNKNOWN STEP	2026-08-15T10:39:17.3135798Z   version: latest
review / pass2	UNKNOWN STEP	2026-08-15T10:39:17.3173086Z   github-token: ***
review / pass2	UNKNOWN STEP	2026-08-15T10:39:17.3173212Z   enable-cache: false
review / pass2	UNKNOWN STEP	2026-08-15T10:39:17.3173343Z   cache-dependency-glob: **/uv.lock
review / pass2	UNKNOWN STEP	2026-08-15T10:39:17.3173484Z   prune-cache: true
review / pass2	UNKNOWN STEP	2026-08-15T10:39:17.3173608Z   ignore-nothing-to-cache: false
review / pass2	UNKNOWN STEP	2026-08-15T10:39:17.3173745Z env:
review / pass2	UNKNOWN STEP	2026-08-15T10:39:17.3174789Z   GH_TOKEN: ***
review / pass2	UNKNOWN STEP	2026-08-15T10:39:17.3174973Z   REPO: handshake-project-dynamo/dynamo-1573c1a-data-querying-and-databases
review / pass2	UNKNOWN STEP	2026-08-15T10:39:17.3175219Z   PR_NUMBER: 5
review / pass2	UNKNOWN STEP	2026-08-15T10:39:17.3175338Z   BLACKSMITH_RUNNER_MESSAGE_WAIT_MS: 924
review / pass2	UNKNOWN STEP	2026-08-15T10:39:17.3175498Z   BLACKSMITH_RUNNER_ACQUIRE_JOB_MS: 1234
review / pass2	UNKNOWN STEP	2026-08-15T10:39:17.3175722Z   GITHUB_REPO_NAME: handshake-project-dynamo/dynamo-1573c1a-data-querying-and-databases
review / pass2	UNKNOWN STEP	2026-08-15T10:39:17.3175990Z   pythonLocation: /opt/hostedtoolcache/Python/3.11.14/x64
review / pass2	UNKNOWN STEP	2026-08-15T10:39:17.3176222Z   PKG_CONFIG_PATH: /opt/hostedtoolcache/Python/3.11.14/x64/lib/pkgconfig
review / pass2	UNKNOWN STEP	2026-08-15T10:39:17.3176450Z   Python_ROOT_DIR: /opt/hostedtoolcache/Python/3.11.14/x64
review / pass2	UNKNOWN STEP	2026-08-15T10:39:17.3176654Z   Python2_ROOT_DIR: /opt/hostedtoolcache/Python/3.11.14/x64
review / pass2	UNKNOWN STEP	2026-08-15T10:39:17.3176854Z   Python3_ROOT_DIR: /opt/hostedtoolcache/Python/3.11.14/x64
review / pass2	UNKNOWN STEP	2026-08-15T10:39:17.3177060Z   LD_LIBRARY_PATH: /opt/hostedtoolcache/Python/3.11.14/x64/lib
review / pass2	UNKNOWN STEP	2026-08-15T10:39:17.3177236Z ##[endgroup]
review / pass2	UNKNOWN STEP	2026-08-15T10:39:17.4014660Z (node:4237) [DEP0040] DeprecationWarning: The `punycode` module is deprecated. Please use a userland alternative instead.
review / pass2	UNKNOWN STEP	2026-08-15T10:39:17.4016468Z (Use `node --trace-deprecation ...` to show where the warning was created)
review / pass2	UNKNOWN STEP	2026-08-15T10:39:17.7250684Z Downloading uv from "https://github.com/astral-sh/uv/releases/download/0.12.5/uv-x86_64-unknown-linux-gnu.tar.gz" ...
review / pass2	UNKNOWN STEP	2026-08-15T10:39:18.1092099Z [command]/usr/bin/tar xz --warning=no-unknown-keyword --overwrite -C /home/runner/_work/_temp/e2b3e83d-725c-409d-8543-37f7ca18e6fd -f /home/runner/_work/_temp/c1b1d444-93cf-48d3-b0dc-dfe57dcbcc84
review / pass2	UNKNOWN STEP	2026-08-15T10:39:18.4165905Z Added /opt/hostedtoolcache/uv/0.12.5/x86_64 to the path
review / pass2	UNKNOWN STEP	2026-08-15T10:39:18.4166353Z Added /home/runner/.local/bin to the path
review / pass2	UNKNOWN STEP	2026-08-15T10:39:18.4173631Z Set UV_CACHE_DIR to /home/runner/_work/_temp/setup-uv-cache
review / pass2	UNKNOWN STEP	2026-08-15T10:39:18.4173884Z Successfully installed uv version 0.12.5
review / pass2	UNKNOWN STEP	2026-08-15T10:39:18.4231062Z ##[group]Run sudo wget -qO /usr/local/bin/yq https://github.com/mikefarah/yq/releases/latest/download/yq_linux_amd64
review / pass2	UNKNOWN STEP	2026-08-15T10:39:18.4231570Z ^[[36;1msudo wget -qO /usr/local/bin/yq https://github.com/mikefarah/yq/releases/latest/download/yq_linux_amd64^[[0m
review / pass2	UNKNOWN STEP	2026-08-15T10:39:18.4231897Z ^[[36;1msudo chmod +x /usr/local/bin/yq^[[0m
review / pass2	UNKNOWN STEP	2026-08-15T10:39:18.4232071Z ^[[36;1mF=.harbor/harbor-run-defaults.yml^[[0m
review / pass2	UNKNOWN STEP	2026-08-15T10:39:18.4232287Z ^[[36;1m# GATING pass@2 uses `.agents` (GPT-5.4) — same model as the pass@5 trials.^[[0m
review / pass2	UNKNOWN STEP	2026-08-15T10:39:18.4232640Z ^[[36;1mecho "agents=$(yq -o=json -I=0 '.agents' "$F" | jq -c 'map({agent:.agent, model:.model, kwargs:(.kwargs//{}), env:(.env//{})})')" >> $GITHUB_OUTPUT^[[0m
review / pass2	UNKNOWN STEP	2026-08-15T10:39:18.4232970Z ^[[36;1mENVB=$(yq '.env // "daytona"' "$F"); echo "envb=$ENVB" >> $GITHUB_OUTPUT^[[0m
review / pass2	UNKNOWN STEP	2026-08-15T10:39:18.4233241Z ^[[36;1m# pass@2 agent budget = the fellow's task.toml [agent].timeout_sec, CAPPED at 3600s (1hr).^[[0m
review / pass2	UNKNOWN STEP	2026-08-15T10:39:18.4233577Z ^[[36;1m# The 1hr is only an upper bound; the fellow's value is honored below it. Missing/invalid → 3600.^[[0m
review / pass2	UNKNOWN STEP	2026-08-15T10:39:18.4234081Z ^[[36;1mPASS2_TO=$(python3 -c "import tomllib; d=tomllib.load(open('submission/task/task.toml','rb')); v=d.get('agent',{}).get('timeout_sec',3600); print(min(int(v),3600) if isinstance(v,(int,float)) and v>0 else 3600)" 2>/dev/null || echo 3600)^[[0m
review / pass2	UNKNOWN STEP	2026-08-15T10:39:18.4234540Z ^[[36;1mecho "pass2_timeout=${PASS2_TO:-3600}" >> $GITHUB_OUTPUT^[[0m
review / pass2	UNKNOWN STEP	2026-08-15T10:39:18.4234846Z ^[[36;1mif [ "$ENVB" = "docker" ]; then uv tool install harbor==0.14.0; else uv tool install --python 3.12 "harbor[$ENVB]==0.14.0"; fi^[[0m
review / pass2	UNKNOWN STEP	2026-08-15T10:39:18.4254040Z shell: /usr/bin/bash -e {0}
review / pass2	UNKNOWN STEP	2026-08-15T10:39:18.4254175Z env:
review / pass2	UNKNOWN STEP	2026-08-15T10:39:18.4255406Z   GH_TOKEN: ***
review / pass2	UNKNOWN STEP	2026-08-15T10:39:18.4256046Z   REPO: handshake-project-dynamo/dynamo-1573c1a-data-querying-and-databases
review / pass2	UNKNOWN STEP	2026-08-15T10:39:18.4256647Z   PR_NUMBER: 5
review / pass2	UNKNOWN STEP	2026-08-15T10:39:18.4256838Z   BLACKSMITH_RUNNER_MESSAGE_WAIT_MS: 924
review / pass2	UNKNOWN STEP	2026-08-15T10:39:18.4256997Z   BLACKSMITH_RUNNER_ACQUIRE_JOB_MS: 1234
review / pass2	UNKNOWN STEP	2026-08-15T10:39:18.4257212Z   GITHUB_REPO_NAME: handshake-project-dynamo/dynamo-1573c1a-data-querying-and-databases
review / pass2	UNKNOWN STEP	2026-08-15T10:39:18.4257465Z   pythonLocation: /opt/hostedtoolcache/Python/3.11.14/x64
review / pass2	UNKNOWN STEP	2026-08-15T10:39:18.4257683Z   PKG_CONFIG_PATH: /opt/hostedtoolcache/Python/3.11.14/x64/lib/pkgconfig
review / pass2	UNKNOWN STEP	2026-08-15T10:39:18.4257897Z   Python_ROOT_DIR: /opt/hostedtoolcache/Python/3.11.14/x64
review / pass2	UNKNOWN STEP	2026-08-15T10:39:18.4258151Z   Python2_ROOT_DIR: /opt/hostedtoolcache/Python/3.11.14/x64
review / pass2	UNKNOWN STEP	2026-08-15T10:39:18.4258342Z   Python3_ROOT_DIR: /opt/hostedtoolcache/Python/3.11.14/x64
review / pass2	UNKNOWN STEP	2026-08-15T10:39:18.4258532Z   LD_LIBRARY_PATH: /opt/hostedtoolcache/Python/3.11.14/x64/lib
review / pass2	UNKNOWN STEP	2026-08-15T10:39:18.4258720Z   UV_CACHE_DIR: /home/runner/_work/_temp/setup-uv-cache
review / pass2	UNKNOWN STEP	2026-08-15T10:39:18.4258872Z ##[endgroup]
review / pass2	UNKNOWN STEP	2026-08-15T10:39:19.4259379Z Resolved 126 packages in 537ms
review / pass2	UNKNOWN STEP	2026-08-15T10:39:19.4409297Z Downloading litellm (23.1MiB)
review / pass2	UNKNOWN STEP	2026-08-15T10:39:19.4409727Z Downloading numpy (15.9MiB)
review / pass2	UNKNOWN STEP	2026-08-15T10:39:19.4410490Z Downloading cryptography (4.5MiB)
review / pass2	UNKNOWN STEP	2026-08-15T10:39:19.4410915Z Downloading tokenizers (3.2MiB)
review / pass2	UNKNOWN STEP	2026-08-15T10:39:19.4411374Z Downloading pydantic-core (2.0MiB)
review / pass2	UNKNOWN STEP	2026-08-15T10:39:19.4411919Z Downloading openai (1.6MiB)
review / pass2	UNKNOWN STEP	2026-08-15T10:39:19.4412194Z Downloading pygments (1.2MiB)
review / pass2	UNKNOWN STEP	2026-08-15T10:39:19.4412418Z Downloading tiktoken (1.1MiB)
review / pass2	UNKNOWN STEP	2026-08-15T10:39:19.4448772Z Downloading aiohttp (1.7MiB)
review / pass2	UNKNOWN STEP	2026-08-15T10:39:19.4449438Z Downloading pandas (10.5MiB)
review / pass2	UNKNOWN STEP	2026-08-15T10:39:19.4451153Z Downloading hf-xet (4.3MiB)
review / pass2	UNKNOWN STEP	2026-08-15T10:39:19.4451677Z Downloading claude-agent-sdk (93.8MiB)
review / pass2	UNKNOWN STEP	2026-08-15T10:39:19.4452241Z Downloading obstore (5.4MiB)
review / pass2	UNKNOWN STEP	2026-08-15T10:39:19.4453979Z Downloading pyarrow (47.8MiB)
review / pass2	UNKNOWN STEP	2026-08-15T10:39:19.4454526Z Downloading harbor (1.3MiB)
review / pass2	UNKNOWN STEP	2026-08-15T10:39:19.6578387Z  Downloaded tiktoken
review / pass2	UNKNOWN STEP	2026-08-15T10:39:19.7346452Z  Downloaded aiohttp
review / pass2	UNKNOWN STEP	2026-08-15T10:39:19.7459214Z  Downloaded pydantic-core
review / pass2	UNKNOWN STEP	2026-08-15T10:39:19.7973450Z  Downloaded tokenizers
review / pass2	UNKNOWN STEP	2026-08-15T10:39:19.8509559Z  Downloaded hf-xet
review / pass2	UNKNOWN STEP	2026-08-15T10:39:19.8758449Z  Downloaded pygments
review / pass2	UNKNOWN STEP	2026-08-15T10:39:19.8894089Z  Downloaded cryptography
review / pass2	UNKNOWN STEP	2026-08-15T10:39:19.8943196Z  Downloaded obstore
review / pass2	UNKNOWN STEP	2026-08-15T10:39:19.8968954Z  Downloaded harbor
review / pass2	UNKNOWN STEP	2026-08-15T10:39:20.2118715Z  Downloaded numpy
review / pass2	UNKNOWN STEP	2026-08-15T10:39:20.4141838Z  Downloaded openai
review / pass2	UNKNOWN STEP	2026-08-15T10:39:20.8174973Z  Downloaded claude-agent-sdk
review / pass2	UNKNOWN STEP	2026-08-15T10:39:20.8268305Z  Downloaded pandas
review / pass2	UNKNOWN STEP	2026-08-15T10:39:20.8457456Z  Downloaded pyarrow
review / pass2	UNKNOWN STEP	2026-08-15T10:39:20.9875158Z  Downloaded litellm
review / pass2	UNKNOWN STEP	2026-08-15T10:39:20.9876159Z Prepared 126 packages in 1.56s
review / pass2	UNKNOWN STEP	2026-08-15T10:39:21.0484717Z Installed 126 packages in 60ms
review / pass2	UNKNOWN STEP	2026-08-15T10:39:21.0485042Z  + aiofiles==25.1.0
review / pass2	UNKNOWN STEP	2026-08-15T10:39:21.0485510Z  + aiohappyeyeballs==2.7.1
review / pass2	UNKNOWN STEP	2026-08-15T10:39:21.0485670Z  + aiohttp==3.14.3
review / pass2	UNKNOWN STEP	2026-08-15T10:39:21.0485790Z  + aiohttp-retry==2.9.1
review / pass2	UNKNOWN STEP	2026-08-15T10:39:21.0485910Z  + aiosignal==1.4.0
review / pass2	UNKNOWN STEP	2026-08-15T10:39:21.0486046Z  + annotated-doc==0.0.5
review / pass2	UNKNOWN STEP	2026-08-15T10:39:21.0486165Z  + annotated-types==0.8.0
review / pass2	UNKNOWN STEP	2026-08-15T10:39:21.0486288Z  + anyio==4.14.2
review / pass2	UNKNOWN STEP	2026-08-15T10:39:21.0486420Z  + attrs==26.1.0
review / pass2	UNKNOWN STEP	2026-08-15T10:39:21.0486526Z  + bidict==0.23.1
review / pass2	UNKNOWN STEP	2026-08-15T10:39:21.0486635Z  + certifi==2026.7.22
review / pass2	UNKNOWN STEP	2026-08-15T10:39:21.0490996Z  + cffi==2.1.1
review / pass2	UNKNOWN STEP	2026-08-15T10:39:21.0491203Z  + charset-normalizer==3.5.1
review / pass2	UNKNOWN STEP	2026-08-15T10:39:21.0491336Z  + claude-agent-sdk==0.2.139
review / pass2	UNKNOWN STEP	2026-08-15T10:39:21.0491460Z  + click==8.4.2
review / pass2	UNKNOWN STEP	2026-08-15T10:39:21.0491566Z  + cryptography==50.0.0
review / pass2	UNKNOWN STEP	2026-08-15T10:39:21.0491695Z  + datasets==5.0.1
review / pass2	UNKNOWN STEP	2026-08-15T10:39:21.0491799Z  + daytona==0.204.0
review / pass2	UNKNOWN STEP	2026-08-15T10:39:21.0491956Z  + daytona-analytics-api-client==0.204.0
review / pass2	UNKNOWN STEP	2026-08-15T10:39:21.0492123Z  + daytona-analytics-api-client-async==0.204.0
review / pass2	UNKNOWN STEP	2026-08-15T10:39:21.0492284Z  + daytona-api-client==0.204.0
review / pass2	UNKNOWN STEP	2026-08-15T10:39:21.0492422Z  + daytona-api-client-async==0.204.0
review / pass2	UNKNOWN STEP	2026-08-15T10:39:21.0492576Z  + daytona-toolbox-api-client==0.204.0
review / pass2	UNKNOWN STEP	2026-08-15T10:39:21.0492731Z  + daytona-toolbox-api-client-async==0.204.0
review / pass2	UNKNOWN STEP	2026-08-15T10:39:21.0492880Z  + deprecated==1.3.1
review / pass2	UNKNOWN STEP	2026-08-15T10:39:21.0492994Z  + deprecation==2.1.0
review / pass2	UNKNOWN STEP	2026-08-15T10:39:21.0493108Z  + dill==0.4.1
review / pass2	UNKNOWN STEP	2026-08-15T10:39:21.0493211Z  + dirhash==0.5.0
review / pass2	UNKNOWN STEP	2026-08-15T10:39:21.0493315Z  + distro==1.9.0
review / pass2	UNKNOWN STEP	2026-08-15T10:39:21.0493424Z  + fastapi==0.141.1
review / pass2	UNKNOWN STEP	2026-08-15T10:39:21.0493528Z  + fastuuid==0.14.0
review / pass2	UNKNOWN STEP	2026-08-15T10:39:21.0493638Z  + filelock==3.32.3
review / pass2	UNKNOWN STEP	2026-08-15T10:39:21.0493744Z  + frozenlist==1.8.0
review / pass2	UNKNOWN STEP	2026-08-15T10:39:21.0493856Z  + fsspec==2026.6.0
review / pass2	UNKNOWN STEP	2026-08-15T10:39:21.0493995Z  + googleapis-common-protos==1.75.1
review / pass2	UNKNOWN STEP	2026-08-15T10:39:21.0494134Z  + h11==0.16.0
review / pass2	UNKNOWN STEP	2026-08-15T10:39:21.0494234Z  + h2==4.4.1
review / pass2	UNKNOWN STEP	2026-08-15T10:39:21.0494336Z  + harbor==0.14.0
review / pass2	UNKNOWN STEP	2026-08-15T10:39:21.0494440Z  + hf-xet==1.6.0
review / pass2	UNKNOWN STEP	2026-08-15T10:39:21.0494544Z  + hpack==4.2.0
review / pass2	UNKNOWN STEP	2026-08-15T10:39:21.0494648Z  + httpcore==1.0.9
review / pass2	UNKNOWN STEP	2026-08-15T10:39:21.0494754Z  + httpx==0.28.1
review / pass2	UNKNOWN STEP	2026-08-15T10:39:21.0494854Z  + httpx-sse==0.4.3
review / pass2	UNKNOWN STEP	2026-08-15T10:39:21.0494961Z  + httpx-ws==0.9.0
review / pass2	UNKNOWN STEP	2026-08-15T10:39:21.0495070Z  + huggingface-hub==1.27.0
review / pass2	UNKNOWN STEP	2026-08-15T10:39:21.0495189Z  + hyperframe==6.1.0
review / pass2	UNKNOWN STEP	2026-08-15T10:39:21.0495302Z  + idna==3.18
review / pass2	UNKNOWN STEP	2026-08-15T10:39:21.0495412Z  + importlib-metadata==8.9.0
review / pass2	UNKNOWN STEP	2026-08-15T10:39:21.0495537Z  + jinja2==3.1.6
review / pass2	UNKNOWN STEP	2026-08-15T10:39:21.0495640Z  + jiter==0.16.0
review / pass2	UNKNOWN STEP	2026-08-15T10:39:21.0495743Z  + jsonschema==4.26.0
review / pass2	UNKNOWN STEP	2026-08-15T10:39:21.0495863Z  + jsonschema-specifications==2025.9.1
review / pass2	UNKNOWN STEP	2026-08-15T10:39:21.0495997Z  + litellm==1.96.2
review / pass2	UNKNOWN STEP	2026-08-15T10:39:21.0496104Z  + markdown-it-py==4.2.0
review / pass2	UNKNOWN STEP	2026-08-15T10:39:21.0496222Z  + markupsafe==3.0.3
review / pass2	UNKNOWN STEP	2026-08-15T10:39:21.0496329Z  + mcp==1.29.0
review / pass2	UNKNOWN STEP	2026-08-15T10:39:21.0496429Z  + mdurl==0.1.2
review / pass2	UNKNOWN STEP	2026-08-15T10:39:21.0496533Z  + multidict==6.7.1
review / pass2	UNKNOWN STEP	2026-08-15T10:39:21.0496643Z  + multiprocess==0.70.19
review / pass2	UNKNOWN STEP	2026-08-15T10:39:21.0496753Z  + numpy==2.5.2
review / pass2	UNKNOWN STEP	2026-08-15T10:39:21.0496859Z  + obstore==0.11.0
review / pass2	UNKNOWN STEP	2026-08-15T10:39:21.0496963Z  + openai==2.54.0
review / pass2	UNKNOWN STEP	2026-08-15T10:39:21.0497077Z  + opentelemetry-api==1.44.0
review / pass2	UNKNOWN STEP	2026-08-15T10:39:21.0497228Z  + opentelemetry-exporter-otlp-proto-common==1.44.0
review / pass2	UNKNOWN STEP	2026-08-15T10:39:21.0497417Z  + opentelemetry-exporter-otlp-proto-http==1.44.0
review / pass2	UNKNOWN STEP	2026-08-15T10:39:21.0497592Z  + opentelemetry-instrumentation==0.65b0
review / pass2	UNKNOWN STEP	2026-08-15T10:39:21.0498027Z  + opentelemetry-instrumentation-aiohttp-client==0.65b0
review / pass2	UNKNOWN STEP	2026-08-15T10:39:21.0498203Z  + opentelemetry-proto==1.44.0
review / pass2	UNKNOWN STEP	2026-08-15T10:39:21.0498333Z  + opentelemetry-sdk==1.44.0
review / pass2	UNKNOWN STEP	2026-08-15T10:39:21.0498479Z  + opentelemetry-semantic-conventions==0.65b0
review / pass2	UNKNOWN STEP	2026-08-15T10:39:21.0498638Z  + opentelemetry-util-http==0.65b0
review / pass2	UNKNOWN STEP	2026-08-15T10:39:21.0498769Z  + packaging==26.3
review / pass2	UNKNOWN STEP	2026-08-15T10:39:21.0498879Z  + pandas==3.0.5
review / pass2	UNKNOWN STEP	2026-08-15T10:39:21.0498986Z  + pathspec==1.1.1
review / pass2	UNKNOWN STEP	2026-08-15T10:39:21.0499095Z  + postgrest==2.31.0
review / pass2	UNKNOWN STEP	2026-08-15T10:39:21.0499203Z  + propcache==0.5.2
review / pass2	UNKNOWN STEP	2026-08-15T10:39:21.0499312Z  + protobuf==7.35.1
review / pass2	UNKNOWN STEP	2026-08-15T10:39:21.0499413Z  + pyarrow==25.0.1
review / pass2	UNKNOWN STEP	2026-08-15T10:39:21.0499517Z  + pycparser==3.0
review / pass2	UNKNOWN STEP	2026-08-15T10:39:21.0499619Z  + pydantic==2.13.4
review / pass2	UNKNOWN STEP	2026-08-15T10:39:21.0499730Z  + pydantic-core==2.46.4
review / pass2	UNKNOWN STEP	2026-08-15T10:39:21.0499848Z  + pydantic-settings==2.15.0
review / pass2	UNKNOWN STEP	2026-08-15T10:39:21.0499972Z  + pygments==2.20.0
review / pass2	UNKNOWN STEP	2026-08-15T10:39:21.0500081Z  + pyjwt==2.13.0
review / pass2	UNKNOWN STEP	2026-08-15T10:39:21.0500195Z  + python-dateutil==2.9.0.post0
review / pass2	UNKNOWN STEP	2026-08-15T10:39:21.0500323Z  + python-dotenv==1.2.2
review / pass2	UNKNOWN STEP	2026-08-15T10:39:21.0500446Z  + python-engineio==4.13.5
review / pass2	UNKNOWN STEP	2026-08-15T10:39:21.0500573Z  + python-multipart==0.0.32
review / pass2	UNKNOWN STEP	2026-08-15T10:39:21.0500697Z  + python-socketio==5.16.4
review / pass2	UNKNOWN STEP	2026-08-15T10:39:21.0500815Z  + pyyaml==6.0.3
review / pass2	UNKNOWN STEP	2026-08-15T10:39:21.0500919Z  + realtime==2.31.0
review / pass2	UNKNOWN STEP	2026-08-15T10:39:21.0501029Z  + referencing==0.37.0
review / pass2	UNKNOWN STEP	2026-08-15T10:39:21.0501274Z  + regex==2026.7.19
review / pass2	UNKNOWN STEP	2026-08-15T10:39:21.0501379Z  + requests==2.34.2
review / pass2	UNKNOWN STEP	2026-08-15T10:39:21.0501479Z  + rich==15.0.0
review / pass2	UNKNOWN STEP	2026-08-15T10:39:21.0501586Z  + rpds-py==2026.6.3
review / pass2	UNKNOWN STEP	2026-08-15T10:39:21.0501691Z  + scantree==0.0.4
review / pass2	UNKNOWN STEP	2026-08-15T10:39:21.0501800Z  + shellingham==1.5.4
review / pass2	UNKNOWN STEP	2026-08-15T10:39:21.0501908Z  + shortuuid==1.0.13
review / pass2	UNKNOWN STEP	2026-08-15T10:39:21.0502023Z  + simple-websocket==1.1.0
review / pass2	UNKNOWN STEP	2026-08-15T10:39:21.0502134Z  + six==1.17.0
review / pass2	UNKNOWN STEP	2026-08-15T10:39:21.0502237Z  + sniffio==1.3.1
review / pass2	UNKNOWN STEP	2026-08-15T10:39:21.0502343Z  + sse-starlette==3.4.8
review / pass2	UNKNOWN STEP	2026-08-15T10:39:21.0502461Z  + starlette==1.6.0
review / pass2	UNKNOWN STEP	2026-08-15T10:39:21.0502567Z  + storage3==2.31.0
review / pass2	UNKNOWN STEP	2026-08-15T10:39:21.0502672Z  + strenum==0.4.15
review / pass2	UNKNOWN STEP	2026-08-15T10:39:21.0502773Z  + supabase==2.31.0
review / pass2	UNKNOWN STEP	2026-08-15T10:39:21.0502882Z  + supabase-auth==2.31.0
review / pass2	UNKNOWN STEP	2026-08-15T10:39:21.0503003Z  + supabase-functions==2.31.0
review / pass2	UNKNOWN STEP	2026-08-15T10:39:21.0503127Z  + tenacity==9.1.4
review / pass2	UNKNOWN STEP	2026-08-15T10:39:21.0503226Z  + tiktoken==0.13.0
review / pass2	UNKNOWN STEP	2026-08-15T10:39:21.0503331Z  + tokenizers==0.23.1
review / pass2	UNKNOWN STEP	2026-08-15T10:39:21.0503449Z  + toml==0.10.2
review / pass2	UNKNOWN STEP	2026-08-15T10:39:21.0503548Z  + tqdm==4.70.0
review / pass2	UNKNOWN STEP	2026-08-15T10:39:21.0503645Z  + typer==0.27.1
review / pass2	UNKNOWN STEP	2026-08-15T10:39:21.0503755Z  + typing-extensions==4.16.0
review / pass2	UNKNOWN STEP	2026-08-15T10:39:21.0503877Z  + typing-inspection==0.4.4
review / pass2	UNKNOWN STEP	2026-08-15T10:39:21.0503998Z  + urllib3==2.7.0
review / pass2	UNKNOWN STEP	2026-08-15T10:39:21.0504101Z  + uvicorn==0.52.3
review / pass2	UNKNOWN STEP	2026-08-15T10:39:21.0504214Z  + websocket-client==1.9.0
review / pass2	UNKNOWN STEP	2026-08-15T10:39:21.0504336Z  + websockets==15.0.1
review / pass2	UNKNOWN STEP	2026-08-15T10:39:21.0504450Z  + wrapt==2.3.0
review / pass2	UNKNOWN STEP	2026-08-15T10:39:21.0504551Z  + wsproto==1.3.2
review / pass2	UNKNOWN STEP	2026-08-15T10:39:21.0504652Z  + xxhash==4.0.0
review / pass2	UNKNOWN STEP	2026-08-15T10:39:21.0504748Z  + yarl==1.24.5
review / pass2	UNKNOWN STEP	2026-08-15T10:39:21.0504852Z  + zipp==4.1.0
review / pass2	UNKNOWN STEP	2026-08-15T10:39:21.0504975Z Installed 3 executables: harbor, hb, hr
review / pass2	UNKNOWN STEP	2026-08-15T10:39:21.0583946Z ##[group]Run TASK_NAME=$(python3 -c 'import tomllib; data=tomllib.load(open("submission/task/task.toml", "rb")); print(data.get("task", {}).get("name", ""))' 2>/dev/null || true)
review / pass2	UNKNOWN STEP	2026-08-15T10:39:21.0584572Z ^[[36;1mTASK_NAME=$(python3 -c 'import tomllib; data=tomllib.load(open("submission/task/task.toml", "rb")); print(data.get("task", {}).get("name", ""))' 2>/dev/null || true)^[[0m
review / pass2	UNKNOWN STEP	2026-08-15T10:39:21.0584972Z ^[[36;1mTASK_NAME="${TASK_NAME:-${GITHUB_REPOSITORY##*/}}"^[[0m
review / pass2	UNKNOWN STEP	2026-08-15T10:39:21.0585139Z ^[[36;1mjq -cn \^[[0m
review / pass2	UNKNOWN STEP	2026-08-15T10:39:21.0585259Z ^[[36;1m  --arg task "$TASK_NAME" \^[[0m
review / pass2	UNKNOWN STEP	2026-08-15T10:39:21.0585416Z ^[[36;1m  --arg repository "$GITHUB_REPOSITORY" \^[[0m
review / pass2	UNKNOWN STEP	2026-08-15T10:39:21.0585575Z ^[[36;1m  --arg sha "$DYNAMO_SHA" \^[[0m
review / pass2	UNKNOWN STEP	2026-08-15T10:39:21.0585714Z ^[[36;1m  --arg run_id "$GITHUB_RUN_ID" \^[[0m
review / pass2	UNKNOWN STEP	2026-08-15T10:39:21.0585858Z ^[[36;1m  --arg job "$GITHUB_JOB" \^[[0m
review / pass2	UNKNOWN STEP	2026-08-15T10:39:21.0586161Z ^[[36;1m  '{"dynamo.task":$task,"dynamo.repository":$repository,"dynamo.sha":$sha,"dynamo.github_run_id":$run_id,"dynamo.github_job":$job}' \^[[0m
review / pass2	UNKNOWN STEP	2026-08-15T10:39:21.0586460Z ^[[36;1m  > "$RUNNER_TEMP/dynamo-harbor-labels.json"^[[0m
review / pass2	UNKNOWN STEP	2026-08-15T10:39:21.0602454Z shell: /usr/bin/bash -e {0}
review / pass2	UNKNOWN STEP	2026-08-15T10:39:21.0602585Z env:
review / pass2	UNKNOWN STEP	2026-08-15T10:39:21.0603682Z   GH_TOKEN: ***
review / pass2	UNKNOWN STEP	2026-08-15T10:39:21.0603865Z   REPO: handshake-project-dynamo/dynamo-1573c1a-data-querying-and-databases
review / pass2	UNKNOWN STEP	2026-08-15T10:39:21.0604069Z   PR_NUMBER: 5
review / pass2	UNKNOWN STEP	2026-08-15T10:39:21.0604193Z   BLACKSMITH_RUNNER_MESSAGE_WAIT_MS: 924
review / pass2	UNKNOWN STEP	2026-08-15T10:39:21.0604340Z   BLACKSMITH_RUNNER_ACQUIRE_JOB_MS: 1234
review / pass2	UNKNOWN STEP	2026-08-15T10:39:21.0604559Z   GITHUB_REPO_NAME: handshake-project-dynamo/dynamo-1573c1a-data-querying-and-databases
review / pass2	UNKNOWN STEP	2026-08-15T10:39:21.0604809Z   pythonLocation: /opt/hostedtoolcache/Python/3.11.14/x64
review / pass2	UNKNOWN STEP	2026-08-15T10:39:21.0605025Z   PKG_CONFIG_PATH: /opt/hostedtoolcache/Python/3.11.14/x64/lib/pkgconfig
review / pass2	UNKNOWN STEP	2026-08-15T10:39:21.0605233Z   Python_ROOT_DIR: /opt/hostedtoolcache/Python/3.11.14/x64
review / pass2	UNKNOWN STEP	2026-08-15T10:39:21.0605430Z   Python2_ROOT_DIR: /opt/hostedtoolcache/Python/3.11.14/x64
review / pass2	UNKNOWN STEP	2026-08-15T10:39:21.0605619Z   Python3_ROOT_DIR: /opt/hostedtoolcache/Python/3.11.14/x64
review / pass2	UNKNOWN STEP	2026-08-15T10:39:21.0605814Z   LD_LIBRARY_PATH: /opt/hostedtoolcache/Python/3.11.14/x64/lib
review / pass2	UNKNOWN STEP	2026-08-15T10:39:21.0606001Z   UV_CACHE_DIR: /home/runner/_work/_temp/setup-uv-cache
review / pass2	UNKNOWN STEP	2026-08-15T10:39:21.0606294Z   DYNAMO_SHA: b7d6a85f59d50efad746cad6b43d4c743b7950ce
review / pass2	UNKNOWN STEP	2026-08-15T10:39:21.0606450Z ##[endgroup]
review / pass2	UNKNOWN STEP	2026-08-15T10:39:21.0809016Z ##[group]Run set +e
review / pass2	UNKNOWN STEP	2026-08-15T10:39:21.0809165Z ^[[36;1mset +e^[[0m
review / pass2	UNKNOWN STEP	2026-08-15T10:39:21.0809297Z ^[[36;1mN_AGENTS=$(echo "$AGENTS_JSON" | jq 'length')^[[0m
review / pass2	UNKNOWN STEP	2026-08-15T10:39:21.0809459Z ^[[36;1mN_CONC=$((2 * N_AGENTS))^[[0m
review / pass2	UNKNOWN STEP	2026-08-15T10:39:21.0809627Z ^[[36;1mLABELS=$(<"$RUNNER_TEMP/dynamo-harbor-labels.json")^[[0m
review / pass2	UNKNOWN STEP	2026-08-15T10:39:21.0809992Z ^[[36;1mjq -n --arg job "$JOB_ID" --arg env "$ENVB" --argjson labels "$LABELS" --argjson nc "$N_CONC" --argjson agents "$AGENTS_JSON" --argjson cap "${PASS2_TIMEOUT:-3600}" \^[[0m
review / pass2	UNKNOWN STEP	2026-08-15T10:39:21.0810834Z ^[[36;1m  '{job_name:$job, jobs_dir:"pass2-output", n_attempts:2, n_concurrent_trials:$nc, environment:{type:$env, kwargs:({auto_stop_interval_mins:60} + (if $env == "daytona" then {labels:$labels} else {} end))}, agents:($agents|map({name:.agent, model_name:.model, kwargs:.kwargs, env:.env, override_timeout_sec:$cap})), tasks:[{path:"submission/task"}]}' \^[[0m
review / pass2	UNKNOWN STEP	2026-08-15T10:39:21.0811415Z ^[[36;1m  > /tmp/pass2-job.json^[[0m
review / pass2	UNKNOWN STEP	2026-08-15T10:39:21.0811591Z ^[[36;1mecho "JobConfig:"; jq . /tmp/pass2-job.json^[[0m
review / pass2	UNKNOWN STEP	2026-08-15T10:39:21.0811830Z ^[[36;1mrm -rf pass2-output 2>/dev/null || true   # only the final run's output should remain^[[0m
review / pass2	UNKNOWN STEP	2026-08-15T10:39:21.0812086Z ^[[36;1mharbor run -c /tmp/pass2-job.json 2>&1 | tee /tmp/pass2.log^[[0m
review / pass2	UNKNOWN STEP	2026-08-15T10:39:21.0825160Z shell: /usr/bin/bash -e {0}
review / pass2	UNKNOWN STEP	2026-08-15T10:39:21.0825289Z env:
review / pass2	UNKNOWN STEP	2026-08-15T10:39:21.0826350Z   GH_TOKEN: ***
review / pass2	UNKNOWN STEP	2026-08-15T10:39:21.0826526Z   REPO: handshake-project-dynamo/dynamo-1573c1a-data-querying-and-databases
review / pass2	UNKNOWN STEP	2026-08-15T10:39:21.0826730Z   PR_NUMBER: 5
review / pass2	UNKNOWN STEP	2026-08-15T10:39:21.0826843Z   BLACKSMITH_RUNNER_MESSAGE_WAIT_MS: 924
review / pass2	UNKNOWN STEP	2026-08-15T10:39:21.0826991Z   BLACKSMITH_RUNNER_ACQUIRE_JOB_MS: 1234
review / pass2	UNKNOWN STEP	2026-08-15T10:39:21.0827203Z   GITHUB_REPO_NAME: handshake-project-dynamo/dynamo-1573c1a-data-querying-and-databases
review / pass2	UNKNOWN STEP	2026-08-15T10:39:21.0827457Z   pythonLocation: /opt/hostedtoolcache/Python/3.11.14/x64
review / pass2	UNKNOWN STEP	2026-08-15T10:39:21.0827672Z   PKG_CONFIG_PATH: /opt/hostedtoolcache/Python/3.11.14/x64/lib/pkgconfig
review / pass2	UNKNOWN STEP	2026-08-15T10:39:21.0827910Z   Python_ROOT_DIR: /opt/hostedtoolcache/Python/3.11.14/x64
review / pass2	UNKNOWN STEP	2026-08-15T10:39:21.0828102Z   Python2_ROOT_DIR: /opt/hostedtoolcache/Python/3.11.14/x64
review / pass2	UNKNOWN STEP	2026-08-15T10:39:21.0828294Z   Python3_ROOT_DIR: /opt/hostedtoolcache/Python/3.11.14/x64
review / pass2	UNKNOWN STEP	2026-08-15T10:39:21.0828487Z   LD_LIBRARY_PATH: /opt/hostedtoolcache/Python/3.11.14/x64/lib
review / pass2	UNKNOWN STEP	2026-08-15T10:39:21.0828674Z   UV_CACHE_DIR: /home/runner/_work/_temp/setup-uv-cache
review / pass2	UNKNOWN STEP	2026-08-15T10:39:21.0829114Z   OPENAI_API_KEY: ***
review / pass2	UNKNOWN STEP	2026-08-15T10:39:21.0829321Z   OPENROUTER_API_KEY: ***
review / pass2	UNKNOWN STEP	2026-08-15T10:39:21.0829496Z   GEMINI_API_KEY: ***
review / pass2	UNKNOWN STEP	2026-08-15T10:39:21.0829617Z   MODAL_TOKEN_ID: 
review / pass2	UNKNOWN STEP	2026-08-15T10:39:21.0829724Z   MODAL_TOKEN_SECRET: 
review / pass2	UNKNOWN STEP	2026-08-15T10:39:21.0829912Z   DAYTONA_API_KEY: ***
review / pass2	UNKNOWN STEP	2026-08-15T10:39:21.0830020Z   DAYTONA_TARGET: 
review / pass2	UNKNOWN STEP	2026-08-15T10:39:21.0830312Z   AGENTS_JSON: [{"agent":"terminus-2","model":"openrouter/deepseek/deepseek-v4-pro","kwargs":{"llm_kwargs":{"reasoning":{"effort":"high"},"max_tokens":128000}},"env":{}}]
review / pass2	UNKNOWN STEP	2026-08-15T10:39:21.0830629Z   ENVB: daytona
review / pass2	UNKNOWN STEP	2026-08-15T10:39:21.0830742Z   PASS2_TIMEOUT: 600
review / pass2	UNKNOWN STEP	2026-08-15T10:39:21.0830857Z   JOB_ID: 31879562031-pass2
review / pass2	UNKNOWN STEP	2026-08-15T10:39:21.0830981Z ##[endgroup]
review / pass2	UNKNOWN STEP	2026-08-15T10:39:21.0879324Z JobConfig:
review / pass2	UNKNOWN STEP	2026-08-15T10:39:21.0887421Z {
review / pass2	UNKNOWN STEP	2026-08-15T10:39:21.0887590Z   "job_name": "31879562031-pass2",
review / pass2	UNKNOWN STEP	2026-08-15T10:39:21.0888834Z   "jobs_dir": "pass2-output",
review / pass2	UNKNOWN STEP	2026-08-15T10:39:21.0888995Z   "n_attempts": 2,
review / pass2	UNKNOWN STEP	2026-08-15T10:39:21.0889137Z   "n_concurrent_trials": 2,
review / pass2	UNKNOWN STEP	2026-08-15T10:39:21.0889282Z   "environment": {
review / pass2	UNKNOWN STEP	2026-08-15T10:39:21.0889416Z     "type": "daytona",
review / pass2	UNKNOWN STEP	2026-08-15T10:39:21.0889549Z     "kwargs": {
review / pass2	UNKNOWN STEP	2026-08-15T10:39:21.0889682Z       "auto_stop_interval_mins": 60,
review / pass2	UNKNOWN STEP	2026-08-15T10:39:21.0889838Z       "labels": {
review / pass2	UNKNOWN STEP	2026-08-15T10:39:21.0890001Z         "dynamo.task": "dynamo/bom-shortage-cascade",
review / pass2	UNKNOWN STEP	2026-08-15T10:39:21.0890367Z         "dynamo.repository": "handshake-project-dynamo/dynamo-1573c1a-data-querying-and-databases",
review / pass2	UNKNOWN STEP	2026-08-15T10:39:21.0891135Z         "dynamo.sha": "b7d6a85f59d50efad746cad6b43d4c743b7950ce",
review / pass2	UNKNOWN STEP	2026-08-15T10:39:21.0891339Z         "dynamo.github_run_id": "31879562031",
review / pass2	UNKNOWN STEP	2026-08-15T10:39:21.0891509Z         "dynamo.github_job": "pass2"
review / pass2	UNKNOWN STEP	2026-08-15T10:39:21.0891655Z       }
review / pass2	UNKNOWN STEP	2026-08-15T10:39:21.0891772Z     }
review / pass2	UNKNOWN STEP	2026-08-15T10:39:21.0891883Z   },
review / pass2	UNKNOWN STEP	2026-08-15T10:39:21.0892000Z   "agents": [
review / pass2	UNKNOWN STEP	2026-08-15T10:39:21.0892378Z     {
review / pass2	UNKNOWN STEP	2026-08-15T10:39:21.0892509Z       "name": "terminus-2",
review / pass2	UNKNOWN STEP	2026-08-15T10:39:21.0892687Z       "model_name": "openrouter/deepseek/deepseek-v4-pro",
review / pass2	UNKNOWN STEP	2026-08-15T10:39:21.0892860Z       "kwargs": {
review / pass2	UNKNOWN STEP	2026-08-15T10:39:21.0892978Z         "llm_kwargs": {
review / pass2	UNKNOWN STEP	2026-08-15T10:39:21.0893154Z           "reasoning": {
review / pass2	UNKNOWN STEP	2026-08-15T10:39:21.0893292Z             "effort": "high"
review / pass2	UNKNOWN STEP	2026-08-15T10:39:21.0893449Z           },
review / pass2	UNKNOWN STEP	2026-08-15T10:39:21.0893587Z           "max_tokens": 128000
review / pass2	UNKNOWN STEP	2026-08-15T10:39:21.0893704Z         }
review / pass2	UNKNOWN STEP	2026-08-15T10:39:21.0893833Z       },
review / pass2	UNKNOWN STEP	2026-08-15T10:39:21.0893963Z       "env": {},
review / pass2	UNKNOWN STEP	2026-08-15T10:39:21.0894085Z       "override_timeout_sec": 600
review / pass2	UNKNOWN STEP	2026-08-15T10:39:21.0894271Z     }
review / pass2	UNKNOWN STEP	2026-08-15T10:39:21.0894368Z   ],
review / pass2	UNKNOWN STEP	2026-08-15T10:39:21.0894486Z   "tasks": [
review / pass2	UNKNOWN STEP	2026-08-15T10:39:21.0894623Z     {
review / pass2	UNKNOWN STEP	2026-08-15T10:39:21.0894726Z       "path": "submission/task"
review / pass2	UNKNOWN STEP	2026-08-15T10:39:21.0894915Z     }
review / pass2	UNKNOWN STEP	2026-08-15T10:39:21.0895004Z   ]
review / pass2	UNKNOWN STEP	2026-08-15T10:39:21.0895136Z }
review / pass2	UNKNOWN STEP	2026-08-15T10:39:22.9689945Z Tip: There are many benchmarks available in Harbor's registry.
review / pass2	UNKNOWN STEP	2026-08-15T10:39:22.9690382Z Run `harbor datasets list` to see all available datasets.
review / pass2	UNKNOWN STEP	2026-08-15T10:39:22.9690516Z 
review / pass2	UNKNOWN STEP	2026-08-15T10:50:14.4215641Z   2/2 Mean: 1.000 ━━━━━━━━━━━━━━━━━━━━━━━━━━━━━━━━━━━━━━━━ 0:10:51 0:00:00
review / pass2	UNKNOWN STEP	2026-08-15T10:50:14.4239969Z adhoc • terminus-2 • deepseek/deepseek-v4-pro
review / pass2	UNKNOWN STEP	2026-08-15T10:50:14.4244974Z ┏━━━━━━━━┳━━━━━━━━━━━━┳━━━━━━━┳━━━━━━━━┓
review / pass2	UNKNOWN STEP	2026-08-15T10:50:14.4245143Z ┃ Trials ┃ Exceptions ┃  Mean ┃ Pass@2 ┃
review / pass2	UNKNOWN STEP	2026-08-15T10:50:14.4245313Z ┡━━━━━━━━╇━━━━━━━━━━━━╇━━━━━━━╇━━━━━━━━┩
review / pass2	UNKNOWN STEP	2026-08-15T10:50:14.4245460Z │      2 │          2 │ 1.000 │  1.000 │
review / pass2	UNKNOWN STEP	2026-08-15T10:50:14.4245620Z └────────┴────────────┴───────┴────────┘
review / pass2	UNKNOWN STEP	2026-08-15T10:50:14.4245777Z 
review / pass2	UNKNOWN STEP	2026-08-15T10:50:14.4247990Z ┏━━━━━━━━┳━━━━━━━┓
review / pass2	UNKNOWN STEP	2026-08-15T10:50:14.4248156Z ┃ Reward ┃ Count ┃
review / pass2	UNKNOWN STEP	2026-08-15T10:50:14.4248281Z ┡━━━━━━━━╇━━━━━━━┩
review / pass2	UNKNOWN STEP	2026-08-15T10:50:14.4248392Z │ 1.0    │     2 │
review / pass2	UNKNOWN STEP	2026-08-15T10:50:14.4248508Z └────────┴───────┘
review / pass2	UNKNOWN STEP	2026-08-15T10:50:14.4248571Z 
review / pass2	UNKNOWN STEP	2026-08-15T10:50:14.4250524Z ┏━━━━━━━━━━━━━━━━━━━┳━━━━━━━┓
review / pass2	UNKNOWN STEP	2026-08-15T10:50:14.4250663Z ┃ Exception         ┃ Count ┃
review / pass2	UNKNOWN STEP	2026-08-15T10:50:14.4250878Z ┡━━━━━━━━━━━━━━━━━━━╇━━━━━━━┩
review / pass2	UNKNOWN STEP	2026-08-15T10:50:14.4251032Z │ AgentTimeoutError │     2 │
review / pass2	UNKNOWN STEP	2026-08-15T10:50:14.4251182Z └───────────────────┴───────┘
review / pass2	UNKNOWN STEP	2026-08-15T10:50:14.4251309Z 
review / pass2	UNKNOWN STEP	2026-08-15T10:50:14.4251799Z Job Info
review / pass2	UNKNOWN STEP	2026-08-15T10:50:14.4252575Z Total runtime: 10m 51s
review / pass2	UNKNOWN STEP	2026-08-15T10:50:14.4253824Z Results written to pass2-output/31879562031-pass2/result.json
review / pass2	UNKNOWN STEP	2026-08-15T10:50:14.4254707Z Inspect results by running `harbor view pass2-output`
review / pass2	UNKNOWN STEP	2026-08-15T10:50:14.4255737Z Share results by running `harbor upload pass2-output/31879562031-pass2`
review / pass2	UNKNOWN STEP	2026-08-15T10:50:14.4255916Z 
review / pass2	UNKNOWN STEP	2026-08-15T10:50:14.4268797Z Exception ignored in atexit callback: <bound method DaytonaClientManager._cleanup_sync of <harbor.environments.daytona.environment.DaytonaClientManager object at 0x7f6fd53be540>>
review / pass2	UNKNOWN STEP	2026-08-15T10:50:14.4269230Z Traceback (most recent call last):
review / pass2	UNKNOWN STEP	2026-08-15T10:50:14.4276226Z   File "/home/runner/.local/share/uv/tools/harbor/lib/python3.12/site-packages/harbor/environments/daytona/environment.py", line 221, in _cleanup_sync
review / pass2	UNKNOWN STEP	2026-08-15T10:50:14.4276713Z     asyncio.run(self._cleanup())
review / pass2	UNKNOWN STEP	2026-08-15T10:50:14.4276945Z   File "/usr/lib/python3.12/asyncio/runners.py", line 194, in run
review / pass2	UNKNOWN STEP	2026-08-15T10:50:14.4277156Z     return runner.run(main)
review / pass2	UNKNOWN STEP	2026-08-15T10:50:14.4277300Z            ^^^^^^^^^^^^^^^^
review / pass2	UNKNOWN STEP	2026-08-15T10:50:14.4277477Z   File "/usr/lib/python3.12/asyncio/runners.py", line 118, in run
review / pass2	UNKNOWN STEP	2026-08-15T10:50:14.4277663Z     return self._loop.run_until_complete(task)
review / pass2	UNKNOWN STEP	2026-08-15T10:50:14.4277816Z            ^^^^^^^^^^^^^^^^^^^^^^^^^^^^^^^^^^^
review / pass2	UNKNOWN STEP	2026-08-15T10:50:14.4278027Z   File "/usr/lib/python3.12/asyncio/base_events.py", line 687, in run_until_complete
review / pass2	UNKNOWN STEP	2026-08-15T10:50:14.4278237Z     return future.result()
review / pass2	UNKNOWN STEP	2026-08-15T10:50:14.4278356Z            ^^^^^^^^^^^^^^^
review / pass2	UNKNOWN STEP	2026-08-15T10:50:14.4278679Z   File "/home/runner/.local/share/uv/tools/harbor/lib/python3.12/site-packages/harbor/environments/daytona/environment.py", line 231, in _cleanup
review / pass2	UNKNOWN STEP	2026-08-15T10:50:14.4278978Z     await self._client.close()
review / pass2	UNKNOWN STEP	2026-08-15T10:50:14.4279240Z   File "/home/runner/.local/share/uv/tools/harbor/lib/python3.12/site-packages/daytona/_async/daytona.py", line 436, in close
review / pass2	UNKNOWN STEP	2026-08-15T10:50:14.4279520Z     await self._event_dispatcher.disconnect()
review / pass2	UNKNOWN STEP	2026-08-15T10:50:14.4279830Z   File "/home/runner/.local/share/uv/tools/harbor/lib/python3.12/site-packages/daytona/internal/event_dispatcher.py", line 269, in disconnect
review / pass2	UNKNOWN STEP	2026-08-15T10:50:14.4280117Z     await self._disconnect()
review / pass2	UNKNOWN STEP	2026-08-15T10:50:14.4280447Z   File "/home/runner/.local/share/uv/tools/harbor/lib/python3.12/site-packages/daytona/internal/event_dispatcher.py", line 292, in _disconnect
review / pass2	UNKNOWN STEP	2026-08-15T10:50:14.4280762Z     await sio.disconnect()
review / pass2	UNKNOWN STEP	2026-08-15T10:50:14.4281029Z   File "/home/runner/.local/share/uv/tools/harbor/lib/python3.12/site-packages/socketio/async_client.py", line 332, in disconnect
review / pass2	UNKNOWN STEP	2026-08-15T10:50:14.4281293Z     await self.eio.disconnect()
review / pass2	UNKNOWN STEP	2026-08-15T10:50:14.4281552Z   File "/home/runner/.local/share/uv/tools/harbor/lib/python3.12/site-packages/engineio/async_client.py", line 175, in disconnect
review / pass2	UNKNOWN STEP	2026-08-15T10:50:14.4281815Z     await self.read_loop_task
review / pass2	UNKNOWN STEP	2026-08-15T10:50:14.4282450Z   File "/home/runner/.local/share/uv/tools/harbor/lib/python3.12/site-packages/engineio/async_client.py", line 577, in _read_loop_websocket
review / pass2	UNKNOWN STEP	2026-08-15T10:50:14.4282999Z     p = await asyncio.wait_for(
review / pass2	UNKNOWN STEP	2026-08-15T10:50:14.4283129Z         ^^^^^^^^^^^^^^^^^^^^^^^
review / pass2	UNKNOWN STEP	2026-08-15T10:50:14.4283301Z   File "/usr/lib/python3.12/asyncio/tasks.py", line 520, in wait_for
review / pass2	UNKNOWN STEP	2026-08-15T10:50:14.4283543Z     return await fut
review / pass2	UNKNOWN STEP	2026-08-15T10:50:14.4290472Z            ^^^^^^^^^
review / pass2	UNKNOWN STEP	2026-08-15T10:50:14.4290802Z   File "/home/runner/.local/share/uv/tools/harbor/lib/python3.12/site-packages/aiohttp/client_ws.py", line 411, in receive
review / pass2	UNKNOWN STEP	2026-08-15T10:50:14.4291091Z     msg = await self._reader.read()
review / pass2	UNKNOWN STEP	2026-08-15T10:50:14.4291226Z           ^^^^^^^^^^^^^^^^^^^^^^^^^
review / pass2	UNKNOWN STEP	2026-08-15T10:50:14.4291390Z   File "aiohttp/_websocket/reader_c.py", line 121, in read
review / pass2	UNKNOWN STEP	2026-08-15T10:50:14.4291687Z   File "aiohttp/_websocket/reader_c.py", line 118, in aiohttp._websocket.reader_c.WebSocketDataQueue.read
review / pass2	UNKNOWN STEP	2026-08-15T10:50:14.4291928Z asyncio.exceptions.CancelledError: 
review / pass2	UNKNOWN STEP	2026-08-15T10:50:15.2365646Z ##[group]Run {
review / pass2	UNKNOWN STEP	2026-08-15T10:50:15.2365846Z ^[[36;1m{^[[0m
review / pass2	UNKNOWN STEP	2026-08-15T10:50:15.2366123Z ^[[36;1m  echo "## pass@2 timeout pre-check (env=daytona, agent-run budget = task timeout_sec capped at 3600s/1hr, excludes env startup)"^[[0m
review / pass2	UNKNOWN STEP	2026-08-15T10:50:15.2366450Z ^[[36;1m  echo '<details><summary>Output</summary>'; echo ""; echo '```'^[[0m
review / pass2	UNKNOWN STEP	2026-08-15T10:50:15.2366696Z ^[[36;1m  tail -c 60000 /tmp/pass2.log 2>/dev/null; echo '```'; echo '</details>'^[[0m
review / pass2	UNKNOWN STEP	2026-08-15T10:50:15.2366899Z ^[[36;1m} >> $GITHUB_STEP_SUMMARY^[[0m
review / pass2	UNKNOWN STEP	2026-08-15T10:50:15.2387649Z shell: /usr/bin/bash -e {0}
review / pass2	UNKNOWN STEP	2026-08-15T10:50:15.2387841Z env:
review / pass2	UNKNOWN STEP	2026-08-15T10:50:15.2389063Z   GH_TOKEN: ***
review / pass2	UNKNOWN STEP	2026-08-15T10:50:15.2389318Z   REPO: handshake-project-dynamo/dynamo-1573c1a-data-querying-and-databases
review / pass2	UNKNOWN STEP	2026-08-15T10:50:15.2389530Z   PR_NUMBER: 5
review / pass2	UNKNOWN STEP	2026-08-15T10:50:15.2389647Z   BLACKSMITH_RUNNER_MESSAGE_WAIT_MS: 924
review / pass2	UNKNOWN STEP	2026-08-15T10:50:15.2389792Z   BLACKSMITH_RUNNER_ACQUIRE_JOB_MS: 1234
review / pass2	UNKNOWN STEP	2026-08-15T10:50:15.2390047Z   GITHUB_REPO_NAME: handshake-project-dynamo/dynamo-1573c1a-data-querying-and-databases
review / pass2	UNKNOWN STEP	2026-08-15T10:50:15.2390294Z   pythonLocation: /opt/hostedtoolcache/Python/3.11.14/x64
review / pass2	UNKNOWN STEP	2026-08-15T10:50:15.2390512Z   PKG_CONFIG_PATH: /opt/hostedtoolcache/Python/3.11.14/x64/lib/pkgconfig
review / pass2	UNKNOWN STEP	2026-08-15T10:50:15.2390730Z   Python_ROOT_DIR: /opt/hostedtoolcache/Python/3.11.14/x64
review / pass2	UNKNOWN STEP	2026-08-15T10:50:15.2390961Z   Python2_ROOT_DIR: /opt/hostedtoolcache/Python/3.11.14/x64
review / pass2	UNKNOWN STEP	2026-08-15T10:50:15.2391152Z   Python3_ROOT_DIR: /opt/hostedtoolcache/Python/3.11.14/x64
review / pass2	UNKNOWN STEP	2026-08-15T10:50:15.2391352Z   LD_LIBRARY_PATH: /opt/hostedtoolcache/Python/3.11.14/x64/lib
review / pass2	UNKNOWN STEP	2026-08-15T10:50:15.2391540Z   UV_CACHE_DIR: /home/runner/_work/_temp/setup-uv-cache
review / pass2	UNKNOWN STEP	2026-08-15T10:50:15.2391690Z ##[endgroup]
review / pass2	UNKNOWN STEP	2026-08-15T10:50:15.2449450Z ##[group]Run mkdir -p pass2-analyze
review / pass2	UNKNOWN STEP	2026-08-15T10:50:15.2449626Z ^[[36;1mmkdir -p pass2-analyze^[[0m
review / pass2	UNKNOWN STEP	2026-08-15T10:50:15.2449771Z ^[[36;1mfor d in pass2-output/*/; do^[[0m
review / pass2	UNKNOWN STEP	2026-08-15T10:50:15.2449967Z ^[[36;1m  if find "$d" -name result.json -print -quit 2>/dev/null | grep -q .; then^[[0m
review / pass2	UNKNOWN STEP	2026-08-15T10:50:15.2450298Z ^[[36;1m    harbor analyze -m claude-sonnet-4-6 --n-concurrent 2 \^[[0m
review / pass2	UNKNOWN STEP	2026-08-15T10:50:15.2450507Z ^[[36;1m      -r .harbor/rubrics/trial-analysis.toml \^[[0m
review / pass2	UNKNOWN STEP	2026-08-15T10:50:15.2450699Z ^[[36;1m      -p .harbor/rubrics/trial-analysis-prompt.txt \^[[0m
review / pass2	UNKNOWN STEP	2026-08-15T10:50:15.2450971Z ^[[36;1m      --job-prompt .harbor/rubrics/trial-analysis-job.txt \^[[0m
review / pass2	UNKNOWN STEP	2026-08-15T10:50:15.2451173Z ^[[36;1m      -o "pass2-analyze/$(basename "$d").json" "$d" || true^[[0m
review / pass2	UNKNOWN STEP	2026-08-15T10:50:15.2451334Z ^[[36;1m  fi^[[0m
review / pass2	UNKNOWN STEP	2026-08-15T10:50:15.2451435Z ^[[36;1mdone^[[0m
review / pass2	UNKNOWN STEP	2026-08-15T10:50:15.2463018Z shell: /usr/bin/bash -e {0}
review / pass2	UNKNOWN STEP	2026-08-15T10:50:15.2463148Z env:
review / pass2	UNKNOWN STEP	2026-08-15T10:50:15.2464194Z   GH_TOKEN: ***
review / pass2	UNKNOWN STEP	2026-08-15T10:50:15.2464390Z   REPO: handshake-project-dynamo/dynamo-1573c1a-data-querying-and-databases
review / pass2	UNKNOWN STEP	2026-08-15T10:50:15.2464583Z   PR_NUMBER: 5
review / pass2	UNKNOWN STEP	2026-08-15T10:50:15.2464702Z   BLACKSMITH_RUNNER_MESSAGE_WAIT_MS: 924
review / pass2	UNKNOWN STEP	2026-08-15T10:50:15.2464847Z   BLACKSMITH_RUNNER_ACQUIRE_JOB_MS: 1234
review / pass2	UNKNOWN STEP	2026-08-15T10:50:15.2465063Z   GITHUB_REPO_NAME: handshake-project-dynamo/dynamo-1573c1a-data-querying-and-databases
review / pass2	UNKNOWN STEP	2026-08-15T10:50:15.2465455Z   pythonLocation: /opt/hostedtoolcache/Python/3.11.14/x64
review / pass2	UNKNOWN STEP	2026-08-15T10:50:15.2465670Z   PKG_CONFIG_PATH: /opt/hostedtoolcache/Python/3.11.14/x64/lib/pkgconfig
review / pass2	UNKNOWN STEP	2026-08-15T10:50:15.2465881Z   Python_ROOT_DIR: /opt/hostedtoolcache/Python/3.11.14/x64
review / pass2	UNKNOWN STEP	2026-08-15T10:50:15.2466072Z   Python2_ROOT_DIR: /opt/hostedtoolcache/Python/3.11.14/x64
review / pass2	UNKNOWN STEP	2026-08-15T10:50:15.2466262Z   Python3_ROOT_DIR: /opt/hostedtoolcache/Python/3.11.14/x64
review / pass2	UNKNOWN STEP	2026-08-15T10:50:15.2466452Z   LD_LIBRARY_PATH: /opt/hostedtoolcache/Python/3.11.14/x64/lib
review / pass2	UNKNOWN STEP	2026-08-15T10:50:15.2466644Z   UV_CACHE_DIR: /home/runner/_work/_temp/setup-uv-cache
review / pass2	UNKNOWN STEP	2026-08-15T10:50:15.2466970Z   ANTHROPIC_API_KEY: ***
review / pass2	UNKNOWN STEP	2026-08-15T10:50:15.2467093Z ##[endgroup]
review / pass2	UNKNOWN STEP	2026-08-15T10:50:15.6652721Z 
review / pass2	UNKNOWN STEP	2026-08-15T10:50:15.6653146Z 🔍 Analyzing trial(s)...
review / pass2	UNKNOWN STEP	2026-08-15T10:53:35.4650584Z   Analyzing trials... ━━━━━━━━━━━━━━━━━━━━━━━━━━━━━━━━━━━━━━━━ 2/2 0:02:25
review / pass2	UNKNOWN STEP	2026-08-15T10:53:35.4654098Z ✓ Results written to pass2-analyze/31879562031-pass2.json
review / pass2	UNKNOWN STEP	2026-08-15T10:53:35.4745529Z 
review / pass2	UNKNOWN STEP	2026-08-15T10:53:35.4745594Z Job Summary:
review / pass2	UNKNOWN STEP	2026-08-15T10:53:35.4745734Z ## Per-Trajectory Rubric
review / pass2	UNKNOWN STEP	2026-08-15T10:53:35.4746118Z 
review / pass2	UNKNOWN STEP	2026-08-15T10:53:35.4746273Z | Trial | Reward | task_specification | reward_hacking | difficulty_crux | 
review / pass2	UNKNOWN STEP	2026-08-15T10:53:35.4746511Z near_miss | refusals | low_timeout | approach_validity |
review / pass2	UNKNOWN STEP	2026-08-15T10:53:35.4747633Z |---|---|---|---|---|---|---|---|---|
review / pass2	UNKNOWN STEP	2026-08-15T10:53:35.4748092Z | task__od2v94y | 1.0 | PASS | PASS | NA | NA | PASS | PASS | PASS |
review / pass2	UNKNOWN STEP	2026-08-15T10:53:35.4748629Z | task__qZ24p2r | 1.0 | PASS | PASS | NA | NA | PASS | PASS | PASS |
review / pass2	UNKNOWN STEP	2026-08-15T10:53:35.4748946Z 
review / pass2	UNKNOWN STEP	2026-08-15T10:53:35.4749100Z ---
review / pass2	UNKNOWN STEP	2026-08-15T10:53:35.4749171Z 
review / pass2	UNKNOWN STEP	2026-08-15T10:53:35.4749224Z ## Fail Reasons
review / pass2	UNKNOWN STEP	2026-08-15T10:53:35.4749330Z 
review / pass2	UNKNOWN STEP	2026-08-15T10:53:35.4749440Z **No failures.** Both trials achieved reward = 1.0 with 31/31 tests passing. 
review / pass2	UNKNOWN STEP	2026-08-15T10:53:35.4749703Z There are no failures to group or taxonomize. Both trials recorded an 
review / pass2	UNKNOWN STEP	2026-08-15T10:53:35.4749962Z `AgentTimeoutError` in result.json, but in both cases the timeout occurred 
review / pass2	UNKNOWN STEP	2026-08-15T10:53:35.4750299Z *after* the solution was already written to disk — during what would have been a
review / pass2	UNKNOWN STEP	2026-08-15T10:53:35.4750566Z final declaratory LLM call (task__od2v94y) or post-solution debug verification 
review / pass2	UNKNOWN STEP	2026-08-15T10:53:35.4750823Z (task__qZ24p2r). These are **not** timeout failures of the productive 
review / pass2	UNKNOWN STEP	2026-08-15T10:53:35.4751074Z computation; the timeouts are benign artifacts of the 600-second budget ceiling 
review / pass2	UNKNOWN STEP	2026-08-15T10:53:35.4751296Z firing slightly after solution completion.
review / pass2	UNKNOWN STEP	2026-08-15T10:53:35.4751404Z 
review / pass2	UNKNOWN STEP	2026-08-15T10:53:35.4751445Z ---
review / pass2	UNKNOWN STEP	2026-08-15T10:53:35.4751503Z 
review / pass2	UNKNOWN STEP	2026-08-15T10:53:35.4751560Z ## Golden vs Agent Values
review / pass2	UNKNOWN STEP	2026-08-15T10:53:35.4751640Z 
review / pass2	UNKNOWN STEP	2026-08-15T10:53:35.4751754Z Both trials produced report.json artifacts that matched the golden expected 
review / pass2	UNKNOWN STEP	2026-08-15T10:53:35.4752017Z values exactly across all 29 orders. No numerical divergence was recorded in 
review / pass2	UNKNOWN STEP	2026-08-15T10:53:35.4752242Z either per-trial analysis. Representative sample:
review / pass2	UNKNOWN STEP	2026-08-15T10:53:35.4752355Z 
review / pass2	UNKNOWN STEP	2026-08-15T10:53:35.4752451Z | Quantity | Golden Expected | Agent Value(s) | Off By | Trial(s) |
review / pass2	UNKNOWN STEP	2026-08-15T10:53:35.4752635Z |---|---|---|---|---|
review / pass2	UNKNOWN STEP	2026-08-15T10:53:35.4752770Z | O00_A: allocated | 0 | 0 | 0 | task__od2v94y |
review / pass2	UNKNOWN STEP	2026-08-15T10:53:35.4752936Z | O00_A: shortfall | 3 | 3 | 0 | task__od2v94y |
review / pass2	UNKNOWN STEP	2026-08-15T10:53:35.4753150Z | O00_A: limiting_resource | "L10" | "L10" | — | task__od2v94y |
review / pass2	UNKNOWN STEP	2026-08-15T10:53:35.4753339Z | O00_N: allocated | 10 | 10 | 0 | task__od2v94y |
review / pass2	UNKNOWN STEP	2026-08-15T10:53:35.4753502Z | O00_N: shortfall | 10 | 10 | 0 | task__od2v94y |
review / pass2	UNKNOWN STEP	2026-08-15T10:53:35.4753716Z | O00_N: limiting_resource | "Z10" | "Z10" | — | task__od2v94y |
review / pass2	UNKNOWN STEP	2026-08-15T10:53:35.4753901Z | O00_V: allocated | 0 | 0 | 0 | task__qZ24p2r |
review / pass2	UNKNOWN STEP	2026-08-15T10:53:35.4754062Z | O00_V: shortfall | 1 | 1 | 0 | task__qZ24p2r |
review / pass2	UNKNOWN STEP	2026-08-15T10:53:35.4754276Z | O00_V: limiting_resource | null | null | — | task__qZ24p2r |
review / pass2	UNKNOWN STEP	2026-08-15T10:53:35.4754457Z | O00_W: allocated | 1 | 1 | 0 | task__qZ24p2r |
review / pass2	UNKNOWN STEP	2026-08-15T10:53:35.4754615Z | O00_W: shortfall | 1 | 1 | 0 | task__qZ24p2r |
review / pass2	UNKNOWN STEP	2026-08-15T10:53:35.4754822Z | O00_W: limiting_resource | "WC99" | "WC99" | — | task__qZ24p2r |
review / pass2	UNKNOWN STEP	2026-08-15T10:53:35.4755119Z | O01: allocated | 12 | 12 | 0 | task__qZ24p2r |
review / pass2	UNKNOWN STEP	2026-08-15T10:53:35.4755349Z | O01: shortfall | 2 | 2 | 0 | task__qZ24p2r |
review / pass2	UNKNOWN STEP	2026-08-15T10:53:35.4755607Z | O05: allocated | 0 | 0 | 0 | task__qZ24p2r |
review / pass2	UNKNOWN STEP	2026-08-15T10:53:35.4755809Z | O05: limiting_resource | "WC3" | "WC3" | — | task__qZ24p2r |
review / pass2	UNKNOWN STEP	2026-08-15T10:53:35.4755988Z | O06: allocated | 2 | 2 | 0 | task__od2v94y |
review / pass2	UNKNOWN STEP	2026-08-15T10:53:35.4756141Z | O06: shortfall | 6 | 6 | 0 | task__od2v94y |
review / pass2	UNKNOWN STEP	2026-08-15T10:53:35.4756343Z | O06: limiting_resource | "L5" | "L5" | — | task__od2v94y |
review / pass2	UNKNOWN STEP	2026-08-15T10:53:35.4756466Z 
review / pass2	UNKNOWN STEP	2026-08-15T10:53:35.4756541Z All 29 orders across both trials: **zero divergence**.
review / pass2	UNKNOWN STEP	2026-08-15T10:53:35.4756661Z 
review / pass2	UNKNOWN STEP	2026-08-15T10:53:35.4756704Z ---
review / pass2	UNKNOWN STEP	2026-08-15T10:53:35.4756934Z 
review / pass2	UNKNOWN STEP	2026-08-15T10:53:35.4757086Z ## Failing Tests
review / pass2	UNKNOWN STEP	2026-08-15T10:53:35.4757174Z 
review / pass2	UNKNOWN STEP	2026-08-15T10:53:35.4757322Z **No tests failed in either trial.** Both trials passed all 31 tests:
review / pass2	UNKNOWN STEP	2026-08-15T10:53:35.4757616Z - 2 structural/schema checks
review / pass2	UNKNOWN STEP	2026-08-15T10:53:35.4759060Z - 29 per-order allocation checks (O00_A through O00_W, O01–O06)
review / pass2	UNKNOWN STEP	2026-08-15T10:53:35.4759254Z 
review / pass2	UNKNOWN STEP	2026-08-15T10:53:35.4759408Z Notably, task__qZ24p2r's per-trial analysis explicitly confirmed that the 
review / pass2	UNKNOWN STEP	2026-08-15T10:53:35.4759691Z documented "blindspot trap" cases also passed:
review / pass2	UNKNOWN STEP	2026-08-15T10:53:35.4759994Z - `test_order_O00_U_allocation` (sub_created substitute blindspot)
review / pass2	UNKNOWN STEP	2026-08-15T10:53:35.4760304Z - `test_order_O00_V_allocation` (shared substitute limiting_resource blindspot)
review / pass2	UNKNOWN STEP	2026-08-15T10:53:35.4760656Z - `test_order_O00_W_allocation` (heterogeneous ASCII tie-breaker between leaf 
review / pass2	UNKNOWN STEP	2026-08-15T10:53:35.4760949Z and workcenter)
review / pass2	UNKNOWN STEP	2026-08-15T10:53:35.4761036Z 
review / pass2	UNKNOWN STEP	2026-08-15T10:53:35.4761157Z ctrf.json was present and parseable in both trials.
review / pass2	UNKNOWN STEP	2026-08-15T10:53:35.4761327Z 
review / pass2	UNKNOWN STEP	2026-08-15T10:53:35.4761422Z ---
review / pass2	UNKNOWN STEP	2026-08-15T10:53:35.4761489Z 
review / pass2	UNKNOWN STEP	2026-08-15T10:53:35.4761592Z ## Golden Solution Approach
review / pass2	UNKNOWN STEP	2026-08-15T10:53:35.4761722Z 
review / pass2	UNKNOWN STEP	2026-08-15T10:53:35.4761863Z Consistent across both trials (no discrepancy in the evidence):
review / pass2	UNKNOWN STEP	2026-08-15T10:53:35.4762043Z 
review / pass2	UNKNOWN STEP	2026-08-15T10:53:35.4762136Z 1. **Read** all six tables from `manufacturing.db` (SQLite).
review / pass2	UNKNOWN STEP	2026-08-15T10:53:35.4762475Z 2. **BOM DAG explosion** — top-down traversal with BFS-level aggregation to 
review / pass2	UNKNOWN STEP	2026-08-15T10:53:35.4762764Z compute gross requirements per component per order.
review / pass2	UNKNOWN STEP	2026-08-15T10:53:35.4763106Z 3. **Batch-size lot rounding** — round up to the nearest batch multiple before 
review / pass2	UNKNOWN STEP	2026-08-15T10:53:35.4763371Z computing consumption.
review / pass2	UNKNOWN STEP	2026-08-15T10:53:35.4763671Z 4. **Scrap accounting** — fixed setup scrap (`setup_scrap_qty`) plus run-rate 
review / pass2	UNKNOWN STEP	2026-08-15T10:53:35.4764011Z scrap: `ceil(build_qty × qty_per × (1 + scrap_rate_pct / 100))`.
review / pass2	UNKNOWN STEP	2026-08-15T10:53:35.4764324Z 5. **Substitute consumption** — in preference-rank order; consume substitutes 
review / pass2	UNKNOWN STEP	2026-08-15T10:53:35.4764658Z with floor division, crediting any excess back to the shared pool.
review / pass2	UNKNOWN STEP	2026-08-15T10:53:35.4764990Z 6. **Workcenter capacity** — compute setup hours + run hours per unit; deduct 
review / pass2	UNKNOWN STEP	2026-08-15T10:53:35.4765314Z from shared workcenter pool across orders in priority sequence.
review / pass2	UNKNOWN STEP	2026-08-15T10:53:35.4765646Z 7. **Sequential priority allocation** — process orders in priority order; once a
review / pass2	UNKNOWN STEP	2026-08-15T10:53:35.4765979Z resource pool is exhausted, downstream orders see reduced availability.
review / pass2	UNKNOWN STEP	2026-08-15T10:53:35.4766319Z 8. **Limiting resource identification** — compute independent fulfillment ratios
review / pass2	UNKNOWN STEP	2026-08-15T10:53:35.4766658Z from the *frozen initial state* across all leaf components and workcenters; 
review / pass2	UNKNOWN STEP	2026-08-15T10:53:35.4766970Z select the binding minimum-ratio resource with an ASCII tie-breaker.
review / pass2	UNKNOWN STEP	2026-08-15T10:53:35.4767328Z 9. **Output** — write `report.json` with 29 orders sorted ascending by 
review / pass2	UNKNOWN STEP	2026-08-15T10:53:35.4767604Z `order_id`.
review / pass2	UNKNOWN STEP	2026-08-15T10:53:35.4767721Z 
review / pass2	UNKNOWN STEP	2026-08-15T10:53:35.4767818Z ---
review / pass2	UNKNOWN STEP	2026-08-15T10:53:35.4767943Z 
review / pass2	UNKNOWN STEP	2026-08-15T10:53:35.4768043Z ## Agent Approach
review / pass2	UNKNOWN STEP	2026-08-15T10:53:35.4768126Z 
review / pass2	UNKNOWN STEP	2026-08-15T10:53:35.4768228Z Both agents converged on the same general method independently:
review / pass2	UNKNOWN STEP	2026-08-15T10:53:35.4768362Z 
review / pass2	UNKNOWN STEP	2026-08-15T10:53:35.4768446Z **Common pattern across both trials:**
review / pass2	UNKNOWN STEP	2026-08-15T10:53:35.4768751Z - **Steps 2–4**: Inspected the SQLite database schema and table contents using 
review / pass2	UNKNOWN STEP	2026-08-15T10:53:35.4769100Z Python's built-in `sqlite3` module (the `sqlite3` CLI was unavailable in the 
review / pass2	UNKNOWN STEP	2026-08-15T10:53:35.4769405Z environment). Both agents probed all six tables before writing any solution 
review / pass2	UNKNOWN STEP	2026-08-15T10:53:35.4769667Z code.
review / pass2	UNKNOWN STEP	2026-08-15T10:53:35.4769857Z - **Step 5 (core)**: Generated and executed a single large Python script 
review / pass2	UNKNOWN STEP	2026-08-15T10:53:35.4770205Z (task__od2v94y: ~11,305 characters; task__qZ24p2r: ~300 lines as `solve.py`) 
review / pass2	UNKNOWN STEP	2026-08-15T10:53:35.4770486Z implementing the full MRP simulation end-to-end. Both scripts correctly 
review / pass2	UNKNOWN STEP	2026-08-15T10:53:35.4770861Z implemented: BFS/topological BOM traversal, `simulate_order()` logic, 
review / pass2	UNKNOWN STEP	2026-08-15T10:53:35.4771180Z `find_limiting_resource()`, batch rounding, scrap formula, floor-division 
review / pass2	UNKNOWN STEP	2026-08-15T10:53:35.4771456Z substitute consumption with pool crediting, shared workcenter capacity 
review / pass2	UNKNOWN STEP	2026-08-15T10:53:35.4771766Z deduction, and frozen-initial-state independent-ratio bottleneck identification 
review / pass2	UNKNOWN STEP	2026-08-15T10:53:35.4772018Z with ASCII tie-breaker.
review / pass2	UNKNOWN STEP	2026-08-15T10:53:35.4772207Z - **Post-solution step**: task__od2v94y attempted a final declaration 
review / pass2	UNKNOWN STEP	2026-08-15T10:53:35.4772482Z (interrupted by timeout); task__qZ24p2r ran a focused debug script to verify 
review / pass2	UNKNOWN STEP	2026-08-15T10:53:35.4772743Z suspicious null `limiting_resource` orders before the timeout fired.
review / pass2	UNKNOWN STEP	2026-08-15T10:53:35.4772882Z 
review / pass2	UNKNOWN STEP	2026-08-15T10:53:35.4772996Z **Convergence note**: Both agents independently chose Python + sqlite3, a single
review / pass2	UNKNOWN STEP	2026-08-15T10:53:35.4773262Z monolithic simulation script, and the same algorithmic structure. This suggests 
review / pass2	UNKNOWN STEP	2026-08-15T10:53:35.4773538Z the approach is well-supported by training-data knowledge of MRP/BOM simulation 
review / pass2	UNKNOWN STEP	2026-08-15T10:53:35.4773800Z patterns rather than requiring novel first-principles derivation.
review / pass2	UNKNOWN STEP	2026-08-15T10:53:35.4773940Z 
review / pass2	UNKNOWN STEP	2026-08-15T10:53:35.4773983Z ---
review / pass2	UNKNOWN STEP	2026-08-15T10:53:35.4774039Z 
review / pass2	UNKNOWN STEP	2026-08-15T10:53:35.4774087Z ## Approach Diff
review / pass2	UNKNOWN STEP	2026-08-15T10:53:35.4774153Z 
review / pass2	UNKNOWN STEP	2026-08-15T10:53:35.4774253Z **No divergence from the golden approach in either trial.** Both agents 
review / pass2	UNKNOWN STEP	2026-08-15T10:53:35.4774526Z correctly implemented every required mechanic:
review / pass2	UNKNOWN STEP	2026-08-15T10:53:35.4789583Z - Correct scrap formula (setup_scrap_qty + ceil(build × qty_per × (1 + 
review / pass2	UNKNOWN STEP	2026-08-15T10:53:35.4789823Z scrap/100)))
review / pass2	UNKNOWN STEP	2026-08-15T10:53:35.4789990Z - Correct substitute consumption with floor division and pool crediting
review / pass2	UNKNOWN STEP	2026-08-15T10:53:35.4790243Z - Correct frozen-initial-state independent-ratio limiting resource rule
review / pass2	UNKNOWN STEP	2026-08-15T10:53:35.4790482Z - Correct ASCII tie-breaker for heterogeneous resource types
review / pass2	UNKNOWN STEP	2026-08-15T10:53:35.4790704Z - Correct batch rounding and sequential priority ordering
review / pass2	UNKNOWN STEP	2026-08-15T10:53:35.4790840Z 
review / pass2	UNKNOWN STEP	2026-08-15T10:53:35.4790948Z The only deviation from a "clean" run was the `AgentTimeoutError` in both 
review / pass2	UNKNOWN STEP	2026-08-15T10:53:35.4791206Z trials, but this occurred after solution completion and did not reflect any 
review / pass2	UNKNOWN STEP	2026-08-15T10:53:35.4791409Z algorithmic gap.
review / pass2	UNKNOWN STEP	2026-08-15T10:53:35.4791475Z 
review / pass2	UNKNOWN STEP	2026-08-15T10:53:35.4791519Z ---
review / pass2	UNKNOWN STEP	2026-08-15T10:53:35.4791574Z 
review / pass2	UNKNOWN STEP	2026-08-15T10:53:35.4791634Z ## Validity of Agent Approach
review / pass2	UNKNOWN STEP	2026-08-15T10:53:35.4791721Z 
review / pass2	UNKNOWN STEP	2026-08-15T10:53:35.4791830Z **approach_validity: PASS in both trials.** The agent approaches were fully 
review / pass2	UNKNOWN STEP	2026-08-15T10:53:35.4792095Z sound and verified correct by the test suite (31/31 tests, reward=1.0, in both 
review / pass2	UNKNOWN STEP	2026-08-15T10:53:35.4792298Z independent trials).
review / pass2	UNKNOWN STEP	2026-08-15T10:53:35.4792377Z 
review / pass2	UNKNOWN STEP	2026-08-15T10:53:35.4792528Z The task's documented difficulty cruxes — multi-level BOM DAG explosion, 
review / pass2	UNKNOWN STEP	2026-08-15T10:53:35.4792786Z substitute cascades with preference ordering, BFS demand aggregation for routing
review / pass2	UNKNOWN STEP	2026-08-15T10:53:35.4793056Z setup, and the heterogeneous ASCII tie-breaker bottleneck identification 
review / pass2	UNKNOWN STEP	2026-08-15T10:53:35.4793340Z (including the documented "blindspot trap" orders O00_U/V/W) — were all 
review / pass2	UNKNOWN STEP	2026-08-15T10:53:35.4793579Z correctly handled by both agents without guidance beyond what was in 
review / pass2	UNKNOWN STEP	2026-08-15T10:53:35.4793769Z `instruction.md`.
review / pass2	UNKNOWN STEP	2026-08-15T10:53:35.4793835Z 
review / pass2	UNKNOWN STEP	2026-08-15T10:53:35.4793948Z The pattern of both trials timing out at ~600 seconds (though after solution 
review / pass2	UNKNOWN STEP	2026-08-15T10:53:35.4794211Z completion) suggests the task is genuinely compute-intensive for the agent: a 
review / pass2	UNKNOWN STEP	2026-08-15T10:53:35.4794476Z substantial fraction of the budget is consumed by DB inspection, a long LLM 
review / pass2	UNKNOWN STEP	2026-08-15T10:53:35.4794742Z inference call to produce the simulation script, and script execution. However, 
review / pass2	UNKNOWN STEP	2026-08-15T10:53:35.4795029Z this did not produce any failures — both agents completed within the budget. 
review / pass2	UNKNOWN STEP	2026-08-15T10:53:35.4795290Z There is no evidence of a task/verifier problem; the difficulty looks genuine 
review / pass2	UNKNOWN STEP	2026-08-15T10:53:35.4795601Z and the agents handled it correctly.
review / pass2	UNKNOWN STEP	2026-08-15T10:53:35.4795732Z 
review / pass2	UNKNOWN STEP	2026-08-15T10:53:35.4795778Z ---
review / pass2	UNKNOWN STEP	2026-08-15T10:53:35.4795840Z 
review / pass2	UNKNOWN STEP	2026-08-15T10:53:35.4795893Z ## Rubric Aggregate
review / pass2	UNKNOWN STEP	2026-08-15T10:53:35.4795963Z 
review / pass2	UNKNOWN STEP	2026-08-15T10:53:35.4796033Z | Criterion | PASS | FAIL | NA | Pattern |
review / pass2	UNKNOWN STEP	2026-08-15T10:53:35.4796184Z |---|---|---|---|---|
review / pass2	UNKNOWN STEP	2026-08-15T10:53:35.4796359Z | task_specification | 2 | 0 | 0 | Both trials confirm the spec was complete and
review / pass2	UNKNOWN STEP	2026-08-15T10:53:35.4796611Z actionable; all 31 tests passed without any identified guidance gap. |
review / pass2	UNKNOWN STEP	2026-08-15T10:53:35.4796850Z | reward_hacking | 2 | 0 | 0 | Both trials wrote legitimate simulation code from
review / pass2	UNKNOWN STEP	2026-08-15T10:53:35.4797092Z scratch; no reads from solution/ or test manipulation observed in either 
review / pass2	UNKNOWN STEP	2026-08-15T10:53:35.4797280Z trajectory. |
review / pass2	UNKNOWN STEP	2026-08-15T10:53:35.4797442Z | difficulty_crux | 0 | 0 | 2 | NA in both (applies only to failures). The 
review / pass2	UNKNOWN STEP	2026-08-15T10:53:35.4797696Z cruxes cited (multi-level BOM, substitutes, ASCII tie-breaker) were all cleared.
review / pass2	UNKNOWN STEP	2026-08-15T10:53:35.4797902Z |
review / pass2	UNKNOWN STEP	2026-08-15T10:53:35.4798058Z | near_miss | 0 | 0 | 2 | NA in both (both are full passes, not near-misses). |
review / pass2	UNKNOWN STEP	2026-08-15T10:53:35.4798284Z | refusals | 2 | 0 | 0 | No refusal language in either trial; both agents 
review / pass2	UNKNOWN STEP	2026-08-15T10:53:35.4798530Z engaged immediately and continuously with the task. |
review / pass2	UNKNOWN STEP	2026-08-15T10:53:35.4798743Z | low_timeout | 2 | 0 | 0 | In both trials, the AgentTimeoutError fired after 
review / pass2	UNKNOWN STEP	2026-08-15T10:53:35.4798993Z solution completion. The timeout did not interrupt productive computation in 
review / pass2	UNKNOWN STEP	2026-08-15T10:53:35.4799194Z either case. |
review / pass2	UNKNOWN STEP	2026-08-15T10:53:35.4799356Z | approach_validity | 2 | 0 | 0 | Both approaches were fully sound and verified 
review / pass2	UNKNOWN STEP	2026-08-15T10:53:35.4799554Z by the test suite. |
review / pass2	UNKNOWN STEP	2026-08-15T10:53:35.4799628Z 
review / pass2	UNKNOWN STEP	2026-08-15T10:53:35.4799709Z **Refusals**: No FAILs — no reword needed.
review / pass2	UNKNOWN STEP	2026-08-15T10:53:35.4799894Z **Near-miss**: No FAILs — no threshold concern.
review / pass2	UNKNOWN STEP	2026-08-15T10:53:35.4800133Z **approach_validity**: No FAILs — difficulty appears genuine and the task is 
review / pass2	UNKNOWN STEP	2026-08-15T10:53:35.4800332Z correctly scoped.
review / pass2	UNKNOWN STEP	2026-08-15T10:53:35.4800402Z 
review / pass2	UNKNOWN STEP	2026-08-15T10:53:35.4800447Z ---
review / pass2	UNKNOWN STEP	2026-08-15T10:53:35.4800500Z 
review / pass2	UNKNOWN STEP	2026-08-15T10:53:35.4800546Z ## Summary
review / pass2	UNKNOWN STEP	2026-08-15T10:53:35.4800606Z 
review / pass2	UNKNOWN STEP	2026-08-15T10:53:35.4800742Z ANALYSIS COMPLETE — Both trials passed 31/31 tests with reward=1.0; agents 
review / pass2	UNKNOWN STEP	2026-08-15T10:53:35.4801002Z independently converged on correct Python MRP simulations covering all 
review / pass2	UNKNOWN STEP	2026-08-15T10:53:35.4801267Z difficulty cruxes (multi-level BOM explosion, substitute cascades, frozen-state 
review / pass2	UNKNOWN STEP	2026-08-15T10:53:35.4801536Z limiting resource with ASCII tie-breaker), with post-solution timeouts that did 
review / pass2	UNKNOWN STEP	2026-08-15T10:53:35.4801740Z not affect correctness.
review / pass2	UNKNOWN STEP	2026-08-15T10:53:35.4801835Z 
review / pass2	UNKNOWN STEP	2026-08-15T10:53:35.4801923Z Summary: **Outcome**: PASS, reward = 1.0. All 31 tests passed 
review / pass2	UNKNOWN STEP	2026-08-15T10:53:35.4802159Z (verifier/ctrf.json confirms 31/31 passed, 0 failed). Trial succeeded despite an
review / pass2	UNKNOWN STEP	2026-08-15T10:53:35.4802455Z `AgentTimeoutError` recorded in result.json — the solution was already written 
review / pass2	UNKNOWN STEP	2026-08-15T10:53:35.4802667Z before the timeout occurred.
review / pass2	UNKNOWN STEP	2026-08-15T10:53:35.4802755Z 
review / pass2	UNKNOWN STEP	2026-08-15T10:53:35.4802891Z **Failing tests**: None — all 31 passed per ctrf.json (structural schema checks 
review / pass2	UNKNOWN STEP	2026-08-15T10:53:35.4803185Z + 29 per-order allocation checks including O00_A through O00_W and O01–O06).
review / pass2	UNKNOWN STEP	2026-08-15T10:53:35.4803336Z 
review / pass2	UNKNOWN STEP	2026-08-15T10:53:35.4803432Z **Golden vs agent values**: All 29 orders fully match expected values. 
review / pass2	UNKNOWN STEP	2026-08-15T10:53:35.4803682Z Artifacts/app/report.json matches the verifier's expected output exactly (e.g., 
review / pass2	UNKNOWN STEP	2026-08-15T10:53:35.4803942Z O00_A: allocated=0, shortfall=3, limiting_resource="L10"; O00_N: allocated=10, 
review / pass2	UNKNOWN STEP	2026-08-15T10:53:35.4804185Z shortfall=10, limiting_resource="Z10"; O06: allocated=2, shortfall=6, 
review / pass2	UNKNOWN STEP	2026-08-15T10:53:35.4804377Z limiting_resource="L5").
review / pass2	UNKNOWN STEP	2026-08-15T10:53:35.4804458Z 
review / pass2	UNKNOWN STEP	2026-08-15T10:53:35.4804564Z **Golden approach**: The solution_explanation describes reading the SQLite 
review / pass2	UNKNOWN STEP	2026-08-15T10:53:35.4804882Z database, simulating sequential priority allocation by exploding the top-down 
review / pass2	UNKNOWN STEP	2026-08-15T10:53:35.4805183Z BOM DAG, applying batch_size lot rounding, calculating workcenter hours (setup +
review / pass2	UNKNOWN STEP	2026-08-15T10:53:35.4805427Z run hours per unit), computing fixed setup scrap (setup_scrap_qty + 
review / pass2	UNKNOWN STEP	2026-08-15T10:53:35.4805689Z ceil(build_qty × qty_per × (1 + scrap_pct/100))), and evaluating the 
review / pass2	UNKNOWN STEP	2026-08-15T10:53:35.4805928Z minimum-ratio limiting resource across raw leaf components and workcenters.
review / pass2	UNKNOWN STEP	2026-08-15T10:53:35.4806082Z 
review / pass2	UNKNOWN STEP	2026-08-15T10:53:35.4806221Z **Agent approach**: Only 5 trajectory steps total. Steps 2–4 (≈22 seconds 
review / pass2	UNKNOWN STEP	2026-08-15T10:53:35.4806477Z elapsed) inspect database schema and data using Python's built-in sqlite3 module
review / pass2	UNKNOWN STEP	2026-08-15T10:53:35.4806731Z (sqlite3 CLI absent). Step 5 (LLM call taking ~415 seconds) generates and 
review / pass2	UNKNOWN STEP	2026-08-15T10:53:35.4806972Z executes an 11,305-character Python MRP simulation. The script correctly 
review / pass2	UNKNOWN STEP	2026-08-15T10:53:35.4807221Z implements BOM explosion with BFS-level aggregation, batch rounding, excess 
review / pass2	UNKNOWN STEP	2026-08-15T10:53:35.4807485Z crediting, substitute consumption with floor division, workcenter capacity 
review / pass2	UNKNOWN STEP	2026-08-15T10:53:35.4807757Z enforcement, limiting resource via frozen-initial-state independent ratios, and 
review / pass2	UNKNOWN STEP	2026-08-15T10:53:35.4808026Z the ASCII tie-breaker. The script runs successfully, prints all results, and 
review / pass2	UNKNOWN STEP	2026-08-15T10:53:35.4808228Z writes /app/report.json.
review / pass2	UNKNOWN STEP	2026-08-15T10:53:35.4808310Z 
review / pass2	UNKNOWN STEP	2026-08-15T10:53:35.4808469Z **Approach diff**: No divergence — the agent's implementation matched the golden
review / pass2	UNKNOWN STEP	2026-08-15T10:53:35.4808725Z approach. The timeout occurred during what would have been a 6th LLM call (a 
review / pass2	UNKNOWN STEP	2026-08-15T10:53:35.4808976Z final task-complete declaration), not during any productive computation.
review / pass2	UNKNOWN STEP	2026-08-15T10:53:35.4809124Z 
review / pass2	UNKNOWN STEP	2026-08-15T10:53:35.4809235Z **Artifacts**: Present. artifacts/app/report.json contains the complete, correct
review / pass2	UNKNOWN STEP	2026-08-15T10:53:35.4809500Z 29-order report. The `AgentTimeoutError` in result.json reflects an LLM API call
review / pass2	UNKNOWN STEP	2026-08-15T10:53:35.4809764Z timing out after the solution was already written, not a computation failure.
review / pass2	UNKNOWN STEP	2026-08-15T10:53:35.4809918Z 
review / pass2	UNKNOWN STEP	2026-08-15T10:53:35.4810701Z                               Trial: task__od2v94y                              
review / pass2	UNKNOWN STEP	2026-08-15T10:53:35.4810963Z ┏━━━━━━━━━━━━━━━━━━━━━━━━━┳━━━━━━━━━━━━━━━━┳━━━━━━━━━━━━━━━━━━━━━━━━━━━━━━━━━━━┓
review / pass2	UNKNOWN STEP	2026-08-15T10:53:35.4811205Z ┃ Check                   ┃ Outcome        ┃ Explanation                       ┃
review / pass2	UNKNOWN STEP	2026-08-15T10:53:35.4811455Z ┡━━━━━━━━━━━━━━━━━━━━━━━━━╇━━━━━━━━━━━━━━━━╇━━━━━━━━━━━━━━━━━━━━━━━━━━━━━━━━━━━┩
review / pass2	UNKNOWN STEP	2026-08-15T10:53:35.4811711Z │ Task Specification      │ pass           │ instruction.md is comprehensive   │
review / pass2	UNKNOWN STEP	2026-08-15T10:53:35.4811956Z │                         │                │ and precise: it specifies all six │
review / pass2	UNKNOWN STEP	2026-08-15T10:53:35.4812176Z │                         │                │ steps (BOM explosion, substitute  │
review / pass2	UNKNOWN STEP	2026-08-15T10:53:35.4812396Z │                         │                │ consumption, workcenter capacity, │
review / pass2	UNKNOWN STEP	2026-08-15T10:53:35.4812620Z │                         │                │ order allocation, limiting        │
review / pass2	UNKNOWN STEP	2026-08-15T10:53:35.4812842Z │                         │                │ resource identification, pool     │
review / pass2	UNKNOWN STEP	2026-08-15T10:53:35.4813059Z │                         │                │ update), the exact formula for    │
review / pass2	UNKNOWN STEP	2026-08-15T10:53:35.4813275Z │                         │                │ scrap (ceil(build_qty × qty_per × │
review / pass2	UNKNOWN STEP	2026-08-15T10:53:35.4813485Z │                         │                │ (1 + scrap_rate_pct/100)) +       │
review / pass2	UNKNOWN STEP	2026-08-15T10:53:35.4813700Z │                         │                │ setup_scrap_qty), the ASCII       │
review / pass2	UNKNOWN STEP	2026-08-15T10:53:35.4813912Z │                         │                │ tie-breaker for limiting          │
review / pass2	UNKNOWN STEP	2026-08-15T10:53:35.4814127Z │                         │                │ resource, and the exact JSON      │
review / pass2	UNKNOWN STEP	2026-08-15T10:53:35.4814347Z │                         │                │ output format. The agent          │
review / pass2	UNKNOWN STEP	2026-08-15T10:53:35.4814567Z │                         │                │ succeeded on all 31 tests without │
review / pass2	UNKNOWN STEP	2026-08-15T10:53:35.4814863Z │                         │                │ any guidance gap.                 │
review / pass2	UNKNOWN STEP	2026-08-15T10:53:35.4815143Z ├─────────────────────────┼────────────────┼───────────────────────────────────┤
review / pass2	UNKNOWN STEP	2026-08-15T10:53:35.4815389Z │ Reward Hacking          │ pass           │ The agent wrote a legitimate      │
review / pass2	UNKNOWN STEP	2026-08-15T10:53:35.4815625Z │                         │                │ Python simulation script in step  │
review / pass2	UNKNOWN STEP	2026-08-15T10:53:35.4815849Z │                         │                │ 5 that computed the correct MRP   │
review / pass2	UNKNOWN STEP	2026-08-15T10:53:35.4816066Z │                         │                │ allocation from scratch by        │
review / pass2	UNKNOWN STEP	2026-08-15T10:53:35.4816283Z │                         │                │ reading /app/manufacturing.db.    │
review / pass2	UNKNOWN STEP	2026-08-15T10:53:35.4816503Z │                         │                │ The trajectory shows no reads     │
review / pass2	UNKNOWN STEP	2026-08-15T10:53:35.4816716Z │                         │                │ from solution/, no modifications  │
review / pass2	UNKNOWN STEP	2026-08-15T10:53:35.4816942Z │                         │                │ to test files, and no writes to   │
review / pass2	UNKNOWN STEP	2026-08-15T10:53:35.4817162Z │                         │                │ verifier outputs. The solution    │
review / pass2	UNKNOWN STEP	2026-08-15T10:53:35.4817379Z │                         │                │ was produced by running the       │
review / pass2	UNKNOWN STEP	2026-08-15T10:53:35.4817593Z │                         │                │ implemented algorithm.            │
review / pass2	UNKNOWN STEP	2026-08-15T10:53:35.4817833Z ├─────────────────────────┼────────────────┼───────────────────────────────────┤
review / pass2	UNKNOWN STEP	2026-08-15T10:53:35.4818084Z │ Difficulty Crux         │ not_applicable │ The agent succeeded (reward=1.0). │
review / pass2	UNKNOWN STEP	2026-08-15T10:53:35.4818329Z │                         │                │ The difficulty_explanation cites  │
review / pass2	UNKNOWN STEP	2026-08-15T10:53:35.4818563Z │                         │                │ complex MRP mechanics             │
review / pass2	UNKNOWN STEP	2026-08-15T10:53:35.4818778Z │                         │                │ (multi-level BOM DAG, lot         │
review / pass2	UNKNOWN STEP	2026-08-15T10:53:35.4819000Z │                         │                │ rounding, scrap, substitutes,     │
review / pass2	UNKNOWN STEP	2026-08-15T10:53:35.4819221Z │                         │                │ workcenter capacity, bottleneck   │
review / pass2	UNKNOWN STEP	2026-08-15T10:53:35.4819444Z │                         │                │ identification). Not applicable   │
review / pass2	UNKNOWN STEP	2026-08-15T10:53:35.4819657Z │                         │                │ for passed trials.                │
review / pass2	UNKNOWN STEP	2026-08-15T10:53:35.4819898Z ├─────────────────────────┼────────────────┼───────────────────────────────────┤
review / pass2	UNKNOWN STEP	2026-08-15T10:53:35.4820138Z │ Near Miss               │ not_applicable │ The trial passed with reward=1.0  │
review / pass2	UNKNOWN STEP	2026-08-15T10:53:35.4820375Z │                         │                │ and all 31 tests passed. Not      │
review / pass2	UNKNOWN STEP	2026-08-15T10:53:35.4820585Z │                         │                │ applicable.                       │
review / pass2	UNKNOWN STEP	2026-08-15T10:53:35.4820822Z ├─────────────────────────┼────────────────┼───────────────────────────────────┤
review / pass2	UNKNOWN STEP	2026-08-15T10:53:35.4821064Z │ Refusals                │ pass           │ The agent fully engaged with the  │
review / pass2	UNKNOWN STEP	2026-08-15T10:53:35.4821348Z │                         │                │ task across all 5 steps —         │
review / pass2	UNKNOWN STEP	2026-08-15T10:53:35.4821655Z │                         │                │ inspecting the database,          │
review / pass2	UNKNOWN STEP	2026-08-15T10:53:35.4821869Z │                         │                │ switching to Python sqlite3 when  │
review / pass2	UNKNOWN STEP	2026-08-15T10:53:35.4822085Z │                         │                │ the CLI was unavailable, and      │
review / pass2	UNKNOWN STEP	2026-08-15T10:53:35.4822306Z │                         │                │ implementing the full simulation. │
review / pass2	UNKNOWN STEP	2026-08-15T10:53:35.4822520Z │                         │                │ No refusal language or            │
review / pass2	UNKNOWN STEP	2026-08-15T10:53:35.4822734Z │                         │                │ policy-based stopping was         │
review / pass2	UNKNOWN STEP	2026-08-15T10:53:35.4822949Z │                         │                │ observed.                         │
review / pass2	UNKNOWN STEP	2026-08-15T10:53:35.4823185Z ├─────────────────────────┼────────────────┼───────────────────────────────────┤
review / pass2	UNKNOWN STEP	2026-08-15T10:53:35.4823429Z │ Low Timeout             │ pass           │ The agent's productive work       │
review / pass2	UNKNOWN STEP	2026-08-15T10:53:35.4823673Z │                         │                │ (writing and executing the Python │
review / pass2	UNKNOWN STEP	2026-08-15T10:53:35.4823891Z │                         │                │ MRP script) completed in step 5   │
review / pass2	UNKNOWN STEP	2026-08-15T10:53:35.4824104Z │                         │                │ before the timeout. The           │
review / pass2	UNKNOWN STEP	2026-08-15T10:53:35.4824317Z │                         │                │ AgentTimeoutError (result.json    │
review / pass2	UNKNOWN STEP	2026-08-15T10:53:35.4824535Z │                         │                │ exception_info) occurred during   │
review / pass2	UNKNOWN STEP	2026-08-15T10:53:35.4824773Z │                         │                │ the LLM inference call for what   │
review / pass2	UNKNOWN STEP	2026-08-15T10:53:35.4824997Z │                         │                │ would have been step 6 — a final  │
review / pass2	UNKNOWN STEP	2026-08-15T10:53:35.4825211Z │                         │                │ declaratory message after the     │
review / pass2	UNKNOWN STEP	2026-08-15T10:53:35.4825431Z │                         │                │ solution was already on disk. The │
review / pass2	UNKNOWN STEP	2026-08-15T10:53:35.4825654Z │                         │                │ solution file was correctly       │
review / pass2	UNKNOWN STEP	2026-08-15T10:53:35.4825866Z │                         │                │ written and verified. The timeout │
review / pass2	UNKNOWN STEP	2026-08-15T10:53:35.4826086Z │                         │                │ did not interrupt any meaningful  │
review / pass2	UNKNOWN STEP	2026-08-15T10:53:35.4826296Z │                         │                │ computation.                      │
review / pass2	UNKNOWN STEP	2026-08-15T10:53:35.4826538Z ├─────────────────────────┼────────────────┼───────────────────────────────────┤
review / pass2	UNKNOWN STEP	2026-08-15T10:53:35.4826788Z │ Approach Validity       │ pass           │ The trial passed — all 31 tests   │
review / pass2	UNKNOWN STEP	2026-08-15T10:53:35.4827028Z │                         │                │ passed, reward=1.0. The agent's   │
review / pass2	UNKNOWN STEP	2026-08-15T10:53:35.4827244Z │                         │                │ approach (Python BOM simulation   │
review / pass2	UNKNOWN STEP	2026-08-15T10:53:35.4827466Z │                         │                │ with correct scrap formula,       │
review / pass2	UNKNOWN STEP	2026-08-15T10:53:35.4827692Z │                         │                │ floor-division substitution,      │
review / pass2	UNKNOWN STEP	2026-08-15T10:53:35.4827908Z │                         │                │ batch rounding, workcenter        │
review / pass2	UNKNOWN STEP	2026-08-15T10:53:35.4828124Z │                         │                │ capacity, and                     │
review / pass2	UNKNOWN STEP	2026-08-15T10:53:35.4828336Z │                         │                │ frozen-initial-state limiting     │
review / pass2	UNKNOWN STEP	2026-08-15T10:53:35.4828584Z │                         │                │ resource with ASCII tie-breaker)  │
review / pass2	UNKNOWN STEP	2026-08-15T10:53:35.4828798Z │                         │                │ was both sound and fully verified │
review / pass2	UNKNOWN STEP	2026-08-15T10:53:35.4829011Z │                         │                │ by the test suite.                │
review / pass2	UNKNOWN STEP	2026-08-15T10:53:35.4829249Z ├─────────────────────────┼────────────────┼───────────────────────────────────┤
review / pass2	UNKNOWN STEP	2026-08-15T10:53:35.4829505Z │ Decisive Rule Disclosed │ not_applicable │ The trial passed (reward=1.0).    │
review / pass2	UNKNOWN STEP	2026-08-15T10:53:35.4829815Z │                         │                │ This criterion applies only to    │
review / pass2	UNKNOWN STEP	2026-08-15T10:53:35.4830087Z │                         │                │ failing trials.                   │
review / pass2	UNKNOWN STEP	2026-08-15T10:53:35.4830333Z ├─────────────────────────┼────────────────┼───────────────────────────────────┤
review / pass2	UNKNOWN STEP	2026-08-15T10:53:35.4830588Z │ Spec Consistency        │ not_applicable │ The trial passed (reward=1.0).    │
review / pass2	UNKNOWN STEP	2026-08-15T10:53:35.4830837Z │                         │                │ This criterion applies only to    │
review / pass2	UNKNOWN STEP	2026-08-15T10:53:35.4831047Z │                         │                │ failing trials.                   │
review / pass2	UNKNOWN STEP	2026-08-15T10:53:35.4831284Z └─────────────────────────┴────────────────┴───────────────────────────────────┘
review / pass2	UNKNOWN STEP	2026-08-15T10:53:35.4833394Z 
review / pass2	UNKNOWN STEP	2026-08-15T10:53:35.4833541Z Summary: Outcome: PASS (reward = 1.0); all 31/31 tests passed. An 
review / pass2	UNKNOWN STEP	2026-08-15T10:53:35.4833791Z AgentTimeoutError fired at the 600-second ceiling, but the correct report.json 
review / pass2	UNKNOWN STEP	2026-08-15T10:53:35.4834026Z had already been generated during step 5.
review / pass2	UNKNOWN STEP	2026-08-15T10:53:35.4834137Z 
review / pass2	UNKNOWN STEP	2026-08-15T10:53:35.4834272Z Failing tests: None — ctrf.json confirms 31/31 passed, including the three 
review / pass2	UNKNOWN STEP	2026-08-15T10:53:35.4834525Z documented "blindspot trap" cases: test_order_O00_U_allocation (sub_created 
review / pass2	UNKNOWN STEP	2026-08-15T10:53:35.4834778Z substitute blindspot), test_order_O00_V_allocation (shared substitute 
review / pass2	UNKNOWN STEP	2026-08-15T10:53:35.4835029Z limiting_resource blindspot), and test_order_O00_W_allocation (heterogeneous 
review / pass2	UNKNOWN STEP	2026-08-15T10:53:35.4835250Z ASCII tie-breaker between leaf and workcenter).
review / pass2	UNKNOWN STEP	2026-08-15T10:53:35.4835361Z 
review / pass2	UNKNOWN STEP	2026-08-15T10:53:35.4835461Z Golden vs agent values: All 29 orders matched golden exactly, e.g. O00_V: 
review / pass2	UNKNOWN STEP	2026-08-15T10:53:35.4835708Z allocated=0, shortfall=1, limiting_resource=null; O00_W: allocated=1, 
review / pass2	UNKNOWN STEP	2026-08-15T10:53:35.4835943Z shortfall=1, limiting_resource="WC99"; O01: allocated=12, shortfall=2, 
review / pass2	UNKNOWN STEP	2026-08-15T10:53:35.4836194Z limiting_resource=null; O05: allocated=0, shortfall=5, limiting_resource="WC3". 
review / pass2	UNKNOWN STEP	2026-08-15T10:53:35.4836446Z Artifacts at artifacts/app/report.json are present and correct.
review / pass2	UNKNOWN STEP	2026-08-15T10:53:35.4836582Z 
review / pass2	UNKNOWN STEP	2026-08-15T10:53:35.4836695Z Golden approach (from task.toml solution_explanation): Read all six tables from 
review / pass2	UNKNOWN STEP	2026-08-15T10:53:35.4836967Z manufacturing.db, simulate sequential priority allocation with top-down BOM DAG 
review / pass2	UNKNOWN STEP	2026-08-15T10:53:35.4837233Z explosion, batch-size lot rounding, fixed setup scrap (setup_scrap_qty) plus 
review / pass2	UNKNOWN STEP	2026-08-15T10:53:35.4837545Z run-rate scrap (ceil(build×qty_per×(1+scrap_pct/100))), substitute consumption 
review / pass2	UNKNOWN STEP	2026-08-15T10:53:35.4837803Z in preference-rank order, shared workcenter capacity deduction, and 
review / pass2	UNKNOWN STEP	2026-08-15T10:53:35.4838048Z fulfillment-ratio bottleneck identification across leaf components and 
review / pass2	UNKNOWN STEP	2026-08-15T10:53:35.4838258Z workcenters for the next-batch target.
review / pass2	UNKNOWN STEP	2026-08-15T10:53:35.4838359Z 
review / pass2	UNKNOWN STEP	2026-08-15T10:53:35.4838531Z Agent approach: Steps 2-4 (≈130 s elapsed): inspected DB schema and all table 
review / pass2	UNKNOWN STEP	2026-08-15T10:53:35.4838886Z data via Python sqlite3. Step 5 (≈440 s elapsed): wrote /app/solve.py (~300 
review / pass2	UNKNOWN STEP	2026-08-15T10:53:35.4839203Z lines) implementing the full MRP simulation with topological-order BOM 
review / pass2	UNKNOWN STEP	2026-08-15T10:53:35.4839435Z traversal, simulate_order(), find_limiting_resource(), and 
review / pass2	UNKNOWN STEP	2026-08-15T10:53:35.4839676Z compute_required_after_sub_netting(), then ran python3 /app/solve.py which wrote
review / pass2	UNKNOWN STEP	2026-08-15T10:53:35.4839967Z report.json ("report written" in terminal output). Step 6 (≈537 s elapsed): 
review / pass2	UNKNOWN STEP	2026-08-15T10:53:35.4840224Z launched a focused debug script to inspect suspicious null limiting_resource 
review / pass2	UNKNOWN STEP	2026-08-15T10:53:35.4840475Z orders (O00_V, O00_W, O01, O03, O05); the debug confirmed the solution was 
review / pass2	UNKNOWN STEP	2026-08-15T10:53:35.4840720Z already correct. The 6th LLM API call then timed out at 600 s while the agent 
review / pass2	UNKNOWN STEP	2026-08-15T10:53:35.4840930Z was preparing follow-up action.
review / pass2	UNKNOWN STEP	2026-08-15T10:53:35.4841019Z 
review / pass2	UNKNOWN STEP	2026-08-15T10:53:35.4841158Z Approach diff: None — the agent correctly implemented every required mechanic. 
review / pass2	UNKNOWN STEP	2026-08-15T10:53:35.4841429Z The timeout occurred after the solution was complete, during post-generation 
review / pass2	UNKNOWN STEP	2026-08-15T10:53:35.4841636Z verification.
review / pass2	UNKNOWN STEP	2026-08-15T10:53:35.4841698Z 
review / pass2	UNKNOWN STEP	2026-08-15T10:53:35.4841812Z Artifacts: artifacts/app/report.json present and correct (29 orders sorted by 
review / pass2	UNKNOWN STEP	2026-08-15T10:53:35.4842019Z order_id ascending).
review / pass2	UNKNOWN STEP	2026-08-15T10:53:35.4842089Z 
review / pass2	UNKNOWN STEP	2026-08-15T10:53:35.4866414Z                               Trial: task__qZ24p2r                              
review / pass2	UNKNOWN STEP	2026-08-15T10:53:35.4866670Z ┏━━━━━━━━━━━━━━━━━━━━━━━━━┳━━━━━━━━━━━━━━━━┳━━━━━━━━━━━━━━━━━━━━━━━━━━━━━━━━━━━┓
review / pass2	UNKNOWN STEP	2026-08-15T10:53:35.4866914Z ┃ Check                   ┃ Outcome        ┃ Explanation                       ┃
review / pass2	UNKNOWN STEP	2026-08-15T10:53:35.4867173Z ┡━━━━━━━━━━━━━━━━━━━━━━━━━╇━━━━━━━━━━━━━━━━╇━━━━━━━━━━━━━━━━━━━━━━━━━━━━━━━━━━━┩
review / pass2	UNKNOWN STEP	2026-08-15T10:53:35.4867431Z │ Task Specification      │ pass           │ The instruction.md provides       │
review / pass2	UNKNOWN STEP	2026-08-15T10:53:35.4867683Z │                         │                │ sufficient detail for all         │
review / pass2	UNKNOWN STEP	2026-08-15T10:53:35.4867910Z │                         │                │ mechanics: BOM explosion with     │
review / pass2	UNKNOWN STEP	2026-08-15T10:53:35.4868133Z │                         │                │ aggregation, batch rounding,      │
review / pass2	UNKNOWN STEP	2026-08-15T10:53:35.4868345Z │                         │                │ scrap formula                     │
review / pass2	UNKNOWN STEP	2026-08-15T10:53:35.4868589Z │                         │                │ (ceil(build×qty_per×(1+scrap_rat… │
review / pass2	UNKNOWN STEP	2026-08-15T10:53:35.4868804Z │                         │                │ + setup_scrap_qty), substitute    │
review / pass2	UNKNOWN STEP	2026-08-15T10:53:35.4869023Z │                         │                │ preference ordering, workcenter   │
review / pass2	UNKNOWN STEP	2026-08-15T10:53:35.4869241Z │                         │                │ capacity, and the                 │
review / pass2	UNKNOWN STEP	2026-08-15T10:53:35.4869457Z │                         │                │ frozen-initial-state              │
review / pass2	UNKNOWN STEP	2026-08-15T10:53:35.4869675Z │                         │                │ independent-ratio rule for        │
review / pass2	UNKNOWN STEP	2026-08-15T10:53:35.4869895Z │                         │                │ limiting_resource. The agent      │
review / pass2	UNKNOWN STEP	2026-08-15T10:53:35.4870116Z │                         │                │ succeeded on all 31 tests,        │
review / pass2	UNKNOWN STEP	2026-08-15T10:53:35.4870335Z │                         │                │ confirming the spec was           │
review / pass2	UNKNOWN STEP	2026-08-15T10:53:35.4870547Z │                         │                │ actionable.                       │
review / pass2	UNKNOWN STEP	2026-08-15T10:53:35.4870784Z ├─────────────────────────┼────────────────┼───────────────────────────────────┤
review / pass2	UNKNOWN STEP	2026-08-15T10:53:35.4871036Z │ Reward Hacking          │ pass           │ The trajectory shows the agent    │
review / pass2	UNKNOWN STEP	2026-08-15T10:53:35.4871274Z │                         │                │ wrote a legitimate Python MRP     │
review / pass2	UNKNOWN STEP	2026-08-15T10:53:35.4871491Z │                         │                │ simulation (solve.py), ran it,    │
review / pass2	UNKNOWN STEP	2026-08-15T10:53:35.4871706Z │                         │                │ and generated report.json through │
review / pass2	UNKNOWN STEP	2026-08-15T10:53:35.4871924Z │                         │                │ correct algorithmic work. No      │
review / pass2	UNKNOWN STEP	2026-08-15T10:53:35.4872229Z │                         │                │ modifications to tests/,          │
review / pass2	UNKNOWN STEP	2026-08-15T10:53:35.4872514Z │                         │                │ verifier/, or solution/           │
review / pass2	UNKNOWN STEP	2026-08-15T10:53:35.4872744Z │                         │                │ directories appear in any step.   │
review / pass2	UNKNOWN STEP	2026-08-15T10:53:35.4872960Z │                         │                │ The 6 trajectory steps show only  │
review / pass2	UNKNOWN STEP	2026-08-15T10:53:35.4873177Z │                         │                │ DB inspection, code writing,      │
review / pass2	UNKNOWN STEP	2026-08-15T10:53:35.4873466Z │                         │                │ script execution, and debugging.  │
review / pass2	UNKNOWN STEP	2026-08-15T10:53:35.4873720Z ├─────────────────────────┼────────────────┼───────────────────────────────────┤
review / pass2	UNKNOWN STEP	2026-08-15T10:53:35.4873975Z │ Difficulty Crux         │ not_applicable │ The trial passed (reward = 1.0).  │
review / pass2	UNKNOWN STEP	2026-08-15T10:53:35.4874213Z │                         │                │ The task author's                 │
review / pass2	UNKNOWN STEP	2026-08-15T10:53:35.4874429Z │                         │                │ difficulty_explanation cites      │
review / pass2	UNKNOWN STEP	2026-08-15T10:53:35.4874655Z │                         │                │ multi-level MRP DAG explosion,    │
review / pass2	UNKNOWN STEP	2026-08-15T10:53:35.4874869Z │                         │                │ substitute cascades, BFS demand   │
review / pass2	UNKNOWN STEP	2026-08-15T10:53:35.4875081Z │                         │                │ aggregation for routing setup,    │
review / pass2	UNKNOWN STEP	2026-08-15T10:53:35.4875300Z │                         │                │ and heterogeneous bottleneck      │
review / pass2	UNKNOWN STEP	2026-08-15T10:53:35.4875519Z │                         │                │ identification (including         │
review / pass2	UNKNOWN STEP	2026-08-15T10:53:35.4875734Z │                         │                │ O00_U/V/W traps). The agent       │
review / pass2	UNKNOWN STEP	2026-08-15T10:53:35.4875956Z │                         │                │ passed all of these, so there is  │
review / pass2	UNKNOWN STEP	2026-08-15T10:53:35.4876170Z │                         │                │ no failure to trace to any crux.  │
review / pass2	UNKNOWN STEP	2026-08-15T10:53:35.4876420Z ├─────────────────────────┼────────────────┼───────────────────────────────────┤
review / pass2	UNKNOWN STEP	2026-08-15T10:53:35.4876663Z │ Near Miss               │ pass           │ The agent achieved a full pass    │
review / pass2	UNKNOWN STEP	2026-08-15T10:53:35.4876894Z │                         │                │ (reward = 1.0, 31/31 tests). This │
review / pass2	UNKNOWN STEP	2026-08-15T10:53:35.4877107Z │                         │                │ is not a near-miss — it is an     │
review / pass2	UNKNOWN STEP	2026-08-15T10:53:35.4877316Z │                         │                │ outright success.                 │
review / pass2	UNKNOWN STEP	2026-08-15T10:53:35.4877561Z ├─────────────────────────┼────────────────┼───────────────────────────────────┤
review / pass2	UNKNOWN STEP	2026-08-15T10:53:35.4877797Z │ Refusals                │ pass           │ The agent engaged immediately     │
review / pass2	UNKNOWN STEP	2026-08-15T10:53:35.4878033Z │                         │                │ with the task. Steps 2-6 show     │
review / pass2	UNKNOWN STEP	2026-08-15T10:53:35.4878251Z │                         │                │ progressive DB inspection,        │
review / pass2	UNKNOWN STEP	2026-08-15T10:53:35.4878494Z │                         │                │ algorithm implementation, script  │
review / pass2	UNKNOWN STEP	2026-08-15T10:53:35.4878765Z │                         │                │ execution, and debugging. No      │
review / pass2	UNKNOWN STEP	2026-08-15T10:53:35.4879026Z │                         │                │ refusal language or               │
review / pass2	UNKNOWN STEP	2026-08-15T10:53:35.4879239Z │                         │                │ policy-related exit appears       │
review / pass2	UNKNOWN STEP	2026-08-15T10:53:35.4879457Z │                         │                │ anywhere in the trajectory.       │
review / pass2	UNKNOWN STEP	2026-08-15T10:53:35.4879702Z ├─────────────────────────┼────────────────┼───────────────────────────────────┤
review / pass2	UNKNOWN STEP	2026-08-15T10:53:35.4879942Z │ Low Timeout             │ pass           │ The report.json was correctly     │
review / pass2	UNKNOWN STEP	2026-08-15T10:53:35.4880177Z │                         │                │ generated during step 5           │
review / pass2	UNKNOWN STEP	2026-08-15T10:53:35.4880394Z │                         │                │ (approximately 440 seconds into   │
review / pass2	UNKNOWN STEP	2026-08-15T10:53:35.4880619Z │                         │                │ the 600-second budget, as         │
review / pass2	UNKNOWN STEP	2026-08-15T10:53:35.4880837Z │                         │                │ indicated by 'report written'     │
review / pass2	UNKNOWN STEP	2026-08-15T10:53:35.4881062Z │                         │                │ appearing in the step-6           │
review / pass2	UNKNOWN STEP	2026-08-15T10:53:35.4881278Z │                         │                │ observation). Step 6 was          │
review / pass2	UNKNOWN STEP	2026-08-15T10:53:35.4881498Z │                         │                │ post-solution verification        │
review / pass2	UNKNOWN STEP	2026-08-15T10:53:35.4881715Z │                         │                │ debugging. The timeout fired      │
review / pass2	UNKNOWN STEP	2026-08-15T10:53:35.4881929Z │                         │                │ during the 6th LLM API call that  │
review / pass2	UNKNOWN STEP	2026-08-15T10:53:35.4882145Z │                         │                │ was preparing to act on the debug │
review / pass2	UNKNOWN STEP	2026-08-15T10:53:35.4882359Z │                         │                │ output — after the solution was   │
review / pass2	UNKNOWN STEP	2026-08-15T10:53:35.4882577Z │                         │                │ already complete. The timeout did │
review / pass2	UNKNOWN STEP	2026-08-15T10:53:35.4882797Z │                         │                │ not cut off progress toward the   │
review / pass2	UNKNOWN STEP	2026-08-15T10:53:35.4883014Z │                         │                │ solution.                         │
review / pass2	UNKNOWN STEP	2026-08-15T10:53:35.4883246Z ├─────────────────────────┼────────────────┼───────────────────────────────────┤
review / pass2	UNKNOWN STEP	2026-08-15T10:53:35.4883495Z │ Approach Validity       │ pass           │ The agent's approach was sound    │
review / pass2	UNKNOWN STEP	2026-08-15T10:53:35.4883740Z │                         │                │ and the verifier confirmed it:    │
review / pass2	UNKNOWN STEP	2026-08-15T10:53:35.4883955Z │                         │                │ all 31 tests passed. The Python   │
review / pass2	UNKNOWN STEP	2026-08-15T10:53:35.4884173Z │                         │                │ MRP simulation correctly          │
review / pass2	UNKNOWN STEP	2026-08-15T10:53:35.4884392Z │                         │                │ implemented BOM topological       │
review / pass2	UNKNOWN STEP	2026-08-15T10:53:35.4884614Z │                         │                │ traversal, batch rounding, scrap  │
review / pass2	UNKNOWN STEP	2026-08-15T10:53:35.4884832Z │                         │                │ accounting                        │
review / pass2	UNKNOWN STEP	2026-08-15T10:53:35.4885104Z │                         │                │ (ceil(base×(1+scrap/100))+setup_… │
review / pass2	UNKNOWN STEP	2026-08-15T10:53:35.4885362Z │                         │                │ substitute preference-rank        │
review / pass2	UNKNOWN STEP	2026-08-15T10:53:35.4885586Z │                         │                │ consumption, workcenter capacity  │
review / pass2	UNKNOWN STEP	2026-08-15T10:53:35.4885808Z │                         │                │ tracking, and frozen-state        │
review / pass2	UNKNOWN STEP	2026-08-15T10:53:35.4886027Z │                         │                │ fulfillment-ratio bottleneck      │
review / pass2	UNKNOWN STEP	2026-08-15T10:53:35.4886249Z │                         │                │ identification. Not a failure     │
review / pass2	UNKNOWN STEP	2026-08-15T10:53:35.4886463Z │                         │                │ trial.                            │
review / pass2	UNKNOWN STEP	2026-08-15T10:53:35.4886700Z ├─────────────────────────┼────────────────┼───────────────────────────────────┤
review / pass2	UNKNOWN STEP	2026-08-15T10:53:35.4886957Z │ Decisive Rule Disclosed │ not_applicable │ The trial passed (reward = 1.0).  │
review / pass2	UNKNOWN STEP	2026-08-15T10:53:35.4887221Z │                         │                │ This criterion applies only to    │
review / pass2	UNKNOWN STEP	2026-08-15T10:53:35.4887451Z │                         │                │ failing trials.                   │
review / pass2	UNKNOWN STEP	2026-08-15T10:53:35.4887692Z ├─────────────────────────┼────────────────┼───────────────────────────────────┤
review / pass2	UNKNOWN STEP	2026-08-15T10:53:35.4887945Z │ Spec Consistency        │ not_applicable │ The trial passed (reward = 1.0).  │
review / pass2	UNKNOWN STEP	2026-08-15T10:53:35.4888190Z │                         │                │ This criterion applies only to    │
review / pass2	UNKNOWN STEP	2026-08-15T10:53:35.4888428Z │                         │                │ failing trials.                   │
review / pass2	UNKNOWN STEP	2026-08-15T10:53:35.4888667Z └─────────────────────────┴────────────────┴───────────────────────────────────┘
review / pass2	UNKNOWN STEP	2026-08-15T10:53:35.5478991Z ##[group]Run python3 tools/claude_costs.py extract-harbor-analysis \
review / pass2	UNKNOWN STEP	2026-08-15T10:53:35.5479271Z ^[[36;1mpython3 tools/claude_costs.py extract-harbor-analysis \^[[0m
review / pass2	UNKNOWN STEP	2026-08-15T10:53:35.5479471Z ^[[36;1m  --stage pass2-analyze \^[[0m
review / pass2	UNKNOWN STEP	2026-08-15T10:53:35.5479619Z ^[[36;1m  --model claude-sonnet-4-6 \^[[0m
review / pass2	UNKNOWN STEP	2026-08-15T10:53:35.5479814Z ^[[36;1m  --cost-dir "$RUNNER_TEMP/claude-costs" \^[[0m
review / pass2	UNKNOWN STEP	2026-08-15T10:53:35.5479976Z ^[[36;1m  pass2-analyze/^[[0m
review / pass2	UNKNOWN STEP	2026-08-15T10:53:35.5480148Z ^[[36;1mpython3 tools/claude_costs.py extract-harbor-trials \^[[0m
review / pass2	UNKNOWN STEP	2026-08-15T10:53:35.5480334Z ^[[36;1m  --stage pass2-agent-trial \^[[0m
review / pass2	UNKNOWN STEP	2026-08-15T10:53:35.5480496Z ^[[36;1m  --cost-dir "$RUNNER_TEMP/claude-costs" \^[[0m
review / pass2	UNKNOWN STEP	2026-08-15T10:53:35.5480656Z ^[[36;1m  pass2-output/^[[0m
review / pass2	UNKNOWN STEP	2026-08-15T10:53:35.5497302Z shell: /usr/bin/bash -e {0}
review / pass2	UNKNOWN STEP	2026-08-15T10:53:35.5497433Z env:
review / pass2	UNKNOWN STEP	2026-08-15T10:53:35.5498592Z   GH_TOKEN: ***
review / pass2	UNKNOWN STEP	2026-08-15T10:53:35.5498781Z   REPO: handshake-project-dynamo/dynamo-1573c1a-data-querying-and-databases
review / pass2	UNKNOWN STEP	2026-08-15T10:53:35.5499013Z   PR_NUMBER: 5
review / pass2	UNKNOWN STEP	2026-08-15T10:53:35.5499132Z   BLACKSMITH_RUNNER_MESSAGE_WAIT_MS: 924
review / pass2	UNKNOWN STEP	2026-08-15T10:53:35.5499286Z   BLACKSMITH_RUNNER_ACQUIRE_JOB_MS: 1234
review / pass2	UNKNOWN STEP	2026-08-15T10:53:35.5499509Z   GITHUB_REPO_NAME: handshake-project-dynamo/dynamo-1573c1a-data-querying-and-databases
review / pass2	UNKNOWN STEP	2026-08-15T10:53:35.5499772Z   pythonLocation: /opt/hostedtoolcache/Python/3.11.14/x64
review / pass2	UNKNOWN STEP	2026-08-15T10:53:35.5499988Z   PKG_CONFIG_PATH: /opt/hostedtoolcache/Python/3.11.14/x64/lib/pkgconfig
review / pass2	UNKNOWN STEP	2026-08-15T10:53:35.5500207Z   Python_ROOT_DIR: /opt/hostedtoolcache/Python/3.11.14/x64
review / pass2	UNKNOWN STEP	2026-08-15T10:53:35.5500407Z   Python2_ROOT_DIR: /opt/hostedtoolcache/Python/3.11.14/x64
review / pass2	UNKNOWN STEP	2026-08-15T10:53:35.5500668Z   Python3_ROOT_DIR: /opt/hostedtoolcache/Python/3.11.14/x64
review / pass2	UNKNOWN STEP	2026-08-15T10:53:35.5500870Z   LD_LIBRARY_PATH: /opt/hostedtoolcache/Python/3.11.14/x64/lib
review / pass2	UNKNOWN STEP	2026-08-15T10:53:35.5501063Z   UV_CACHE_DIR: /home/runner/_work/_temp/setup-uv-cache
review / pass2	UNKNOWN STEP	2026-08-15T10:53:35.5501225Z ##[endgroup]
review / pass2	UNKNOWN STEP	2026-08-15T10:53:35.6082781Z Node 20 is being deprecated. This workflow is running with Node 24 by default. If you need to temporarily use Node 20, you can set the ACTIONS_ALLOW_USE_UNSECURE_NODE_VERSION=true environment variable. For more information see: https://github.blog/changelog/2025-09-19-deprecation-of-node-20-on-github-actions-runners/
review / pass2	UNKNOWN STEP	2026-08-15T10:53:35.6083463Z ##[group]Run actions/upload-artifact@ea165f8d65b6e75b540449e92b4886f43607fa02
review / pass2	UNKNOWN STEP	2026-08-15T10:53:35.6083807Z with:
review / pass2	UNKNOWN STEP	2026-08-15T10:53:35.6083917Z   name: pass2-output
review / pass2	UNKNOWN STEP	2026-08-15T10:53:35.6084044Z   path: pass2-output/
review / pass2	UNKNOWN STEP	2026-08-15T10:53:35.6084169Z   if-no-files-found: ignore
review / pass2	UNKNOWN STEP	2026-08-15T10:53:35.6084305Z   compression-level: 6
review / pass2	UNKNOWN STEP	2026-08-15T10:53:35.6084422Z   overwrite: false
review / pass2	UNKNOWN STEP	2026-08-15T10:53:35.6084546Z   include-hidden-files: false
review / pass2	UNKNOWN STEP	2026-08-15T10:53:35.6084675Z env:
review / pass2	UNKNOWN STEP	2026-08-15T10:53:35.6085811Z   GH_TOKEN: ***
review / pass2	UNKNOWN STEP	2026-08-15T10:53:35.6085998Z   REPO: handshake-project-dynamo/dynamo-1573c1a-data-querying-and-databases
review / pass2	UNKNOWN STEP	2026-08-15T10:53:35.6086225Z   PR_NUMBER: 5
review / pass2	UNKNOWN STEP	2026-08-15T10:53:35.6086348Z   BLACKSMITH_RUNNER_MESSAGE_WAIT_MS: 924
review / pass2	UNKNOWN STEP	2026-08-15T10:53:35.6086511Z   BLACKSMITH_RUNNER_ACQUIRE_JOB_MS: 1234
review / pass2	UNKNOWN STEP	2026-08-15T10:53:35.6086736Z   GITHUB_REPO_NAME: handshake-project-dynamo/dynamo-1573c1a-data-querying-and-databases
review / pass2	UNKNOWN STEP	2026-08-15T10:53:35.6087001Z   pythonLocation: /opt/hostedtoolcache/Python/3.11.14/x64
review / pass2	UNKNOWN STEP	2026-08-15T10:53:35.6087220Z   PKG_CONFIG_PATH: /opt/hostedtoolcache/Python/3.11.14/x64/lib/pkgconfig
review / pass2	UNKNOWN STEP	2026-08-15T10:53:35.6087453Z   Python_ROOT_DIR: /opt/hostedtoolcache/Python/3.11.14/x64
review / pass2	UNKNOWN STEP	2026-08-15T10:53:35.6087654Z   Python2_ROOT_DIR: /opt/hostedtoolcache/Python/3.11.14/x64
review / pass2	UNKNOWN STEP	2026-08-15T10:53:35.6087853Z   Python3_ROOT_DIR: /opt/hostedtoolcache/Python/3.11.14/x64
review / pass2	UNKNOWN STEP	2026-08-15T10:53:35.6088056Z   LD_LIBRARY_PATH: /opt/hostedtoolcache/Python/3.11.14/x64/lib
review / pass2	UNKNOWN STEP	2026-08-15T10:53:35.6088251Z   UV_CACHE_DIR: /home/runner/_work/_temp/setup-uv-cache
review / pass2	UNKNOWN STEP	2026-08-15T10:53:35.6088453Z ##[endgroup]
review / pass2	UNKNOWN STEP	2026-08-15T10:53:35.6932021Z (node:10734) [DEP0040] DeprecationWarning: The `punycode` module is deprecated. Please use a userland alternative instead.
review / pass2	UNKNOWN STEP	2026-08-15T10:53:35.6932395Z (Use `node --trace-deprecation ...` to show where the warning was created)
review / pass2	UNKNOWN STEP	2026-08-15T10:53:35.7014638Z With the provided path, there will be 34 files uploaded
review / pass2	UNKNOWN STEP	2026-08-15T10:53:35.7014984Z Artifact name is valid!
review / pass2	UNKNOWN STEP	2026-08-15T10:53:35.7015158Z Root directory input is valid!
review / pass2	UNKNOWN STEP	2026-08-15T10:53:35.9704207Z Beginning upload of artifact content to blob storage
review / pass2	UNKNOWN STEP	2026-08-15T10:53:36.0056503Z (node:10734) [DEP0169] DeprecationWarning: `url.parse()` behavior is not standardized and prone to errors that have security implications. Use the WHATWG URL API instead. CVEs are not issued for `url.parse()` vulnerabilities.
review / pass2	UNKNOWN STEP	2026-08-15T10:53:36.3762286Z Uploaded bytes 180003
review / pass2	UNKNOWN STEP	2026-08-15T10:53:36.4371208Z Finished uploading artifact content to blob storage!
review / pass2	UNKNOWN STEP	2026-08-15T10:53:36.4371608Z SHA256 digest of uploaded artifact zip is a788937477deb70e71783460ba2b1ba36f2f9d2295f38b1c648357abbf21c888
review / pass2	UNKNOWN STEP	2026-08-15T10:53:36.4372688Z Finalizing artifact upload
review / pass2	UNKNOWN STEP	2026-08-15T10:53:36.7707199Z Artifact pass2-output.zip successfully finalized. Artifact ID 9245920473
review / pass2	UNKNOWN STEP	2026-08-15T10:53:36.7707651Z Artifact pass2-output has been successfully uploaded! Final size is 180003 bytes. Artifact ID is 9245920473
review / pass2	UNKNOWN STEP	2026-08-15T10:53:36.7711242Z Artifact download URL: https://github.com/handshake-project-dynamo/dynamo-1573c1a-data-querying-and-databases/actions/runs/31879562031/artifacts/9245920473
review / pass2	UNKNOWN STEP	2026-08-15T10:53:36.7783227Z Node 20 is being deprecated. This workflow is running with Node 24 by default. If you need to temporarily use Node 20, you can set the ACTIONS_ALLOW_USE_UNSECURE_NODE_VERSION=true environment variable. For more information see: https://github.blog/changelog/2025-09-19-deprecation-of-node-20-on-github-actions-runners/
review / pass2	UNKNOWN STEP	2026-08-15T10:53:36.7783904Z ##[group]Run actions/upload-artifact@ea165f8d65b6e75b540449e92b4886f43607fa02
review / pass2	UNKNOWN STEP	2026-08-15T10:53:36.7784111Z with:
review / pass2	UNKNOWN STEP	2026-08-15T10:53:36.7784244Z   name: claude-costs-partial-attempt-1-pass2
review / pass2	UNKNOWN STEP	2026-08-15T10:53:36.7784420Z   path: /home/runner/_work/_temp/claude-costs/
review / pass2	UNKNOWN STEP	2026-08-15T10:53:36.7784580Z   if-no-files-found: ignore
review / pass2	UNKNOWN STEP	2026-08-15T10:53:36.7784709Z   retention-days: 1
review / pass2	UNKNOWN STEP	2026-08-15T10:53:36.7784829Z   compression-level: 6
review / pass2	UNKNOWN STEP	2026-08-15T10:53:36.7784948Z   overwrite: false
review / pass2	UNKNOWN STEP	2026-08-15T10:53:36.7785067Z   include-hidden-files: false
review / pass2	UNKNOWN STEP	2026-08-15T10:53:36.7785200Z env:
review / pass2	UNKNOWN STEP	2026-08-15T10:53:36.7786347Z   GH_TOKEN: ***
review / pass2	UNKNOWN STEP	2026-08-15T10:53:36.7786690Z   REPO: handshake-project-dynamo/dynamo-1573c1a-data-querying-and-databases
review / pass2	UNKNOWN STEP	2026-08-15T10:53:36.7786898Z   PR_NUMBER: 5
review / pass2	UNKNOWN STEP	2026-08-15T10:53:36.7787019Z   BLACKSMITH_RUNNER_MESSAGE_WAIT_MS: 924
review / pass2	UNKNOWN STEP	2026-08-15T10:53:36.7787179Z   BLACKSMITH_RUNNER_ACQUIRE_JOB_MS: 1234
review / pass2	UNKNOWN STEP	2026-08-15T10:53:36.7787409Z   GITHUB_REPO_NAME: handshake-project-dynamo/dynamo-1573c1a-data-querying-and-databases
review / pass2	UNKNOWN STEP	2026-08-15T10:53:36.7787668Z   pythonLocation: /opt/hostedtoolcache/Python/3.11.14/x64
review / pass2	UNKNOWN STEP	2026-08-15T10:53:36.7787898Z   PKG_CONFIG_PATH: /opt/hostedtoolcache/Python/3.11.14/x64/lib/pkgconfig
review / pass2	UNKNOWN STEP	2026-08-15T10:53:36.7788120Z   Python_ROOT_DIR: /opt/hostedtoolcache/Python/3.11.14/x64
review / pass2	UNKNOWN STEP	2026-08-15T10:53:36.7788320Z   Python2_ROOT_DIR: /opt/hostedtoolcache/Python/3.11.14/x64
review / pass2	UNKNOWN STEP	2026-08-15T10:53:36.7788555Z   Python3_ROOT_DIR: /opt/hostedtoolcache/Python/3.11.14/x64
review / pass2	UNKNOWN STEP	2026-08-15T10:53:36.7788768Z   LD_LIBRARY_PATH: /opt/hostedtoolcache/Python/3.11.14/x64/lib
review / pass2	UNKNOWN STEP	2026-08-15T10:53:36.7788967Z   UV_CACHE_DIR: /home/runner/_work/_temp/setup-uv-cache
review / pass2	UNKNOWN STEP	2026-08-15T10:53:36.7789142Z ##[endgroup]
review / pass2	UNKNOWN STEP	2026-08-15T10:53:36.8624270Z (node:10747) [DEP0040] DeprecationWarning: The `punycode` module is deprecated. Please use a userland alternative instead.
review / pass2	UNKNOWN STEP	2026-08-15T10:53:36.8624648Z (Use `node --trace-deprecation ...` to show where the warning was created)
review / pass2	UNKNOWN STEP	2026-08-15T10:53:36.8649875Z With the provided path, there will be 3 files uploaded
review / pass2	UNKNOWN STEP	2026-08-15T10:53:36.8652111Z Artifact name is valid!
review / pass2	UNKNOWN STEP	2026-08-15T10:53:36.8652620Z Root directory input is valid!
review / pass2	UNKNOWN STEP	2026-08-15T10:53:37.1454178Z Beginning upload of artifact content to blob storage
review / pass2	UNKNOWN STEP	2026-08-15T10:53:37.1587617Z (node:10747) [DEP0169] DeprecationWarning: `url.parse()` behavior is not standardized and prone to errors that have security implications. Use the WHATWG URL API instead. CVEs are not issued for `url.parse()` vulnerabilities.
review / pass2	UNKNOWN STEP	2026-08-15T10:53:37.3760242Z Uploaded bytes 1932
review / pass2	UNKNOWN STEP	2026-08-15T10:53:37.4572257Z Finished uploading artifact content to blob storage!
review / pass2	UNKNOWN STEP	2026-08-15T10:53:37.4572646Z SHA256 digest of uploaded artifact zip is 6206c9e107c8a8e87ff62f3b8df402eea07d145ec0d502c33d0303f67a0da1f5
review / pass2	UNKNOWN STEP	2026-08-15T10:53:37.4573784Z Finalizing artifact upload
review / pass2	UNKNOWN STEP	2026-08-15T10:53:37.7882852Z Artifact claude-costs-partial-attempt-1-pass2.zip successfully finalized. Artifact ID 9245920658
review / pass2	UNKNOWN STEP	2026-08-15T10:53:37.7883338Z Artifact claude-costs-partial-attempt-1-pass2 has been successfully uploaded! Final size is 1932 bytes. Artifact ID is 9245920658
review / pass2	UNKNOWN STEP	2026-08-15T10:53:37.7883890Z Artifact download URL: https://github.com/handshake-project-dynamo/dynamo-1573c1a-data-querying-and-databases/actions/runs/31879562031/artifacts/9245920658
review / pass2	UNKNOWN STEP	2026-08-15T10:53:37.7941329Z ##[group]Run python3 - <<'PY' > comment.md
review / pass2	UNKNOWN STEP	2026-08-15T10:53:37.7941656Z ^[[36;1mpython3 - <<'PY' > comment.md^[[0m
review / pass2	UNKNOWN STEP	2026-08-15T10:53:37.7941813Z ^[[36;1mimport json, glob, os^[[0m
review / pass2	UNKNOWN STEP	2026-08-15T10:53:37.7942056Z ^[[36;1m# Timeout taxonomy — see the pass@5 step. AgentTimeoutError still runs the verifier^[[0m
review / pass2	UNKNOWN STEP	2026-08-15T10:53:37.7942391Z ^[[36;1m# (reward 0/1): reward>=1 -> SOLVED; reward 0 + low_timeout=PASS (stuck/looping, had enough^[[0m
review / pass2	UNKNOWN STEP	2026-08-15T10:53:37.7942726Z ^[[36;1m# time) -> VALID fail; reward 0 + low_timeout=FAIL/NA (still progressing) -> invalid;^[[0m
review / pass2	UNKNOWN STEP	2026-08-15T10:53:37.7943021Z ^[[36;1m# setup/verifier timeouts and reward-null timeouts -> invalid (infra).^[[0m
review / pass2	UNKNOWN STEP	2026-08-15T10:53:37.7943355Z ^[[36;1mSETUP_TIMEOUTS = {"EnvironmentStartTimeoutError","AgentSetupTimeoutError","VerifierTimeoutError"}^[[0m
review / pass2	UNKNOWN STEP	2026-08-15T10:53:37.7943627Z ^[[36;1mdef _outcome(a, check):^[[0m
review / pass2	UNKNOWN STEP	2026-08-15T10:53:37.7943813Z ^[[36;1m    o=((a.get("checks") or {}).get(check) or {}).get("outcome")^[[0m
review / pass2	UNKNOWN STEP	2026-08-15T10:53:37.7944078Z ^[[36;1m    v=(o.get("value") if isinstance(o,dict) else o)^[[0m
review / pass2	UNKNOWN STEP	2026-08-15T10:53:37.7944288Z ^[[36;1m    return v.lower() if isinstance(v,str) else None^[[0m
review / pass2	UNKNOWN STEP	2026-08-15T10:53:37.7944463Z ^[[36;1mtrials=[]^[[0m
review / pass2	UNKNOWN STEP	2026-08-15T10:53:37.7944642Z ^[[36;1mfor rj in sorted(glob.glob("pass2-output/*/*/result.json")):^[[0m
review / pass2	UNKNOWN STEP	2026-08-15T10:53:37.7944881Z ^[[36;1m    tdir=os.path.dirname(rj); name=os.path.basename(tdir)^[[0m
review / pass2	UNKNOWN STEP	2026-08-15T10:53:37.7945229Z ^[[36;1m    if "__" not in name:^[[0m
review / pass2	UNKNOWN STEP	2026-08-15T10:53:37.7945376Z ^[[36;1m        continue^[[0m
review / pass2	UNKNOWN STEP	2026-08-15T10:53:37.7945523Z ^[[36;1m    try: d=json.load(open(rj))^[[0m
review / pass2	UNKNOWN STEP	2026-08-15T10:53:37.7945716Z ^[[36;1m    except Exception: continue^[[0m
review / pass2	UNKNOWN STEP	2026-08-15T10:53:37.7945920Z ^[[36;1m    vr=d.get("verifier_result") or {}; rws=vr.get("rewards") or {}^[[0m
review / pass2	UNKNOWN STEP	2026-08-15T10:53:37.7946116Z ^[[36;1m    r=None^[[0m
review / pass2	UNKNOWN STEP	2026-08-15T10:53:37.7946240Z ^[[36;1m    if rws:^[[0m
review / pass2	UNKNOWN STEP	2026-08-15T10:53:37.7946392Z ^[[36;1m        try: r=float(next(iter(rws.values())))^[[0m
review / pass2	UNKNOWN STEP	2026-08-15T10:53:37.7946576Z ^[[36;1m        except Exception: r=None^[[0m
review / pass2	UNKNOWN STEP	2026-08-15T10:53:37.7946776Z ^[[36;1m    exc=(d.get("exception_info") or {}).get("exception_type")^[[0m
review / pass2	UNKNOWN STEP	2026-08-15T10:53:37.7946971Z ^[[36;1m    av=lt=None; analyzed=False^[[0m
review / pass2	UNKNOWN STEP	2026-08-15T10:53:37.7947120Z ^[[36;1m    try:^[[0m
review / pass2	UNKNOWN STEP	2026-08-15T10:53:37.7947285Z ^[[36;1m        a=json.load(open(os.path.join(tdir,"analysis.json")))^[[0m
review / pass2	UNKNOWN STEP	2026-08-15T10:53:37.7947529Z ^[[36;1m        av=_outcome(a,"approach_validity"); lt=_outcome(a,"low_timeout")^[[0m
review / pass2	UNKNOWN STEP	2026-08-15T10:53:37.7947777Z ^[[36;1m        analyzed=av in ("pass","fail","not_applicable")^[[0m
review / pass2	UNKNOWN STEP	2026-08-15T10:53:37.7947966Z ^[[36;1m    except Exception:^[[0m
review / pass2	UNKNOWN STEP	2026-08-15T10:53:37.7948113Z ^[[36;1m        analyzed=False^[[0m
review / pass2	UNKNOWN STEP	2026-08-15T10:53:37.7948334Z ^[[36;1m    trials.append(dict(name=name,reward=r,exc=exc,av=av,lt=lt,analyzed=analyzed))^[[0m
review / pass2	UNKNOWN STEP	2026-08-15T10:53:37.7948598Z ^[[36;1mdef categorize(t):^[[0m
review / pass2	UNKNOWN STEP	2026-08-15T10:53:37.7948751Z ^[[36;1m    r=t["reward"]; exc=t["exc"]^[[0m
review / pass2	UNKNOWN STEP	2026-08-15T10:53:37.7948938Z ^[[36;1m    if r is not None and r>=1.0:          return "solved"^[[0m
review / pass2	UNKNOWN STEP	2026-08-15T10:53:37.7949153Z ^[[36;1m    if exc in SETUP_TIMEOUTS:             return "infra"^[[0m
review / pass2	UNKNOWN STEP	2026-08-15T10:53:37.7949378Z ^[[36;1m    if exc and exc!="AgentTimeoutError":  return "infra"^[[0m
review / pass2	UNKNOWN STEP	2026-08-15T10:53:37.7949595Z ^[[36;1m    if not t["analyzed"]:                 return "unanalyzed"^[[0m
review / pass2	UNKNOWN STEP	2026-08-15T10:53:37.7949811Z ^[[36;1m    if t["av"]=="fail":                   return "task_bug"^[[0m
review / pass2	UNKNOWN STEP	2026-08-15T10:53:37.7950002Z ^[[36;1m    if exc=="AgentTimeoutError":^[[0m
review / pass2	UNKNOWN STEP	2026-08-15T10:53:37.7950189Z ^[[36;1m        if r is None:                     return "infra"^[[0m
review / pass2	UNKNOWN STEP	2026-08-15T10:53:37.7950426Z ^[[36;1m        return "valid_fail" if t["lt"]=="pass" else "timeout_progress"^[[0m
review / pass2	UNKNOWN STEP	2026-08-15T10:53:37.7950634Z ^[[36;1m    return "valid_fail"^[[0m
review / pass2	UNKNOWN STEP	2026-08-15T10:53:37.7950799Z ^[[36;1mfor t in trials: t["cat"]=categorize(t)^[[0m
review / pass2	UNKNOWN STEP	2026-08-15T10:53:37.7950970Z ^[[36;1mn=len(trials)^[[0m
review / pass2	UNKNOWN STEP	2026-08-15T10:53:37.7951132Z ^[[36;1msolved=[t for t in trials if t["cat"]=="solved"]^[[0m
review / pass2	UNKNOWN STEP	2026-08-15T10:53:37.7951437Z ^[[36;1mvalid=[t for t in trials if t["cat"]=="valid_fail"]^[[0m
review / pass2	UNKNOWN STEP	2026-08-15T10:53:37.7951653Z ^[[36;1mtask_bug=[t for t in trials if t["cat"]=="task_bug"]^[[0m
review / pass2	UNKNOWN STEP	2026-08-15T10:53:37.7951877Z ^[[36;1mtprog=[t for t in trials if t["cat"]=="timeout_progress"]^[[0m
review / pass2	UNKNOWN STEP	2026-08-15T10:53:37.7952107Z ^[[36;1minfra=[t for t in trials if t["cat"]=="infra"]^[[0m
review / pass2	UNKNOWN STEP	2026-08-15T10:53:37.7952311Z ^[[36;1munan=[t for t in trials if t["cat"]=="unanalyzed"]^[[0m
review / pass2	UNKNOWN STEP	2026-08-15T10:53:37.7952554Z ^[[36;1m# GATE (pass@2 pre-check): proceed to pass@5 iff at least ONE VALID fail.^[[0m
review / pass2	UNKNOWN STEP	2026-08-15T10:53:37.7952784Z ^[[36;1mproceed = len(valid) >= 1^[[0m
review / pass2	UNKNOWN STEP	2026-08-15T10:53:37.7953028Z ^[[36;1mmodel="Model A"   # fellow-facing label; the real model name is intentionally not revealed^[[0m
review / pass2	UNKNOWN STEP	2026-08-15T10:53:37.7953265Z ^[[36;1mdef icon(t):^[[0m
review / pass2	UNKNOWN STEP	2026-08-15T10:53:37.7953413Z ^[[36;1m    c=t["cat"]^[[0m
review / pass2	UNKNOWN STEP	2026-08-15T10:53:37.7953637Z ^[[36;1m    if c=="solved": return "✅"^[[0m
review / pass2	UNKNOWN STEP	2026-08-15T10:53:37.7953807Z ^[[36;1m    if c=="valid_fail": return "❌"^[[0m
review / pass2	UNKNOWN STEP	2026-08-15T10:53:37.7953977Z ^[[36;1m    return "⚠️"^[[0m
review / pass2	UNKNOWN STEP	2026-08-15T10:53:37.7954130Z ^[[36;1mprint("## ⏱️ Pre-check (pass@2)\n")^[[0m
review / pass2	UNKNOWN STEP	2026-08-15T10:53:37.7954525Z ^[[36;1mif n: print(f"**pass@{n}: {len(solved)}/{n} passed** — `{model}` on Daytona (agent-run budget = task timeout_sec, capped 3600s/1hr — working time only, excludes environment startup)\n")^[[0m
review / pass2	UNKNOWN STEP	2026-08-15T10:53:37.7954976Z ^[[36;1melse: print("No pass@2 results were produced — see the run logs.\n")^[[0m
review / pass2	UNKNOWN STEP	2026-08-15T10:53:37.7955313Z ^[[36;1mif n: print("Trials: " + " ".join(icon(t) for t in trials) + "\n")^[[0m
review / pass2	UNKNOWN STEP	2026-08-15T10:53:37.7955607Z ^[[36;1mreason_kind = None   # which block reason fired — drives infra messaging + suggestion gating^[[0m
review / pass2	UNKNOWN STEP	2026-08-15T10:53:37.7955859Z ^[[36;1mif n and proceed:^[[0m
review / pass2	UNKNOWN STEP	2026-08-15T10:53:37.7956127Z ^[[36;1m    print(f"✅ **At least one valid agent failure** ({len(valid)}/{n}) — the task is plausibly hard. Proceeding to pass@5.\n")^[[0m
review / pass2	UNKNOWN STEP	2026-08-15T10:53:37.7956425Z ^[[36;1m    print("**Rerun Recommended: NO**\n")^[[0m
review / pass2	UNKNOWN STEP	2026-08-15T10:53:37.7956589Z ^[[36;1melif n:^[[0m
review / pass2	UNKNOWN STEP	2026-08-15T10:53:37.7956717Z ^[[36;1m    if unan:^[[0m
review / pass2	UNKNOWN STEP	2026-08-15T10:53:37.7956858Z ^[[36;1m        reason_kind = "unanalyzed"^[[0m
review / pass2	UNKNOWN STEP	2026-08-15T10:53:37.7957180Z ^[[36;1m        print("❌ **Blocked — analysis incomplete.** A failing trial could not be classified, so a valid fail can't be confirmed. Re-run.\n")^[[0m
review / pass2	UNKNOWN STEP	2026-08-15T10:53:37.7957498Z ^[[36;1m    elif len(solved)==n:^[[0m
review / pass2	UNKNOWN STEP	2026-08-15T10:53:37.7957653Z ^[[36;1m        reason_kind = "too_easy"^[[0m
review / pass2	UNKNOWN STEP	2026-08-15T10:53:37.7958004Z ^[[36;1m        print(f"❌ **Blocked — no valid fail.** The agent solved all {n}/{n} runs (passed the tests, even if it timed out); the task looks too easy. Make it harder.\n")^[[0m
review / pass2	UNKNOWN STEP	2026-08-15T10:53:37.7958386Z ^[[36;1m    elif task_bug:^[[0m
review / pass2	UNKNOWN STEP	2026-08-15T10:53:37.7958534Z ^[[36;1m        reason_kind = "task_bug"^[[0m
review / pass2	UNKNOWN STEP	2026-08-15T10:53:37.7958981Z ^[[36;1m        print(f"❌ **Blocked — the failure looks like a task/verifier problem** (a sound, permitted approach was defeated), not a genuine agent failure. Fix the task or verifier (see the analysis below), then push again.\n")^[[0m
review / pass2	UNKNOWN STEP	2026-08-15T10:53:37.7959415Z ^[[36;1m    elif tprog:^[[0m
review / pass2	UNKNOWN STEP	2026-08-15T10:53:37.7959567Z ^[[36;1m        reason_kind = "timeout_progress"^[[0m
review / pass2	UNKNOWN STEP	2026-08-15T10:53:37.7959975Z ^[[36;1m        print(f"❌ **Blocked — the only non-passing run(s) were still making progress when the timeout hit**, not genuinely stumped. Raise [agent].timeout_sec so the agent can finish, then re-run.\n")^[[0m
review / pass2	UNKNOWN STEP	2026-08-15T10:53:37.7960364Z ^[[36;1m    else:^[[0m
review / pass2	UNKNOWN STEP	2026-08-15T10:53:37.7960500Z ^[[36;1m        reason_kind = "infra"^[[0m
review / pass2	UNKNOWN STEP	2026-08-15T10:53:37.7960687Z ^[[36;1m        errs=sorted({t['exc'] for t in infra if t['exc']})^[[0m
review / pass2	UNKNOWN STEP	2026-08-15T10:53:37.7960932Z ^[[36;1m        ej=", ".join(f"`{e}`" for e in errs) if errs else "an infrastructure error"^[[0m
review / pass2	UNKNOWN STEP	2026-08-15T10:53:37.7961800Z ^[[36;1m        print(f"🛠️ **Blocked by an infrastructure error — not a problem with your task.** The automated environment (Daytona) could not build/allocate a sandbox ({ej}), so the agent trials could not run. The pipeline already retried this automatically. **You don't need to change anything** — this needs to be resolved by the project team, not by editing your task. If it keeps happening on re-run, please contact the project team.\n")^[[0m
review / pass2	UNKNOWN STEP	2026-08-15T10:53:37.7962613Z ^[[36;1m    # Rerun guidance: an infra failure may clear on its own; task issues need a fix first.^[[0m
review / pass2	UNKNOWN STEP	2026-08-15T10:53:37.7962867Z ^[[36;1m    print("**Rerun Recommended: YES**\n")^[[0m
review / pass2	UNKNOWN STEP	2026-08-15T10:53:37.7963121Z ^[[36;1m    # Difficulty suggestion is help for GENUINE (task) failures only — never for infra,^[[0m
review / pass2	UNKNOWN STEP	2026-08-15T10:53:37.7963439Z ^[[36;1m    # which the fellow cannot fix (mirrored by the pass2_suggestion job's infra_only guard).^[[0m
review / pass2	UNKNOWN STEP	2026-08-15T10:53:37.7963728Z ^[[36;1m    if reason_kind in ("too_easy", "task_bug", "timeout_progress"):^[[0m
review / pass2	UNKNOWN STEP	2026-08-15T10:53:37.7964196Z ^[[36;1m        print("\n> 💡 On your first attempt, or after you push meaningful revisions, an automated **pass@2 difficulty suggestion** for this task may be posted to help you (advisory only; it does not gate the PR).\n")^[[0m
review / pass2	UNKNOWN STEP	2026-08-15T10:53:37.7964890Z ^[[36;1mif n: print(f"<sub>Breakdown: {len(solved)} solved · {len(valid)} valid-fail · {len(task_bug)} task/verifier-issue · {len(tprog)} in-progress-timeout · {len(infra)} infra/setup-timeout · {len(unan)} unanalyzed</sub>\n")^[[0m
review / pass2	UNKNOWN STEP	2026-08-15T10:53:37.7965350Z ^[[36;1mfor af in sorted(glob.glob("pass2-analyze/*.json")):^[[0m
review / pass2	UNKNOWN STEP	2026-08-15T10:53:37.7965560Z ^[[36;1m    try: a=json.load(open(af))^[[0m
review / pass2	UNKNOWN STEP	2026-08-15T10:53:37.7965790Z ^[[36;1m    except Exception: continue^[[0m
review / pass2	UNKNOWN STEP	2026-08-15T10:53:37.7965947Z ^[[36;1m    js=a.get("job_summary")^[[0m
review / pass2	UNKNOWN STEP	2026-08-15T10:53:37.7966096Z ^[[36;1m    if js:^[[0m
review / pass2	UNKNOWN STEP	2026-08-15T10:53:37.7966283Z ^[[36;1m        print(f"<details><summary>Pass@ Analysis — {model}</summary>\n")^[[0m
review / pass2	UNKNOWN STEP	2026-08-15T10:53:37.7966531Z ^[[36;1m        print(js.replace("<","&lt;").replace(">","&gt;"))^[[0m
review / pass2	UNKNOWN STEP	2026-08-15T10:53:37.7966723Z ^[[36;1m        print("\n</details>\n")^[[0m
review / pass2	UNKNOWN STEP	2026-08-15T10:53:37.7966936Z ^[[36;1mprint(f"📋 [View logs & artifacts]({os.environ.get('RUN_URL','')})")^[[0m
review / pass2	UNKNOWN STEP	2026-08-15T10:53:37.7967180Z ^[[36;1mwith open(os.environ["GITHUB_OUTPUT"],"a") as o:^[[0m
review / pass2	UNKNOWN STEP	2026-08-15T10:53:37.7967396Z ^[[36;1m    o.write(f"proceed={'true' if proceed else 'false'}\n")^[[0m
review / pass2	UNKNOWN STEP	2026-08-15T10:53:37.7967604Z ^[[36;1m    o.write(f"valid={len(valid)}\n")^[[0m
review / pass2	UNKNOWN STEP	2026-08-15T10:53:37.7967771Z ^[[36;1m    o.write(f"n={n}\n")^[[0m
review / pass2	UNKNOWN STEP	2026-08-15T10:53:37.7967976Z ^[[36;1m    o.write(f"infra_only={'true' if reason_kind=='infra' else 'false'}\n")^[[0m
review / pass2	UNKNOWN STEP	2026-08-15T10:53:37.7968189Z ^[[36;1mPY^[[0m
review / pass2	UNKNOWN STEP	2026-08-15T10:53:37.7986498Z shell: /usr/bin/bash -e {0}
review / pass2	UNKNOWN STEP	2026-08-15T10:53:37.7986643Z env:
review / pass2	UNKNOWN STEP	2026-08-15T10:53:37.7987858Z   GH_TOKEN: ***
review / pass2	UNKNOWN STEP	2026-08-15T10:53:37.7988059Z   REPO: handshake-project-dynamo/dynamo-1573c1a-data-querying-and-databases
review / pass2	UNKNOWN STEP	2026-08-15T10:53:37.7988280Z   PR_NUMBER: 5
review / pass2	UNKNOWN STEP	2026-08-15T10:53:37.7988446Z   BLACKSMITH_RUNNER_MESSAGE_WAIT_MS: 924
review / pass2	UNKNOWN STEP	2026-08-15T10:53:37.7988609Z   BLACKSMITH_RUNNER_ACQUIRE_JOB_MS: 1234
review / pass2	UNKNOWN STEP	2026-08-15T10:53:37.7988854Z   GITHUB_REPO_NAME: handshake-project-dynamo/dynamo-1573c1a-data-querying-and-databases
review / pass2	UNKNOWN STEP	2026-08-15T10:53:37.7989145Z   pythonLocation: /opt/hostedtoolcache/Python/3.11.14/x64
review / pass2	UNKNOWN STEP	2026-08-15T10:53:37.7989377Z   PKG_CONFIG_PATH: /opt/hostedtoolcache/Python/3.11.14/x64/lib/pkgconfig
review / pass2	UNKNOWN STEP	2026-08-15T10:53:37.7989611Z   Python_ROOT_DIR: /opt/hostedtoolcache/Python/3.11.14/x64
review / pass2	UNKNOWN STEP	2026-08-15T10:53:37.7989829Z   Python2_ROOT_DIR: /opt/hostedtoolcache/Python/3.11.14/x64
review / pass2	UNKNOWN STEP	2026-08-15T10:53:37.7990043Z   Python3_ROOT_DIR: /opt/hostedtoolcache/Python/3.11.14/x64
review / pass2	UNKNOWN STEP	2026-08-15T10:53:37.7990265Z   LD_LIBRARY_PATH: /opt/hostedtoolcache/Python/3.11.14/x64/lib
review / pass2	UNKNOWN STEP	2026-08-15T10:53:37.7990481Z   UV_CACHE_DIR: /home/runner/_work/_temp/setup-uv-cache
review / pass2	UNKNOWN STEP	2026-08-15T10:53:37.7990817Z   RUN_URL: https://github.com/handshake-project-dynamo/dynamo-1573c1a-data-querying-and-databases/actions/runs/31879562031
review / pass2	UNKNOWN STEP	2026-08-15T10:53:37.7991117Z ##[endgroup]
review / pass2	UNKNOWN STEP	2026-08-15T10:53:37.8195729Z Node 20 is being deprecated. This workflow is running with Node 24 by default. If you need to temporarily use Node 20, you can set the ACTIONS_ALLOW_USE_UNSECURE_NODE_VERSION=true environment variable. For more information see: https://github.blog/changelog/2025-09-19-deprecation-of-node-20-on-github-actions-runners/
review / pass2	UNKNOWN STEP	2026-08-15T10:53:37.8196462Z ##[group]Run marocchino/sticky-pull-request-comment@773744901bac0e8cbb5a0dc842800d45e9b2b405
review / pass2	UNKNOWN STEP	2026-08-15T10:53:37.8196704Z with:
review / pass2	UNKNOWN STEP	2026-08-15T10:53:37.8196827Z   header: pass2-timeout-check
review / pass2	UNKNOWN STEP	2026-08-15T10:53:37.8196968Z   number: 5
review / pass2	UNKNOWN STEP	2026-08-15T10:53:37.8197101Z   path: comment.md
review / pass2	UNKNOWN STEP	2026-08-15T10:53:37.8197222Z   append: false
review / pass2	UNKNOWN STEP	2026-08-15T10:53:37.8197339Z   recreate: false
review / pass2	UNKNOWN STEP	2026-08-15T10:53:37.8197461Z   delete: false
review / pass2	UNKNOWN STEP	2026-08-15T10:53:37.8197579Z   only_create: false
review / pass2	UNKNOWN STEP	2026-08-15T10:53:37.8197711Z   only_update: false
review / pass2	UNKNOWN STEP	2026-08-15T10:53:37.8198011Z   hide_details: false
review / pass2	UNKNOWN STEP	2026-08-15T10:53:37.8198197Z   hide: false
review / pass2	UNKNOWN STEP	2026-08-15T10:53:37.8198488Z   hide_and_recreate: false
review / pass2	UNKNOWN STEP	2026-08-15T10:53:37.8198670Z   hide_classify: OUTDATED
review / pass2	UNKNOWN STEP	2026-08-15T10:53:37.8218478Z   ignore_empty: false
review / pass2	UNKNOWN STEP	2026-08-15T10:53:37.8218616Z   skip_unchanged: false
review / pass2	UNKNOWN STEP	2026-08-15T10:53:37.8218744Z   follow_symbolic_links: false
review / pass2	UNKNOWN STEP	2026-08-15T10:53:37.8219901Z   GITHUB_TOKEN: ***
review / pass2	UNKNOWN STEP	2026-08-15T10:53:37.8220016Z env:
review / pass2	UNKNOWN STEP	2026-08-15T10:53:37.8221057Z   GH_TOKEN: ***
review / pass2	UNKNOWN STEP	2026-08-15T10:53:37.8221245Z   REPO: handshake-project-dynamo/dynamo-1573c1a-data-querying-and-databases
review / pass2	UNKNOWN STEP	2026-08-15T10:53:37.8221458Z   PR_NUMBER: 5
review / pass2	UNKNOWN STEP	2026-08-15T10:53:37.8221579Z   BLACKSMITH_RUNNER_MESSAGE_WAIT_MS: 924
review / pass2	UNKNOWN STEP	2026-08-15T10:53:37.8221731Z   BLACKSMITH_RUNNER_ACQUIRE_JOB_MS: 1234
review / pass2	UNKNOWN STEP	2026-08-15T10:53:37.8222153Z   GITHUB_REPO_NAME: handshake-project-dynamo/dynamo-1573c1a-data-querying-and-databases
review / pass2	UNKNOWN STEP	2026-08-15T10:53:37.8222419Z   pythonLocation: /opt/hostedtoolcache/Python/3.11.14/x64
review / pass2	UNKNOWN STEP	2026-08-15T10:53:37.8222643Z   PKG_CONFIG_PATH: /opt/hostedtoolcache/Python/3.11.14/x64/lib/pkgconfig
review / pass2	UNKNOWN STEP	2026-08-15T10:53:37.8222870Z   Python_ROOT_DIR: /opt/hostedtoolcache/Python/3.11.14/x64
review / pass2	UNKNOWN STEP	2026-08-15T10:53:37.8223073Z   Python2_ROOT_DIR: /opt/hostedtoolcache/Python/3.11.14/x64
review / pass2	UNKNOWN STEP	2026-08-15T10:53:37.8223281Z   Python3_ROOT_DIR: /opt/hostedtoolcache/Python/3.11.14/x64
review / pass2	UNKNOWN STEP	2026-08-15T10:53:37.8223486Z   LD_LIBRARY_PATH: /opt/hostedtoolcache/Python/3.11.14/x64/lib
review / pass2	UNKNOWN STEP	2026-08-15T10:53:37.8223688Z   UV_CACHE_DIR: /home/runner/_work/_temp/setup-uv-cache
review / pass2	UNKNOWN STEP	2026-08-15T10:53:37.8223852Z ##[endgroup]
review / pass2	UNKNOWN STEP	2026-08-15T10:53:39.5575394Z ##[group]Run if [ "false" != "true" ]; then
review / pass2	UNKNOWN STEP	2026-08-15T10:53:39.5575598Z ^[[36;1mif [ "false" != "true" ]; then^[[0m
review / pass2	UNKNOWN STEP	2026-08-15T10:53:39.5576026Z ^[[36;1m  echo "::error::pass@2: no valid agent failure (0 of 2 runs failed genuinely). pass@5 is skipped until the task produces >=1 valid fail. See the PR comment for the cause (too easy / task-verifier issue / env-infra error)."^[[0m
review / pass2	UNKNOWN STEP	2026-08-15T10:53:39.5576460Z ^[[36;1m  exit 1^[[0m
review / pass2	UNKNOWN STEP	2026-08-15T10:53:39.5576574Z ^[[36;1mfi^[[0m
review / pass2	UNKNOWN STEP	2026-08-15T10:53:39.5576758Z ^[[36;1mecho "pass@2 OK — 0 valid fail(s); proceeding to the automated review."^[[0m
review / pass2	UNKNOWN STEP	2026-08-15T10:53:39.5593778Z shell: /usr/bin/bash -e {0}
review / pass2	UNKNOWN STEP	2026-08-15T10:53:39.5593916Z env:
review / pass2	UNKNOWN STEP	2026-08-15T10:53:39.5595066Z   GH_TOKEN: ***
review / pass2	UNKNOWN STEP	2026-08-15T10:53:39.5595256Z   REPO: handshake-project-dynamo/dynamo-1573c1a-data-querying-and-databases
review / pass2	UNKNOWN STEP	2026-08-15T10:53:39.5595467Z   PR_NUMBER: 5
review / pass2	UNKNOWN STEP	2026-08-15T10:53:39.5595596Z   BLACKSMITH_RUNNER_MESSAGE_WAIT_MS: 924
review / pass2	UNKNOWN STEP	2026-08-15T10:53:39.5595781Z   BLACKSMITH_RUNNER_ACQUIRE_JOB_MS: 1234
review / pass2	UNKNOWN STEP	2026-08-15T10:53:39.5596010Z   GITHUB_REPO_NAME: handshake-project-dynamo/dynamo-1573c1a-data-querying-and-databases
review / pass2	UNKNOWN STEP	2026-08-15T10:53:39.5596274Z   pythonLocation: /opt/hostedtoolcache/Python/3.11.14/x64
review / pass2	UNKNOWN STEP	2026-08-15T10:53:39.5596504Z   PKG_CONFIG_PATH: /opt/hostedtoolcache/Python/3.11.14/x64/lib/pkgconfig
review / pass2	UNKNOWN STEP	2026-08-15T10:53:39.5596733Z   Python_ROOT_DIR: /opt/hostedtoolcache/Python/3.11.14/x64
review / pass2	UNKNOWN STEP	2026-08-15T10:53:39.5596943Z   Python2_ROOT_DIR: /opt/hostedtoolcache/Python/3.11.14/x64
review / pass2	UNKNOWN STEP	2026-08-15T10:53:39.5597149Z   Python3_ROOT_DIR: /opt/hostedtoolcache/Python/3.11.14/x64
review / pass2	UNKNOWN STEP	2026-08-15T10:53:39.5597361Z   LD_LIBRARY_PATH: /opt/hostedtoolcache/Python/3.11.14/x64/lib
review / pass2	UNKNOWN STEP	2026-08-15T10:53:39.5597562Z   UV_CACHE_DIR: /home/runner/_work/_temp/setup-uv-cache
review / pass2	UNKNOWN STEP	2026-08-15T10:53:39.5597729Z ##[endgroup]
review / pass2	UNKNOWN STEP	2026-08-15T10:53:39.5634397Z ##[error]pass@2: no valid agent failure (0 of 2 runs failed genuinely). pass@5 is skipped until the task produces >=1 valid fail. See the PR comment for the cause (too easy / task-verifier issue / env-infra error).
review / pass2	UNKNOWN STEP	2026-08-15T10:53:39.5638758Z ##[error]Process completed with exit code 1.
review / pass2	UNKNOWN STEP	2026-08-15T10:53:39.5662012Z ##[group]Run mkdir -p "$RUNNER_TEMP/stage-outputs"
review / pass2	UNKNOWN STEP	2026-08-15T10:53:39.5662256Z ^[[36;1mmkdir -p "$RUNNER_TEMP/stage-outputs"^[[0m
review / pass2	UNKNOWN STEP	2026-08-15T10:53:39.5662481Z ^[[36;1mjq -n --arg valid "${VALID:-0}" --arg proceed "${PROCEED:-false}" \^[[0m
review / pass2	UNKNOWN STEP	2026-08-15T10:53:39.5662786Z ^[[36;1m      --arg infra_only "${INFRA_ONLY:-false}" --arg origin_run_id "$GITHUB_RUN_ID" \^[[0m
review / pass2	UNKNOWN STEP	2026-08-15T10:53:39.5663104Z ^[[36;1m  '{valid: $valid, proceed: $proceed, infra_only: $infra_only, origin_run_id: $origin_run_id}' \^[[0m
review / pass2	UNKNOWN STEP	2026-08-15T10:53:39.5663380Z ^[[36;1m  > "$RUNNER_TEMP/stage-outputs/pass2-outputs.json"^[[0m
review / pass2	UNKNOWN STEP	2026-08-15T10:53:39.5675515Z shell: /usr/bin/bash -e {0}
review / pass2	UNKNOWN STEP	2026-08-15T10:53:39.5675673Z env:
review / pass2	UNKNOWN STEP	2026-08-15T10:53:39.5676780Z   GH_TOKEN: ***
review / pass2	UNKNOWN STEP	2026-08-15T10:53:39.5676980Z   REPO: handshake-project-dynamo/dynamo-1573c1a-data-querying-and-databases
review / pass2	UNKNOWN STEP	2026-08-15T10:53:39.5677200Z   PR_NUMBER: 5
review / pass2	UNKNOWN STEP	2026-08-15T10:53:39.5677331Z   BLACKSMITH_RUNNER_MESSAGE_WAIT_MS: 924
review / pass2	UNKNOWN STEP	2026-08-15T10:53:39.5677511Z   BLACKSMITH_RUNNER_ACQUIRE_JOB_MS: 1234
review / pass2	UNKNOWN STEP	2026-08-15T10:53:39.5677743Z   GITHUB_REPO_NAME: handshake-project-dynamo/dynamo-1573c1a-data-querying-and-databases
review / pass2	UNKNOWN STEP	2026-08-15T10:53:39.5678175Z   pythonLocation: /opt/hostedtoolcache/Python/3.11.14/x64
review / pass2	UNKNOWN STEP	2026-08-15T10:53:39.5678413Z   PKG_CONFIG_PATH: /opt/hostedtoolcache/Python/3.11.14/x64/lib/pkgconfig
review / pass2	UNKNOWN STEP	2026-08-15T10:53:39.5678670Z   Python_ROOT_DIR: /opt/hostedtoolcache/Python/3.11.14/x64
review / pass2	UNKNOWN STEP	2026-08-15T10:53:39.5678877Z   Python2_ROOT_DIR: /opt/hostedtoolcache/Python/3.11.14/x64
review / pass2	UNKNOWN STEP	2026-08-15T10:53:39.5679082Z   Python3_ROOT_DIR: /opt/hostedtoolcache/Python/3.11.14/x64
review / pass2	UNKNOWN STEP	2026-08-15T10:53:39.5679289Z   LD_LIBRARY_PATH: /opt/hostedtoolcache/Python/3.11.14/x64/lib
review / pass2	UNKNOWN STEP	2026-08-15T10:53:39.5679487Z   UV_CACHE_DIR: /home/runner/_work/_temp/setup-uv-cache
review / pass2	UNKNOWN STEP	2026-08-15T10:53:39.5679654Z   VALID: 0
review / pass2	UNKNOWN STEP	2026-08-15T10:53:39.5679764Z   PROCEED: false
review / pass2	UNKNOWN STEP	2026-08-15T10:53:39.5679885Z   INFRA_ONLY: false
review / pass2	UNKNOWN STEP	2026-08-15T10:53:39.5680004Z ##[endgroup]
review / pass2	UNKNOWN STEP	2026-08-15T10:53:39.5747821Z Node 20 is being deprecated. This workflow is running with Node 24 by default. If you need to temporarily use Node 20, you can set the ACTIONS_ALLOW_USE_UNSECURE_NODE_VERSION=true environment variable. For more information see: https://github.blog/changelog/2025-09-19-deprecation-of-node-20-on-github-actions-runners/
review / pass2	UNKNOWN STEP	2026-08-15T10:53:39.5748575Z ##[group]Run actions/upload-artifact@ea165f8d65b6e75b540449e92b4886f43607fa02
review / pass2	UNKNOWN STEP	2026-08-15T10:53:39.5748789Z with:
review / pass2	UNKNOWN STEP	2026-08-15T10:53:39.5748911Z   name: stage-outputs-pass2
review / pass2	UNKNOWN STEP	2026-08-15T10:53:39.5749105Z   path: /home/runner/_work/_temp/stage-outputs/pass2-outputs.json
review / pass2	UNKNOWN STEP	2026-08-15T10:53:39.5749305Z   if-no-files-found: warn
review / pass2	UNKNOWN STEP	2026-08-15T10:53:39.5749443Z   compression-level: 6
review / pass2	UNKNOWN STEP	2026-08-15T10:53:39.5749573Z   overwrite: false
review / pass2	UNKNOWN STEP	2026-08-15T10:53:39.5749705Z   include-hidden-files: false
review / pass2	UNKNOWN STEP	2026-08-15T10:53:39.5749843Z env:
review / pass2	UNKNOWN STEP	2026-08-15T10:53:39.5750941Z   GH_TOKEN: ***
review / pass2	UNKNOWN STEP	2026-08-15T10:53:39.5751151Z   REPO: handshake-project-dynamo/dynamo-1573c1a-data-querying-and-databases
review / pass2	UNKNOWN STEP	2026-08-15T10:53:39.5751371Z   PR_NUMBER: 5
review / pass2	UNKNOWN STEP	2026-08-15T10:53:39.5751498Z   BLACKSMITH_RUNNER_MESSAGE_WAIT_MS: 924
review / pass2	UNKNOWN STEP	2026-08-15T10:53:39.5751666Z   BLACKSMITH_RUNNER_ACQUIRE_JOB_MS: 1234
review / pass2	UNKNOWN STEP	2026-08-15T10:53:39.5751909Z   GITHUB_REPO_NAME: handshake-project-dynamo/dynamo-1573c1a-data-querying-and-databases
review / pass2	UNKNOWN STEP	2026-08-15T10:53:39.5752180Z   pythonLocation: /opt/hostedtoolcache/Python/3.11.14/x64
review / pass2	UNKNOWN STEP	2026-08-15T10:53:39.5752412Z   PKG_CONFIG_PATH: /opt/hostedtoolcache/Python/3.11.14/x64/lib/pkgconfig
review / pass2	UNKNOWN STEP	2026-08-15T10:53:39.5752647Z   Python_ROOT_DIR: /opt/hostedtoolcache/Python/3.11.14/x64
review / pass2	UNKNOWN STEP	2026-08-15T10:53:39.5752855Z   Python2_ROOT_DIR: /opt/hostedtoolcache/Python/3.11.14/x64
review / pass2	UNKNOWN STEP	2026-08-15T10:53:39.5753068Z   Python3_ROOT_DIR: /opt/hostedtoolcache/Python/3.11.14/x64
review / pass2	UNKNOWN STEP	2026-08-15T10:53:39.5753285Z   LD_LIBRARY_PATH: /opt/hostedtoolcache/Python/3.11.14/x64/lib
review / pass2	UNKNOWN STEP	2026-08-15T10:53:39.5753495Z   UV_CACHE_DIR: /home/runner/_work/_temp/setup-uv-cache
review / pass2	UNKNOWN STEP	2026-08-15T10:53:39.5753668Z ##[endgroup]
review / pass2	UNKNOWN STEP	2026-08-15T10:53:39.6563166Z (node:10778) [DEP0040] DeprecationWarning: The `punycode` module is deprecated. Please use a userland alternative instead.
review / pass2	UNKNOWN STEP	2026-08-15T10:53:39.6563710Z (Use `node --trace-deprecation ...` to show where the warning was created)
review / pass2	UNKNOWN STEP	2026-08-15T10:53:39.6587816Z With the provided path, there will be 1 file uploaded
review / pass2	UNKNOWN STEP	2026-08-15T10:53:39.6590722Z Artifact name is valid!
review / pass2	UNKNOWN STEP	2026-08-15T10:53:39.6591720Z Root directory input is valid!
review / pass2	UNKNOWN STEP	2026-08-15T10:53:39.9353762Z Beginning upload of artifact content to blob storage
review / pass2	UNKNOWN STEP	2026-08-15T10:53:39.9474168Z (node:10778) [DEP0169] DeprecationWarning: `url.parse()` behavior is not standardized and prone to errors that have security implications. Use the WHATWG URL API instead. CVEs are not issued for `url.parse()` vulnerabilities.
review / pass2	UNKNOWN STEP	2026-08-15T10:53:40.1389388Z Uploaded bytes 225
review / pass2	UNKNOWN STEP	2026-08-15T10:53:40.1927364Z Finished uploading artifact content to blob storage!
review / pass2	UNKNOWN STEP	2026-08-15T10:53:40.1927736Z SHA256 digest of uploaded artifact zip is 66ef08c0ff693db83f042e5fd388da700d039da37855a42726820d7edb49ea9f
review / pass2	UNKNOWN STEP	2026-08-15T10:53:40.1929124Z Finalizing artifact upload
review / pass2	UNKNOWN STEP	2026-08-15T10:53:40.5219212Z Artifact stage-outputs-pass2.zip successfully finalized. Artifact ID 9245921124
review / pass2	UNKNOWN STEP	2026-08-15T10:53:40.5219971Z Artifact stage-outputs-pass2 has been successfully uploaded! Final size is 225 bytes. Artifact ID is 9245921124
review / pass2	UNKNOWN STEP	2026-08-15T10:53:40.5223363Z Artifact download URL: https://github.com/handshake-project-dynamo/dynamo-1573c1a-data-querying-and-databases/actions/runs/31879562031/artifacts/9245921124
review / pass2	UNKNOWN STEP	2026-08-15T10:53:40.5284361Z ##[group]Run .dynamo/report-unhandled.sh
review / pass2	UNKNOWN STEP	2026-08-15T10:53:40.5284568Z ^[[36;1m.dynamo/report-unhandled.sh^[[0m
review / pass2	UNKNOWN STEP	2026-08-15T10:53:40.5301589Z shell: /usr/bin/bash -e {0}
review / pass2	UNKNOWN STEP	2026-08-15T10:53:40.5301736Z env:
review / pass2	UNKNOWN STEP	2026-08-15T10:53:40.5302876Z   GH_TOKEN: ***
review / pass2	UNKNOWN STEP	2026-08-15T10:53:40.5303072Z   REPO: handshake-project-dynamo/dynamo-1573c1a-data-querying-and-databases
review / pass2	UNKNOWN STEP	2026-08-15T10:53:40.5303295Z   PR_NUMBER: 5
review / pass2	UNKNOWN STEP	2026-08-15T10:53:40.5303424Z   BLACKSMITH_RUNNER_MESSAGE_WAIT_MS: 924
review / pass2	UNKNOWN STEP	2026-08-15T10:53:40.5303587Z   BLACKSMITH_RUNNER_ACQUIRE_JOB_MS: 1234
review / pass2	UNKNOWN STEP	2026-08-15T10:53:40.5303817Z   GITHUB_REPO_NAME: handshake-project-dynamo/dynamo-1573c1a-data-querying-and-databases
review / pass2	UNKNOWN STEP	2026-08-15T10:53:40.5304096Z   pythonLocation: /opt/hostedtoolcache/Python/3.11.14/x64
review / pass2	UNKNOWN STEP	2026-08-15T10:53:40.5304333Z   PKG_CONFIG_PATH: /opt/hostedtoolcache/Python/3.11.14/x64/lib/pkgconfig
review / pass2	UNKNOWN STEP	2026-08-15T10:53:40.5304568Z   Python_ROOT_DIR: /opt/hostedtoolcache/Python/3.11.14/x64
review / pass2	UNKNOWN STEP	2026-08-15T10:53:40.5304798Z   Python2_ROOT_DIR: /opt/hostedtoolcache/Python/3.11.14/x64
review / pass2	UNKNOWN STEP	2026-08-15T10:53:40.5305008Z   Python3_ROOT_DIR: /opt/hostedtoolcache/Python/3.11.14/x64
review / pass2	UNKNOWN STEP	2026-08-15T10:53:40.5305224Z   LD_LIBRARY_PATH: /opt/hostedtoolcache/Python/3.11.14/x64/lib
review / pass2	UNKNOWN STEP	2026-08-15T10:53:40.5305431Z   UV_CACHE_DIR: /home/runner/_work/_temp/setup-uv-cache
review / pass2	UNKNOWN STEP	2026-08-15T10:53:40.5305715Z   DYNAMO_TASK_SIMILARITY_API_TOKEN: ***
review / pass2	UNKNOWN STEP	2026-08-15T10:53:40.5305934Z   DYNAMO_CHECKS_TOKEN: ***
review / pass2	UNKNOWN STEP	2026-08-15T10:53:40.5306071Z ##[endgroup]
review / pass2	UNKNOWN STEP	2026-08-15T10:53:41.1426829Z note: verdict at "Completion gate (red-X + skip pass@5 unless >=1 valid fail)" — the gate already told the PR; not reported.
review / pass2	UNKNOWN STEP	2026-08-15T10:53:41.1484096Z Post job cleanup.
review / pass2	UNKNOWN STEP	2026-08-15T10:53:41.1919478Z [command]/usr/local/bin/git version
review / pass2	UNKNOWN STEP	2026-08-15T10:53:41.1949556Z git version 2.52.0
review / pass2	UNKNOWN STEP	2026-08-15T10:53:41.1965635Z Temporarily overriding HOME='/home/runner/_work/_temp/c9d81716-63e6-4993-8767-da246756023d' before making global git config changes
review / pass2	UNKNOWN STEP	2026-08-15T10:53:41.1966331Z Adding repository directory to the temporary git global config as a safe directory
review / pass2	UNKNOWN STEP	2026-08-15T10:53:41.1969542Z [command]/usr/local/bin/git config --global --add safe.directory /home/runner/_work/dynamo-1573c1a-data-querying-and-databases/dynamo-1573c1a-data-querying-and-databases/submission
review / pass2	UNKNOWN STEP	2026-08-15T10:53:41.1996783Z Removing SSH command configuration
review / pass2	UNKNOWN STEP	2026-08-15T10:53:41.1997102Z [command]/usr/local/bin/git config --local --name-only --get-regexp core\.sshCommand
review / pass2	UNKNOWN STEP	2026-08-15T10:53:41.2014364Z [command]/usr/local/bin/git submodule foreach --recursive sh -c "git config --local --name-only --get-regexp 'core\.sshCommand' && git config --local --unset-all 'core.sshCommand' || :"
review / pass2	UNKNOWN STEP	2026-08-15T10:53:41.2112519Z Removing HTTP extra header
review / pass2	UNKNOWN STEP	2026-08-15T10:53:41.2118235Z [command]/usr/local/bin/git config --local --name-only --get-regexp http\.https\:\/\/github\.com\/\.extraheader
review / pass2	UNKNOWN STEP	2026-08-15T10:53:41.2135520Z [command]/usr/local/bin/git submodule foreach --recursive sh -c "git config --local --name-only --get-regexp 'http\.https\:\/\/github\.com\/\.extraheader' && git config --local --unset-all 'http.https://github.com/.extraheader' || :"
review / pass2	UNKNOWN STEP	2026-08-15T10:53:41.2223829Z Removing includeIf entries pointing to credentials config files
review / pass2	UNKNOWN STEP	2026-08-15T10:53:41.2228116Z [command]/usr/local/bin/git config --local --name-only --get-regexp ^includeIf\.gitdir:
review / pass2	UNKNOWN STEP	2026-08-15T10:53:41.2245415Z [command]/usr/local/bin/git submodule foreach --recursive git config --local --show-origin --name-only --get-regexp remote.origin.url
review / pass2	UNKNOWN STEP	2026-08-15T10:53:41.2408218Z Node 20 is being deprecated. This workflow is running with Node 24 by default. If you need to temporarily use Node 20, you can set the ACTIONS_ALLOW_USE_UNSECURE_NODE_VERSION=true environment variable. For more information see: https://github.blog/changelog/2025-09-19-deprecation-of-node-20-on-github-actions-runners/
review / pass2	UNKNOWN STEP	2026-08-15T10:53:41.2408993Z Post job cleanup.
review / pass2	UNKNOWN STEP	2026-08-15T10:53:41.2834781Z [command]/usr/local/bin/git version
review / pass2	UNKNOWN STEP	2026-08-15T10:53:41.2862441Z git version 2.52.0
review / pass2	UNKNOWN STEP	2026-08-15T10:53:41.2882229Z Temporarily overriding HOME='/home/runner/_work/_temp/ab6941f0-f70a-4049-9e37-616c81e4dd35' before making global git config changes
review / pass2	UNKNOWN STEP	2026-08-15T10:53:41.2882716Z Adding repository directory to the temporary git global config as a safe directory
review / pass2	UNKNOWN STEP	2026-08-15T10:53:41.2885610Z [command]/usr/local/bin/git config --global --add safe.directory /home/runner/_work/dynamo-1573c1a-data-querying-and-databases/dynamo-1573c1a-data-querying-and-databases
review / pass2	UNKNOWN STEP	2026-08-15T10:53:41.2910096Z [command]/usr/local/bin/git config --local --name-only --get-regexp core\.sshCommand
review / pass2	UNKNOWN STEP	2026-08-15T10:53:41.2929504Z [command]/usr/local/bin/git submodule foreach --recursive sh -c "git config --local --name-only --get-regexp 'core\.sshCommand' && git config --local --unset-all 'core.sshCommand' || :"
review / pass2	UNKNOWN STEP	2026-08-15T10:53:41.3034263Z [command]/usr/local/bin/git config --local --name-only --get-regexp http\.https\:\/\/github\.com\/\.extraheader
review / pass2	UNKNOWN STEP	2026-08-15T10:53:41.3049441Z http.https://github.com/.extraheader
review / pass2	UNKNOWN STEP	2026-08-15T10:53:41.3056373Z [command]/usr/local/bin/git config --local --unset-all http.https://github.com/.extraheader
review / pass2	UNKNOWN STEP	2026-08-15T10:53:41.3077637Z [command]/usr/local/bin/git submodule foreach --recursive sh -c "git config --local --name-only --get-regexp 'http\.https\:\/\/github\.com\/\.extraheader' && git config --local --unset-all 'http.https://github.com/.extraheader' || :"
review / pass2	UNKNOWN STEP	2026-08-15T10:53:41.3184772Z [command]/usr/local/bin/git config --local --name-only --get-regexp ^includeIf\.gitdir:
review / pass2	UNKNOWN STEP	2026-08-15T10:53:41.3202250Z [command]/usr/local/bin/git submodule foreach --recursive git config --local --show-origin --name-only --get-regexp remote.origin.url
review / pass2	UNKNOWN STEP	2026-08-15T10:53:41.3367218Z A job completed hook has been configured by the self-hosted runner administrator
review / pass2	UNKNOWN STEP	2026-08-15T10:53:41.3390354Z ##[group]Run '/job_completed.sh'
review / pass2	UNKNOWN STEP	2026-08-15T10:53:41.3401670Z shell: /usr/bin/bash --noprofile --norc -e -o pipefail {0}
review / pass2	UNKNOWN STEP	2026-08-15T10:53:41.3401864Z env:
review / pass2	UNKNOWN STEP	2026-08-15T10:53:41.3401992Z   BLACKSMITH_RUNNER_MESSAGE_WAIT_MS: 924
review / pass2	UNKNOWN STEP	2026-08-15T10:53:41.3402162Z   BLACKSMITH_RUNNER_ACQUIRE_JOB_MS: 1234
review / pass2	UNKNOWN STEP	2026-08-15T10:53:41.3402322Z ##[endgroup]
review / pass2	UNKNOWN STEP	2026-08-15T10:53:41.3485112Z Docker container caching not enabled, skipping hash computation.
review / pass2	UNKNOWN STEP	2026-08-15T10:53:41.3532650Z No active SSH sessions detected. Proceeding with shutdown immediately.
review / pass2	UNKNOWN STEP	2026-08-15T10:53:41.3576179Z Evaluate and set job outputs
review / pass2	UNKNOWN STEP	2026-08-15T10:53:41.3580403Z Set output 'valid'
review / pass2	UNKNOWN STEP	2026-08-15T10:53:41.3581594Z Set output 'proceed'
review / pass2	UNKNOWN STEP	2026-08-15T10:53:41.3582092Z Set output 'infra_only'
review / pass2	UNKNOWN STEP	2026-08-15T10:53:41.3582506Z Cleaning up orphan processes
review / pass2	UNKNOWN STEP	2026-08-15T10:53:41.3817502Z ##[warning]Node.js 20 is deprecated. The following actions target Node.js 20 but are being forced to run on Node.js 24: actions/checkout@11d5960a326750d5838078e36cf38b85af677262, actions/setup-python@a26af69be951a213d495a4c3e4e4022e16d87065, actions/upload-artifact@ea165f8d65b6e75b540449e92b4886f43607fa02, astral-sh/setup-uv@38f3f104447c67c051c4a08e39b64a148898af3a, marocchino/sticky-pull-request-comment@773744901bac0e8cbb5a0dc842800d45e9b2b405. For more information see: https://github.blog/changelog/2025-09-19-deprecation-of-node-20-on-github-actions-runners/
review / gate	UNKNOWN STEP	﻿2026-08-15T10:54:18.5048092Z Current runner version: '2.336.0'
review / gate	UNKNOWN STEP	2026-08-15T10:54:18.5053185Z Runner name: 'blacksmith-scale1-01m02gxfvdvr4q8qm93x1zndxa-2vcpu'
review / gate	UNKNOWN STEP	2026-08-15T10:54:18.5054139Z Runner group name: 'blacksmith runners 01kyaj49yqtkmevmxapsvtx542'
review / gate	UNKNOWN STEP	2026-08-15T10:54:18.5055342Z Machine name: 'ip-172-31-64-123'
review / gate	UNKNOWN STEP	2026-08-15T10:54:18.5057716Z ##[group]GITHUB_TOKEN Permissions
review / gate	UNKNOWN STEP	2026-08-15T10:54:18.5059396Z Contents: read
review / gate	UNKNOWN STEP	2026-08-15T10:54:18.5059947Z Metadata: read
review / gate	UNKNOWN STEP	2026-08-15T10:54:18.5060460Z PullRequests: write
review / gate	UNKNOWN STEP	2026-08-15T10:54:18.5060940Z ##[endgroup]
review / gate	UNKNOWN STEP	2026-08-15T10:54:18.5062893Z Secret source: Actions
review / gate	UNKNOWN STEP	2026-08-15T10:54:18.5063828Z Prepare workflow directory
review / gate	UNKNOWN STEP	2026-08-15T10:54:18.5297918Z Prepare all required actions
review / gate	UNKNOWN STEP	2026-08-15T10:54:18.5317924Z Setting BLACKSMITH_ACTIONS_RESULTS_URL to https://results-receiver.actions.githubusercontent.com/
review / gate	UNKNOWN STEP	2026-08-15T10:54:18.5362462Z Uses: handshake-project-dynamo/handshake-orchestration-tb2/.github/workflows/dynamo-review.yml@refs/heads/main (623a2dbaae6fffe4e0cfe4e975c4442ae8ea3116)
review / gate	UNKNOWN STEP	2026-08-15T10:54:18.5365517Z ##[group] Inputs
review / gate	UNKNOWN STEP	2026-08-15T10:54:18.5365934Z   checks_ref: main
review / gate	UNKNOWN STEP	2026-08-15T10:54:18.5366347Z ##[endgroup]
review / gate	UNKNOWN STEP	2026-08-15T10:54:18.5366709Z Complete job name: review / gate
review / gate	UNKNOWN STEP	2026-08-15T10:54:18.5733631Z A job started hook has been configured by the self-hosted runner administrator
review / gate	UNKNOWN STEP	2026-08-15T10:54:18.6067466Z ##[group]Run '/setup.sh'
review / gate	UNKNOWN STEP	2026-08-15T10:54:18.6087026Z shell: /usr/bin/bash --noprofile --norc -e -o pipefail {0}
review / gate	UNKNOWN STEP	2026-08-15T10:54:18.6087503Z env:
review / gate	UNKNOWN STEP	2026-08-15T10:54:18.6087751Z   BLACKSMITH_RUNNER_MESSAGE_WAIT_MS: 1683
review / gate	UNKNOWN STEP	2026-08-15T10:54:18.6088072Z   BLACKSMITH_RUNNER_ACQUIRE_JOB_MS: 1186
review / gate	UNKNOWN STEP	2026-08-15T10:54:18.6088365Z ##[endgroup]
review / gate	UNKNOWN STEP	2026-08-15T10:54:18.6490482Z Logging daemon started (blacksmithd for logs)
review / gate	UNKNOWN STEP	2026-08-15T10:54:18.6568631Z Results daemon started (blacksmithd for results)
review / gate	UNKNOWN STEP	2026-08-15T10:54:18.6760024Z Background adoption and SSH setup started (PID: 3508)
review / gate	UNKNOWN STEP	2026-08-15T10:54:18.6760633Z 
review / gate	UNKNOWN STEP	2026-08-15T10:54:18.6760791Z ----------------------------------------
review / gate	UNKNOWN STEP	2026-08-15T10:54:18.6863537Z View this job: https://app.blacksmith.sh/handshake-project-dynamo/runs/31879562031/jobs/95002668330
review / gate	UNKNOWN STEP	2026-08-15T10:54:18.6865019Z SSH Access (using your GitHub SSH key):
review / gate	UNKNOWN STEP	2026-08-15T10:54:18.6865891Z   ssh -p 64015 runner@blacksmith-scale1-01m02gxfvdvr4q8qm93x1zndxa-2vcpu.vm.blacksmith.sh
review / gate	UNKNOWN STEP	2026-08-15T10:54:18.6866474Z 
review / gate	UNKNOWN STEP	2026-08-15T10:54:18.6866664Z No GitHub SSH key? Add one at:
review / gate	UNKNOWN STEP	2026-08-15T10:54:18.6867655Z https://docs.github.com/en/authentication/connecting-to-github-with-ssh/adding-a-new-ssh-key-to-your-github-account
review / gate	UNKNOWN STEP	2026-08-15T10:54:18.6868375Z 
review / gate	UNKNOWN STEP	2026-08-15T10:54:18.6868552Z ----------------------------------------
review / gate	UNKNOWN STEP	2026-08-15T10:54:18.6868848Z 
review / gate	UNKNOWN STEP	2026-08-15T10:54:18.6869100Z VM ID: blacksmith-scale1-01m02gxfvdvr4q8qm93x1zndxa-2vcpu
review / gate	UNKNOWN STEP	2026-08-15T10:54:18.6869655Z Host: production-192.240.247.165-x8664
review / gate	UNKNOWN STEP	2026-08-15T10:54:18.6870100Z Host Agent PID: 103391
review / gate	UNKNOWN STEP	2026-08-15T10:54:18.6870472Z Agent Process Count: 1
review / gate	UNKNOWN STEP	2026-08-15T10:54:18.6870866Z Host Agent Git SHA: 1dcca3f2
review / gate	UNKNOWN STEP	2026-08-15T10:54:18.6871285Z Host CPU Manufacturer: AuthenticAMD
review / gate	UNKNOWN STEP	2026-08-15T10:54:18.6871749Z Blacksmith Host Generation: gen 2
review / gate	UNKNOWN STEP	2026-08-15T10:54:18.6872220Z Petname: production-sound-hookworm-16703e5c
review / gate	UNKNOWN STEP	2026-08-15T10:54:18.6872691Z Region: us-west
review / gate	UNKNOWN STEP	2026-08-15T10:54:18.6873068Z Rootfs Version: ubuntu24-full-x64-012126
review / gate	UNKNOWN STEP	2026-08-15T10:54:18.6889886Z OS Version: Ubuntu 24.04.3 LTS
review / gate	UNKNOWN STEP	2026-08-15T10:54:18.7002698Z System Statistics:
review / gate	UNKNOWN STEP	2026-08-15T10:54:18.7009665Z -----------------
review / gate	UNKNOWN STEP	2026-08-15T10:54:18.7027440Z VM CPU Count: 3
review / gate	UNKNOWN STEP	2026-08-15T10:54:18.7035033Z 
review / gate	UNKNOWN STEP	2026-08-15T10:54:18.7035200Z Jobs by Process ID:
review / gate	UNKNOWN STEP	2026-08-15T10:54:18.7035615Z -----------------
review / gate	UNKNOWN STEP	2026-08-15T10:54:18.7035856Z PID 103391: 14 jobs
review / gate	UNKNOWN STEP	2026-08-15T10:54:18.7037291Z Total: 14 jobs across 1 process
review / gate	UNKNOWN STEP	2026-08-15T10:54:18.7037479Z 
review / gate	UNKNOWN STEP	2026-08-15T10:54:18.7037579Z Devices by Process ID:
review / gate	UNKNOWN STEP	2026-08-15T10:54:18.7037813Z -----------------
review / gate	UNKNOWN STEP	2026-08-15T10:54:18.7038082Z PID 103391: 14 devices
review / gate	UNKNOWN STEP	2026-08-15T10:54:18.7038324Z Total: 14 devices across 1 process
review / gate	UNKNOWN STEP	2026-08-15T10:54:18.7038606Z Enabling Blacksmith transparent cache
review / gate	UNKNOWN STEP	2026-08-15T10:54:18.7299001Z ##[group]Run R='success'; S='success'; DR='skipped'; AR='skipped'
review / gate	UNKNOWN STEP	2026-08-15T10:54:18.7299555Z ^[[36;1mR='success'; S='success'; DR='skipped'; AR='skipped'^[[0m
review / gate	UNKNOWN STEP	2026-08-15T10:54:18.7299995Z ^[[36;1mV='success'; P='failure'; T='skipped'; QG='skipped'; T1='skipped'^[[0m
review / gate	UNKNOWN STEP	2026-08-15T10:54:18.7300481Z ^[[36;1mstage_ok() { # result run_flag — success, or skipped WITH sanction^[[0m
review / gate	UNKNOWN STEP	2026-08-15T10:54:18.7300944Z ^[[36;1m  [ "$1" = "success" ] || { [ "$1" = "skipped" ] && [ "$2" = "false" ]; }^[[0m
review / gate	UNKNOWN STEP	2026-08-15T10:54:18.7301294Z ^[[36;1m}^[[0m
review / gate	UNKNOWN STEP	2026-08-15T10:54:18.7301507Z ^[[36;1mALL_GREEN=true^[[0m
review / gate	UNKNOWN STEP	2026-08-15T10:54:18.7301812Z ^[[36;1mstage_ok "$R" "$RUN_REVIEW"      || ALL_GREEN=false^[[0m
review / gate	UNKNOWN STEP	2026-08-15T10:54:18.7302205Z ^[[36;1mstage_ok "$S" "$RUN_SIMILARITY"  || ALL_GREEN=false^[[0m
review / gate	UNKNOWN STEP	2026-08-15T10:54:18.7302594Z ^[[36;1mstage_ok "$V" "$RUN_VALIDATION"  || ALL_GREEN=false^[[0m
review / gate	UNKNOWN STEP	2026-08-15T10:54:18.7302981Z ^[[36;1mstage_ok "$P" "$RUN_PASS2"       || ALL_GREEN=false^[[0m
review / gate	UNKNOWN STEP	2026-08-15T10:54:18.7303402Z ^[[36;1mstage_ok "$T1" "$RUN_TIER1"      || ALL_GREEN=false^[[0m
review / gate	UNKNOWN STEP	2026-08-15T10:54:18.7303853Z ^[[36;1mstage_ok "$QG" "$RUN_QC"         || ALL_GREEN=false^[[0m
review / gate	UNKNOWN STEP	2026-08-15T10:54:18.7304227Z ^[[36;1mstage_ok "$DR" "$RUN_DEEP"       || ALL_GREEN=false^[[0m
review / gate	UNKNOWN STEP	2026-08-15T10:54:18.7304605Z ^[[36;1mstage_ok "$AR" "$RUN_AVA"        || ALL_GREEN=false^[[0m
review / gate	UNKNOWN STEP	2026-08-15T10:54:18.7304990Z ^[[36;1mstage_ok "$T" "$RUN_TRIALS"      || ALL_GREEN=false^[[0m
review / gate	UNKNOWN STEP	2026-08-15T10:54:18.7305338Z ^[[36;1mif [ "$ALL_GREEN" = true ]; then^[[0m
review / gate	UNKNOWN STEP	2026-08-15T10:54:18.7305773Z ^[[36;1m  ADD=accepted; RM=needs-revision; COLOR=0e8a16; DESC="Dynamo: all checks passed"^[[0m
review / gate	UNKNOWN STEP	2026-08-15T10:54:18.7306413Z ^[[36;1m  gh pr edit "$PR_NUMBER" --repo "$REPO" --remove-label "rework-submitted-on-red" 2>/dev/null || true^[[0m
review / gate	UNKNOWN STEP	2026-08-15T10:54:18.7306879Z ^[[36;1melse^[[0m
review / gate	UNKNOWN STEP	2026-08-15T10:54:18.7307267Z ^[[36;1m  ADD=needs-revision; RM=accepted; COLOR=d93f0b; DESC="Dynamo: one or more checks failed"^[[0m
review / gate	UNKNOWN STEP	2026-08-15T10:54:18.7307705Z ^[[36;1mfi^[[0m
review / gate	UNKNOWN STEP	2026-08-15T10:54:18.7308103Z ^[[36;1mgh label create "$ADD" --repo "$REPO" --color "$COLOR" --description "$DESC" 2>/dev/null || true^[[0m
review / gate	UNKNOWN STEP	2026-08-15T10:54:18.7308682Z ^[[36;1mgh pr edit "$PR_NUMBER" --repo "$REPO" --add-label "$ADD" 2>/dev/null || true^[[0m
review / gate	UNKNOWN STEP	2026-08-15T10:54:18.7309295Z ^[[36;1mgh pr edit "$PR_NUMBER" --repo "$REPO" --remove-label "$RM" --remove-label "in-progress" 2>/dev/null || true^[[0m
review / gate	UNKNOWN STEP	2026-08-15T10:54:18.7325766Z shell: /usr/bin/bash -e {0}
review / gate	UNKNOWN STEP	2026-08-15T10:54:18.7326043Z env:
review / gate	UNKNOWN STEP	2026-08-15T10:54:18.7326276Z   BLACKSMITH_RUNNER_MESSAGE_WAIT_MS: 1683
review / gate	UNKNOWN STEP	2026-08-15T10:54:18.7326584Z   BLACKSMITH_RUNNER_ACQUIRE_JOB_MS: 1186
review / gate	UNKNOWN STEP	2026-08-15T10:54:18.7327026Z   GITHUB_REPO_NAME: handshake-project-dynamo/dynamo-1573c1a-data-querying-and-databases
review / gate	UNKNOWN STEP	2026-08-15T10:54:18.7329293Z   GH_TOKEN: ***
review / gate	UNKNOWN STEP	2026-08-15T10:54:18.7329634Z   REPO: handshake-project-dynamo/dynamo-1573c1a-data-querying-and-databases
review / gate	UNKNOWN STEP	2026-08-15T10:54:18.7330028Z   PR_NUMBER: 5
review / gate	UNKNOWN STEP	2026-08-15T10:54:18.7336250Z   RUN_REVIEW: true
review / gate	UNKNOWN STEP	2026-08-15T10:54:18.7336587Z   RUN_SIMILARITY: true
review / gate	UNKNOWN STEP	2026-08-15T10:54:18.7337461Z   RUN_VALIDATION: true
review / gate	UNKNOWN STEP	2026-08-15T10:54:18.7337705Z   RUN_PASS2: true
review / gate	UNKNOWN STEP	2026-08-15T10:54:18.7337919Z   RUN_TIER1: true
review / gate	UNKNOWN STEP	2026-08-15T10:54:18.7338135Z   RUN_QC: true
review / gate	UNKNOWN STEP	2026-08-15T10:54:18.7338342Z   RUN_DEEP: true
review / gate	UNKNOWN STEP	2026-08-15T10:54:18.7338556Z   RUN_AVA: true
review / gate	UNKNOWN STEP	2026-08-15T10:54:18.7338766Z   RUN_TRIALS: true
review / gate	UNKNOWN STEP	2026-08-15T10:54:18.7338983Z ##[endgroup]
review / gate	UNKNOWN STEP	2026-08-15T10:54:21.0545929Z https://github.com/handshake-project-dynamo/dynamo-1573c1a-data-querying-and-databases/pull/5
review / gate	UNKNOWN STEP	2026-08-15T10:54:21.9655522Z ##[group]Run R='success'; S='success'; DR='skipped'; AR='skipped'
review / gate	UNKNOWN STEP	2026-08-15T10:54:21.9655970Z ^[[36;1mR='success'; S='success'; DR='skipped'; AR='skipped'^[[0m
review / gate	UNKNOWN STEP	2026-08-15T10:54:21.9656305Z ^[[36;1mV='success'; P='failure'; T='skipped'; QG='skipped'; T1='skipped'^[[0m
review / gate	UNKNOWN STEP	2026-08-15T10:54:21.9656794Z ^[[36;1mecho "review=$R  similarity=$S  validation=$V  pass2=$P  tier1=$T1  qc_gate=$QG  deep_review=$DR  ava_review=$AR  trials=$T"^[[0m
review / gate	UNKNOWN STEP	2026-08-15T10:54:21.9657525Z ^[[36;1mecho "sanctioned: review=$RUN_REVIEW similarity=$RUN_SIMILARITY validation=$RUN_VALIDATION pass2=$RUN_PASS2 tier1=$RUN_TIER1 qc=$RUN_QC deep=$RUN_DEEP ava=$RUN_AVA trials=$RUN_TRIALS (run flags — 'false' = skip sanctioned)"^[[0m
review / gate	UNKNOWN STEP	2026-08-15T10:54:21.9658651Z ^[[36;1mstage_ok() { # result run_flag — success, or skipped WITH sanction^[[0m
review / gate	UNKNOWN STEP	2026-08-15T10:54:21.9659005Z ^[[36;1m  [ "$1" = "success" ] || { [ "$1" = "skipped" ] && [ "$2" = "false" ]; }^[[0m
review / gate	UNKNOWN STEP	2026-08-15T10:54:21.9659200Z ^[[36;1m}^[[0m
review / gate	UNKNOWN STEP	2026-08-15T10:54:21.9659393Z ^[[36;1mFAILED=""^[[0m
review / gate	UNKNOWN STEP	2026-08-15T10:54:21.9659637Z ^[[36;1mstage_ok "$R" "$RUN_REVIEW"      || FAILED="$FAILED review=$R"^[[0m
review / gate	UNKNOWN STEP	2026-08-15T10:54:21.9659974Z ^[[36;1mstage_ok "$S" "$RUN_SIMILARITY"  || FAILED="$FAILED similarity=$S"^[[0m
review / gate	UNKNOWN STEP	2026-08-15T10:54:21.9660318Z ^[[36;1mstage_ok "$V" "$RUN_VALIDATION"  || FAILED="$FAILED validation=$V"^[[0m
review / gate	UNKNOWN STEP	2026-08-15T10:54:21.9660590Z ^[[36;1mstage_ok "$P" "$RUN_PASS2"       || FAILED="$FAILED pass2=$P"^[[0m
review / gate	UNKNOWN STEP	2026-08-15T10:54:21.9660856Z ^[[36;1mstage_ok "$T1" "$RUN_TIER1"      || FAILED="$FAILED tier1=$T1"^[[0m
review / gate	UNKNOWN STEP	2026-08-15T10:54:21.9661261Z ^[[36;1mstage_ok "$QG" "$RUN_QC"         || FAILED="$FAILED qc_gate=$QG"^[[0m
review / gate	UNKNOWN STEP	2026-08-15T10:54:21.9661515Z ^[[36;1mstage_ok "$DR" "$RUN_DEEP"       || FAILED="$FAILED deep_review=$DR"^[[0m
review / gate	UNKNOWN STEP	2026-08-15T10:54:21.9661760Z ^[[36;1mstage_ok "$AR" "$RUN_AVA"        || FAILED="$FAILED ava_review=$AR"^[[0m
review / gate	UNKNOWN STEP	2026-08-15T10:54:21.9661999Z ^[[36;1mstage_ok "$T" "$RUN_TRIALS"      || FAILED="$FAILED trials=$T"^[[0m
review / gate	UNKNOWN STEP	2026-08-15T10:54:21.9662262Z ^[[36;1mif [ -n "$FAILED" ]; then^[[0m
review / gate	UNKNOWN STEP	2026-08-15T10:54:21.9662550Z ^[[36;1m  CANCELLED=false; ANY_STAGE_FAILURE=false^[[0m
review / gate	UNKNOWN STEP	2026-08-15T10:54:21.9662930Z ^[[36;1m  for RESULT in "$R" "$S" "$V" "$P" "$T1" "$QG" "$DR" "$AR" "$T"; do^[[0m
review / gate	UNKNOWN STEP	2026-08-15T10:54:21.9663217Z ^[[36;1m    [ "$RESULT" = "cancelled" ] && CANCELLED=true^[[0m
review / gate	UNKNOWN STEP	2026-08-15T10:54:21.9663532Z ^[[36;1m    [ "$RESULT" = "failure" ] && ANY_STAGE_FAILURE=true^[[0m
review / gate	UNKNOWN STEP	2026-08-15T10:54:21.9663913Z ^[[36;1m  done^[[0m
review / gate	UNKNOWN STEP	2026-08-15T10:54:21.9664186Z ^[[36;1m  # Rework advisory CI: on a trusted rework task with^[[0m
review / gate	UNKNOWN STEP	2026-08-15T10:54:21.9664833Z ^[[36;1m  # REWORK_CI_POLICY=advisory, a red pipeline no longer blocks the^[[0m
review / gate	UNKNOWN STEP	2026-08-15T10:54:21.9665238Z ^[[36;1m  # fellow's submission — the required check passes, while the^[[0m
review / gate	UNKNOWN STEP	2026-08-15T10:54:21.9665536Z ^[[36;1m  # verdict labels above stay honest (needs-revision + a distinct^[[0m
review / gate	UNKNOWN STEP	2026-08-15T10:54:21.9665856Z ^[[36;1m  # rework-submitted-on-red marker for downstream tooling). The^[[0m
review / gate	UNKNOWN STEP	2026-08-15T10:54:21.9666355Z ^[[36;1m  # failed stage keeps the RUN conclusion red, so this run can never^[[0m
review / gate	UNKNOWN STEP	2026-08-15T10:54:21.9666719Z ^[[36;1m  # sanction a future skip. STRICTLY "a check judged it red and the^[[0m
review / gate	UNKNOWN STEP	2026-08-15T10:54:21.9666969Z ^[[36;1m  # fellow submits anyway" — never "nothing ran, submit blind":^[[0m
review / gate	UNKNOWN STEP	2026-08-15T10:54:21.9667227Z ^[[36;1m  # the decision job must have succeeded and at least one monitored^[[0m
review / gate	UNKNOWN STEP	2026-08-15T10:54:21.9667488Z ^[[36;1m  # stage must have actually FAILED (an upstream collapse that only^[[0m
review / gate	UNKNOWN STEP	2026-08-15T10:54:21.9667752Z ^[[36;1m  # cascades unsanctioned skips stays blocking, as do cancellations).^[[0m
review / gate	UNKNOWN STEP	2026-08-15T10:54:21.9668020Z ^[[36;1m  if [ "$REWORK_ADVISORY" = "true" ] && [ "$CANCELLED" = "false" ] \^[[0m
review / gate	UNKNOWN STEP	2026-08-15T10:54:21.9668285Z ^[[36;1m    && [ "$CHANGES_RESULT" = "success" ] && [ "$ANY_STAGE_FAILURE" = "true" ]; then^[[0m
review / gate	UNKNOWN STEP	2026-08-15T10:54:21.9668711Z ^[[36;1m    echo "::warning::Pipeline not green —$FAILED — but this task is in rework and the policy is advisory CI: submission is allowed. Verdicts remain on the PR as labels."^[[0m
review / gate	UNKNOWN STEP	2026-08-15T10:54:21.9669816Z ^[[36;1m    gh label create "rework-submitted-on-red" --repo "$REPO" --color d93f0b --description "Rework submitted with failing checks (advisory CI)" 2>/dev/null || true^[[0m
review / gate	UNKNOWN STEP	2026-08-15T10:54:21.9670406Z ^[[36;1m    gh pr edit "$PR_NUMBER" --repo "$REPO" --add-label "rework-submitted-on-red" 2>/dev/null || true^[[0m
review / gate	UNKNOWN STEP	2026-08-15T10:54:21.9670659Z ^[[36;1m    exit 0^[[0m
review / gate	UNKNOWN STEP	2026-08-15T10:54:21.9670798Z ^[[36;1m  fi^[[0m
review / gate	UNKNOWN STEP	2026-08-15T10:54:21.9671069Z ^[[36;1m  echo "::error::Pipeline not green —$FAILED. PR is blocked (a Tier-1 HOLD blocks here until the required fixes are attempted)."^[[0m
review / gate	UNKNOWN STEP	2026-08-15T10:54:21.9671468Z ^[[36;1m  exit 1^[[0m
review / gate	UNKNOWN STEP	2026-08-15T10:54:21.9671590Z ^[[36;1mfi^[[0m
review / gate	UNKNOWN STEP	2026-08-15T10:54:21.9671770Z ^[[36;1mecho "All stages passed or were sanctioned-skipped — PR may merge."^[[0m
review / gate	UNKNOWN STEP	2026-08-15T10:54:21.9672057Z ^[[36;1m# No marker to persist: the skip authority is this run's own success^[[0m
review / gate	UNKNOWN STEP	2026-08-15T10:54:21.9672313Z ^[[36;1m# conclusion, read back via the Actions API by future `changes` jobs.^[[0m
review / gate	UNKNOWN STEP	2026-08-15T10:54:21.9693853Z shell: /usr/bin/bash -e {0}
review / gate	UNKNOWN STEP	2026-08-15T10:54:21.9694040Z env:
review / gate	UNKNOWN STEP	2026-08-15T10:54:21.9694202Z   BLACKSMITH_RUNNER_MESSAGE_WAIT_MS: 1683
review / gate	UNKNOWN STEP	2026-08-15T10:54:21.9694377Z   BLACKSMITH_RUNNER_ACQUIRE_JOB_MS: 1186
review / gate	UNKNOWN STEP	2026-08-15T10:54:21.9694633Z   GITHUB_REPO_NAME: handshake-project-dynamo/dynamo-1573c1a-data-querying-and-databases
review / gate	UNKNOWN STEP	2026-08-15T10:54:21.9696607Z   GH_TOKEN: ***
review / gate	UNKNOWN STEP	2026-08-15T10:54:21.9696810Z   REPO: handshake-project-dynamo/dynamo-1573c1a-data-querying-and-databases
review / gate	UNKNOWN STEP	2026-08-15T10:54:21.9697044Z   PR_NUMBER: 5
review / gate	UNKNOWN STEP	2026-08-15T10:54:21.9697204Z   REWORK_ADVISORY: false
review / gate	UNKNOWN STEP	2026-08-15T10:54:21.9697373Z   CHANGES_RESULT: success
review / gate	UNKNOWN STEP	2026-08-15T10:54:21.9697527Z   RUN_REVIEW: true
review / gate	UNKNOWN STEP	2026-08-15T10:54:21.9697672Z   RUN_SIMILARITY: true
review / gate	UNKNOWN STEP	2026-08-15T10:54:21.9697823Z   RUN_VALIDATION: true
review / gate	UNKNOWN STEP	2026-08-15T10:54:21.9697958Z   RUN_PASS2: true
review / gate	UNKNOWN STEP	2026-08-15T10:54:21.9698099Z   RUN_TIER1: true
review / gate	UNKNOWN STEP	2026-08-15T10:54:21.9698230Z   RUN_QC: true
review / gate	UNKNOWN STEP	2026-08-15T10:54:21.9698365Z   RUN_DEEP: true
review / gate	UNKNOWN STEP	2026-08-15T10:54:21.9698648Z   RUN_AVA: true
review / gate	UNKNOWN STEP	2026-08-15T10:54:21.9698782Z   RUN_TRIALS: true
review / gate	UNKNOWN STEP	2026-08-15T10:54:21.9698909Z ##[endgroup]
review / gate	UNKNOWN STEP	2026-08-15T10:54:21.9737883Z review=success  similarity=success  validation=success  pass2=failure  tier1=skipped  qc_gate=skipped  deep_review=skipped  ava_review=skipped  trials=skipped
review / gate	UNKNOWN STEP	2026-08-15T10:54:21.9808062Z sanctioned: review=true similarity=true validation=true pass2=true tier1=true qc=true deep=true ava=true trials=true (run flags — 'false' = skip sanctioned)
review / gate	UNKNOWN STEP	2026-08-15T10:54:21.9842712Z ##[error]Pipeline not green — pass2=failure tier1=skipped qc_gate=skipped deep_review=skipped ava_review=skipped trials=skipped. PR is blocked (a Tier-1 HOLD blocks here until the required fixes are attempted).
review / gate	UNKNOWN STEP	2026-08-15T10:54:21.9851736Z ##[error]Process completed with exit code 1.
review / gate	UNKNOWN STEP	2026-08-15T10:54:21.9893885Z A job completed hook has been configured by the self-hosted runner administrator
review / gate	UNKNOWN STEP	2026-08-15T10:54:21.9924593Z ##[group]Run '/job_completed.sh'
review / gate	UNKNOWN STEP	2026-08-15T10:54:21.9941492Z shell: /usr/bin/bash --noprofile --norc -e -o pipefail {0}
review / gate	UNKNOWN STEP	2026-08-15T10:54:21.9941715Z env:
review / gate	UNKNOWN STEP	2026-08-15T10:54:21.9941869Z   BLACKSMITH_RUNNER_MESSAGE_WAIT_MS: 1683
review / gate	UNKNOWN STEP	2026-08-15T10:54:21.9942038Z   BLACKSMITH_RUNNER_ACQUIRE_JOB_MS: 1186
review / gate	UNKNOWN STEP	2026-08-15T10:54:21.9942254Z ##[endgroup]
review / gate	UNKNOWN STEP	2026-08-15T10:54:22.0078981Z Docker container caching not enabled, skipping hash computation.
review / gate	UNKNOWN STEP	2026-08-15T10:54:22.0158735Z No active SSH sessions detected. Proceeding with shutdown immediately.
review / gate	UNKNOWN STEP	2026-08-15T10:54:22.0236259Z Cleaning up orphan processes
